date_booked,check_in,check_out,nights,room_type,booking_source,lead_time,occupancy_rate_at_booking,day_of_week,is_weekend,month,final_price
2024-08-14,2024-08-29,2024-09-02,4,Standard,booking.com,15,0.8435982676712164,3,0,8,141.44050258085704
2023-01-04,2023-02-08,2023-02-09,1,Suite,booking.com,35,0.8279337984075222,2,0,2,279.6107043500102
2024-06-02,2024-07-22,2024-07-29,7,Standard,booking.com,50,0.5333005169781933,0,0,7,159.22302564650255
2023-07-11,2023-08-26,2023-08-27,1,Deluxe,expedia,46,0.5292099824294804,5,1,8,290.2589104953632
2023-09-27,2023-12-08,2023-12-11,3,Deluxe,direct,72,0.5998762485248077,4,0,12,152.06202398577275
2023-12-01,2023-12-09,2023-12-11,2,Suite,expedia,8,0.9014217288689792,5,1,12,352.9167323286201
2024-06-26,2024-09-05,2024-09-10,5,Standard,airbnb,71,0.8857981847104773,3,0,9,63.529332825452784
2023-08-24,2023-09-22,2023-10-01,9,Standard,direct,29,0.7033730276954372,4,0,9,111.6631837538702
2024-10-18,2025-01-15,2025-01-20,5,Standard,expedia,89,0.5924689770844327,2,0,1,93.31292331163783
2023-02-14,2023-03-08,2023-03-14,6,Suite,direct,22,0.838971480354412,2,0,3,250.93762275534831
2023-02-21,2023-02-24,2023-02-26,2,Suite,airbnb,3,0.5390906968856025,4,0,2,405.33419465003317
2024-09-09,2024-11-22,2024-11-27,5,Standard,expedia,74,0.7097410296091484,4,0,11,73.90786085290615
2024-03-07,2024-04-01,2024-04-08,7,Deluxe,booking.com,25,0.9475856244809565,0,0,4,118.9024960640331
2024-06-25,2024-08-08,2024-08-15,7,Suite,direct,44,0.8068465770348867,3,0,8,312.2724922264568
2023-10-23,2023-11-24,2023-11-29,5,Standard,expedia,32,0.6920988830751258,4,0,11,104.95235498456087
2023-03-04,2023-04-25,2023-04-28,3,Deluxe,booking.com,52,0.9132356895355922,1,0,4,102.29922630836498
2023-11-02,2024-01-27,2024-01-31,4,Standard,direct,86,0.6424317123450629,5,1,1,113.48472927088119
2024-03-30,2024-06-27,2024-07-05,8,Suite,airbnb,89,0.626287902541746,3,0,6,288.3306550025939
2023-05-14,2023-05-15,2023-05-23,8,Deluxe,airbnb,1,0.7606358195756555,0,0,5,180.46276571340684
2023-04-23,2023-06-04,2023-06-07,3,Deluxe,booking.com,42,0.9217298789318724,6,1,6,221.31529156779683
2023-09-05,2023-11-06,2023-11-15,9,Standard,booking.com,62,0.6043177962036423,0,0,11,92.94971597723044
2023-04-11,2023-06-30,2023-07-01,1,Standard,booking.com,80,0.6880958527615486,4,0,6,115.37200356657698
2024-07-24,2024-09-07,2024-09-16,9,Standard,expedia,45,0.8038429860873539,5,1,9,88.84007371355565
2024-05-20,2024-06-06,2024-06-14,8,Standard,booking.com,17,0.5209051345097364,3,0,6,188.5912436151887
2023-10-16,2023-12-02,2023-12-09,7,Deluxe,expedia,47,0.8979702080890417,5,1,12,164.2652912488796
2023-07-16,2023-08-19,2023-08-21,2,Suite,airbnb,34,0.7644424014909525,5,1,8,425.89945294086647
2024-10-11,2024-12-07,2024-12-12,5,Suite,airbnb,57,0.8220236921761401,5,1,12,281.39423929373316
2024-03-28,2024-05-24,2024-05-29,5,Deluxe,booking.com,57,0.5203406924280816,4,0,5,159.21779461454798
2024-08-08,2024-10-24,2024-10-26,2,Standard,airbnb,77,0.8513918063187882,3,0,10,59.482549384604106
2024-07-19,2024-08-20,2024-08-27,7,Deluxe,booking.com,32,0.5221501840602022,1,0,8,264.63673564844737
2024-02-13,2024-04-09,2024-04-13,4,Deluxe,direct,56,0.8403521343629838,1,0,4,114.76217176267838
2024-12-04,2024-12-23,2024-12-24,1,Suite,booking.com,19,0.5913382334969894,0,0,12,359.0677290350242
2023-09-08,2023-09-21,2023-09-26,5,Standard,airbnb,13,0.5261099627456184,3,0,9,129.63377256194525
2024-04-09,2024-06-18,2024-06-23,5,Suite,airbnb,70,0.501635084721828,1,0,6,355.900622966582
2023-12-27,2024-03-21,2024-03-22,1,Standard,direct,85,0.6569127150221818,3,0,3,84.82672774556617
2024-07-07,2024-07-11,2024-07-15,4,Suite,booking.com,4,0.5143482659190427,3,0,7,502.8796462432983
2023-01-19,2023-04-13,2023-04-17,4,Deluxe,airbnb,84,0.8544556132379617,3,0,4,100.12103912330079
2024-02-02,2024-05-01,2024-05-04,3,Suite,booking.com,89,0.6829015492187829,2,0,5,158.163981492641
2023-01-24,2023-02-17,2023-02-24,7,Suite,expedia,24,0.7972640231850405,4,0,2,295.60678325813996
2024-01-04,2024-01-18,2024-01-25,7,Suite,direct,14,0.5261409108254642,3,0,1,386.1903566489842
2024-06-21,2024-08-11,2024-08-14,3,Deluxe,airbnb,51,0.5966719959273317,6,1,8,272.3479356055782
2024-10-15,2024-10-23,2024-10-29,6,Deluxe,booking.com,8,0.6137587314620804,2,0,10,183.54292557512096
2023-08-23,2023-09-13,2023-09-19,6,Suite,direct,21,0.7951227745148317,2,0,9,257.84548152863755
2023-04-30,2023-06-12,2023-06-19,7,Deluxe,direct,43,0.9424674195142573,0,0,6,180.18169958043228
2023-12-18,2024-02-03,2024-02-09,6,Suite,direct,47,0.8816624488770983,5,1,2,292.46097301256526
2023-03-05,2023-04-09,2023-04-17,8,Suite,booking.com,35,0.8976427327238086,6,1,4,264.57092006066824
2024-04-25,2024-05-23,2024-05-27,4,Deluxe,booking.com,28,0.8417444200483712,3,0,5,129.07786189702645
2024-01-02,2024-01-23,2024-01-28,5,Deluxe,airbnb,21,0.8398992871316525,1,0,1,158.3611218643776
2024-01-16,2024-03-05,2024-03-09,4,Suite,booking.com,49,0.7106238024451841,1,0,3,229.8486428002901
2023-02-25,2023-05-18,2023-05-25,7,Deluxe,booking.com,82,0.8523948856727692,3,0,5,86.97991165167012
2023-10-12,2023-11-11,2023-11-17,6,Standard,direct,30,0.9013873362274925,5,1,11,102.30194056697557
2024-11-03,2025-01-27,2025-01-30,3,Deluxe,airbnb,85,0.8650491068087183,0,0,1,101.63115383229342
2023-05-22,2023-06-02,2023-06-06,4,Deluxe,direct,11,0.5104649053560196,4,0,6,297.71233029332194
2024-12-28,2025-03-13,2025-03-21,8,Deluxe,booking.com,75,0.6285731640670665,3,0,3,121.04137997173306
2024-11-28,2024-12-27,2025-01-01,5,Deluxe,expedia,29,0.6758963932588513,4,0,12,187.23758842703307
2024-10-28,2024-11-25,2024-12-04,9,Suite,airbnb,28,0.5303754079709451,0,0,11,297.25056019177424
2024-03-23,2024-04-12,2024-04-20,8,Suite,booking.com,20,0.7509444070353504,4,0,4,267.42487012190094
2023-12-02,2024-02-29,2024-03-07,7,Suite,expedia,89,0.8517429911758949,3,0,2,157.16009752136148
2024-09-02,2024-10-11,2024-10-15,4,Suite,booking.com,39,0.5750968982697129,4,0,10,263.7150618543399
2024-10-28,2025-01-16,2025-01-22,6,Suite,booking.com,80,0.9331752671893696,3,0,1,186.2601969527169
2024-07-18,2024-09-19,2024-09-26,7,Deluxe,airbnb,63,0.8795030085952968,3,0,9,93.18942541320318
2023-09-30,2023-10-02,2023-10-08,6,Deluxe,direct,2,0.508926132756991,0,0,10,208.98005027233592
2024-12-18,2025-02-02,2025-02-07,5,Suite,airbnb,46,0.8772448322069969,6,1,2,282.01105974961604
2023-11-04,2024-01-04,2024-01-05,1,Suite,airbnb,61,0.7692556070717902,3,0,1,259.82193649385994
2024-09-29,2024-10-28,2024-10-29,1,Deluxe,booking.com,29,0.9042910943074969,0,0,10,141.56890430550618
2023-05-11,2023-07-20,2023-07-21,1,Suite,direct,70,0.8713504739905338,3,0,7,240.16660398725224
2023-04-03,2023-04-04,2023-04-13,9,Standard,booking.com,1,0.5750703696069958,1,0,4,133.6121408784418
2024-08-08,2024-08-13,2024-08-17,4,Deluxe,expedia,5,0.5105570644778139,1,0,8,324.63294776483724
2023-12-23,2024-01-06,2024-01-13,7,Standard,booking.com,14,0.7754182734155025,5,1,1,147.49844305830715
2023-12-20,2024-01-20,2024-01-24,4,Deluxe,expedia,31,0.7400719161162825,5,1,1,216.5527617910184
2023-03-25,2023-06-11,2023-06-20,9,Standard,booking.com,78,0.6146146167153366,6,1,6,131.84234118310863
2024-02-08,2024-03-18,2024-03-20,2,Suite,booking.com,39,0.8397285280393405,0,0,3,223.86265661602005
2023-03-07,2023-05-07,2023-05-13,6,Suite,booking.com,61,0.9218647609173934,6,1,5,196.2744599547224
2024-11-12,2024-12-25,2024-12-30,5,Deluxe,airbnb,43,0.9477195286354136,2,0,12,126.50796507447308
2024-05-10,2024-06-03,2024-06-12,9,Standard,booking.com,24,0.8995763813739939,0,0,6,125.82936572464028
2023-08-28,2023-09-10,2023-09-16,6,Standard,booking.com,13,0.937544971162831,6,1,9,116.95798387699077
2023-10-12,2023-11-30,2023-12-09,9,Suite,direct,49,0.6198724424059857,3,0,11,236.02003445622225
2024-04-09,2024-05-06,2024-05-13,7,Suite,expedia,27,0.6147396010642008,0,0,5,284.6025436572259
2024-03-05,2024-05-22,2024-05-23,1,Deluxe,direct,78,0.7584157605608325,2,0,5,99.88641900374864
2023-11-17,2024-01-27,2024-02-03,7,Suite,airbnb,71,0.7253345958100696,5,1,1,260.9425403631738
2024-05-10,2024-06-09,2024-06-17,8,Standard,airbnb,30,0.7372645689473902,6,1,6,189.53796414536006
2024-03-12,2024-06-06,2024-06-09,3,Deluxe,expedia,86,0.6472569924600078,3,0,6,161.3139142975175
2024-02-21,2024-03-02,2024-03-10,8,Suite,expedia,10,0.8991335264605316,5,1,3,288.46066249247497
2023-11-06,2024-01-18,2024-01-24,6,Deluxe,booking.com,73,0.7918580139317252,3,0,1,122.68472601472612
2024-11-10,2025-01-24,2025-01-27,3,Deluxe,direct,75,0.55682176073463,4,0,1,156.35450810561255
2024-12-29,2025-01-19,2025-01-23,4,Suite,airbnb,21,0.5599196691912154,6,1,1,432.1878751632761
2023-05-16,2023-07-01,2023-07-08,7,Deluxe,direct,46,0.9123890078464397,5,1,7,203.19225947267225
2024-10-07,2024-10-20,2024-10-23,3,Standard,direct,13,0.8041382673226836,6,1,10,118.61258080382926
2024-09-18,2024-10-29,2024-11-04,6,Suite,airbnb,41,0.9392860362945572,1,0,10,185.07031681881986
2023-02-12,2023-04-04,2023-04-11,7,Standard,expedia,51,0.934160853038482,1,0,4,58.50662544975916
2023-03-28,2023-05-01,2023-05-05,4,Standard,airbnb,34,0.5300859741216474,0,0,5,127.25374140488361
2023-09-26,2023-12-07,2023-12-08,1,Deluxe,airbnb,72,0.7397981099975593,3,0,12,122.35736751618886
2023-08-06,2023-09-01,2023-09-08,7,Standard,expedia,26,0.6926493997691627,4,0,9,106.08950371989651
2023-07-06,2023-09-25,2023-10-02,7,Deluxe,airbnb,81,0.6159608865627539,0,0,9,116.96502405918483
2024-02-23,2024-04-05,2024-04-12,7,Deluxe,expedia,42,0.7890280006885908,4,0,4,130.88922802354224
2024-10-26,2024-10-27,2024-10-29,2,Deluxe,airbnb,1,0.6191502116075437,6,1,10,233.2078431870063
2023-08-16,2023-09-23,2023-09-30,7,Suite,direct,38,0.7417465552165629,5,1,9,289.1057074287814
2023-12-12,2024-01-27,2024-02-01,5,Suite,airbnb,46,0.6121470417335346,5,1,1,347.16840356555696
2023-08-30,2023-11-17,2023-11-23,6,Standard,direct,79,0.6685212109110283,4,0,11,60.253121716339166
2024-02-04,2024-05-03,2024-05-07,4,Suite,airbnb,89,0.6390481704261648,4,0,5,183.2071532281129
2024-07-15,2024-10-04,2024-10-11,7,Standard,booking.com,81,0.6059780714456812,4,0,10,73.05480796102623
2023-07-10,2023-08-24,2023-08-27,3,Standard,airbnb,45,0.5999515522074488,3,0,8,148.30510061112523
2024-02-16,2024-04-29,2024-05-04,5,Suite,booking.com,73,0.8715768089016405,0,0,4,161.12188642214312
2024-01-03,2024-02-11,2024-02-15,4,Standard,booking.com,39,0.7700190254959873,6,1,2,125.21729067281004
2024-11-20,2025-01-27,2025-01-29,2,Standard,expedia,68,0.6127490570561134,0,0,1,103.76429077219666
2024-04-26,2024-07-23,2024-07-31,8,Suite,booking.com,88,0.6869976561413045,1,0,7,258.43659569147445
2023-02-22,2023-03-20,2023-03-28,8,Standard,airbnb,26,0.7759775758792562,0,0,3,99.11613723345863
2024-12-16,2025-01-28,2025-02-02,5,Standard,expedia,43,0.6663342357009427,1,0,1,125.36214684177395
2024-05-13,2024-06-08,2024-06-15,7,Suite,expedia,26,0.9240184353004778,5,1,6,375.168837115009
2023-05-01,2023-07-28,2023-08-03,6,Deluxe,expedia,88,0.6215528317435738,4,0,7,155.82570403237304
2023-07-25,2023-08-26,2023-08-31,5,Suite,expedia,32,0.9184017482002385,5,1,8,365.32292746820974
2023-10-07,2023-12-10,2023-12-19,9,Deluxe,airbnb,64,0.8260172923713432,6,1,12,156.25882289274386
2024-05-03,2024-07-06,2024-07-10,4,Suite,booking.com,64,0.8399553159621098,5,1,7,310.44207997475127
2024-02-11,2024-03-29,2024-04-02,4,Deluxe,direct,47,0.5279049669630298,4,0,3,158.98655144201996
2024-11-20,2025-01-02,2025-01-06,4,Deluxe,airbnb,43,0.9336797913333148,3,0,1,138.04112368261536
2023-10-13,2023-12-17,2023-12-24,7,Deluxe,airbnb,65,0.649481586753145,6,1,12,180.0277735200429
2023-11-13,2024-02-01,2024-02-02,1,Suite,direct,80,0.5192713530139885,3,0,2,229.8424120970125
2024-05-21,2024-08-07,2024-08-16,9,Suite,airbnb,78,0.7848183135087341,2,0,8,242.12099882144486
2023-06-01,2023-07-21,2023-07-23,2,Deluxe,booking.com,50,0.8605400177037328,4,0,7,159.58911212324566
2023-10-13,2023-12-16,2023-12-24,8,Deluxe,expedia,64,0.8560367951814003,5,1,12,142.64124615333918
2024-12-27,2025-02-14,2025-02-22,8,Deluxe,booking.com,49,0.6861117268928324,4,0,2,180.62384800988485
2024-03-03,2024-05-12,2024-05-13,1,Deluxe,direct,70,0.7329974319267955,6,1,5,145.41169302292252
2023-01-17,2023-02-21,2023-02-22,1,Standard,direct,35,0.6607080905408288,1,0,2,125.03473580818381
2023-10-30,2023-12-03,2023-12-11,8,Deluxe,booking.com,34,0.5848873440601928,6,1,12,232.66212248409593
2024-08-12,2024-10-26,2024-10-29,3,Standard,airbnb,75,0.7552395687586495,5,1,10,75.59580414483167
2023-03-21,2023-05-01,2023-05-03,2,Suite,airbnb,41,0.7138026093263092,0,0,5,221.64866688017773
2023-07-14,2023-08-28,2023-09-01,4,Standard,airbnb,45,0.672197406631809,0,0,8,144.969655618603
2024-11-30,2024-12-23,2025-01-01,9,Deluxe,expedia,23,0.5741680059780657,0,0,12,203.60152069106653
2023-05-04,2023-05-08,2023-05-09,1,Standard,airbnb,4,0.9340477464529574,0,0,5,100.66429935048947
2023-05-21,2023-08-04,2023-08-12,8,Deluxe,booking.com,75,0.6591216481196569,4,0,8,177.360082120926
2024-09-10,2024-11-10,2024-11-19,9,Standard,direct,61,0.6038318019047394,6,1,11,110.49024400703652
2024-10-16,2024-10-19,2024-10-27,8,Suite,airbnb,3,0.5642705614854853,5,1,10,385.30622235742425
2024-03-05,2024-05-14,2024-05-19,5,Suite,expedia,70,0.5970957565495191,1,0,5,223.78983660087593
2024-11-04,2024-12-31,2025-01-05,5,Standard,direct,57,0.6019343355161039,1,0,12,119.99330341878259
2024-09-14,2024-11-14,2024-11-18,4,Suite,airbnb,61,0.6406265059271665,3,0,11,214.67388122971957
2024-09-15,2024-10-14,2024-10-18,4,Standard,booking.com,29,0.5044438627809951,0,0,10,125.31837459508219
2024-04-26,2024-04-30,2024-05-03,3,Deluxe,airbnb,4,0.6089396101716421,1,0,4,177.78733705492644
2023-05-02,2023-07-29,2023-08-01,3,Suite,booking.com,88,0.6483221967173257,5,1,7,318.02786836710527
2023-02-18,2023-05-05,2023-05-07,2,Suite,airbnb,76,0.941408508329211,4,0,5,151.40731691839952
2024-05-27,2024-06-12,2024-06-13,1,Suite,expedia,16,0.8077248290472511,2,0,6,353.2612663819954
2024-01-25,2024-04-13,2024-04-22,9,Standard,expedia,79,0.5804449745940354,5,1,4,97.55245396353938
2024-08-30,2024-11-05,2024-11-14,9,Standard,expedia,67,0.736202939411609,1,0,11,67.48333453953522
2023-01-29,2023-04-10,2023-04-11,1,Standard,booking.com,71,0.8164757947688739,0,0,4,64.39559952046595
2023-12-19,2024-02-07,2024-02-10,3,Standard,expedia,50,0.5850881400081066,2,0,2,99.16537438300516
2024-09-10,2024-10-22,2024-10-24,2,Standard,airbnb,42,0.8060616896530877,1,0,10,94.98305360269543
2023-06-04,2023-08-09,2023-08-10,1,Standard,airbnb,66,0.5330672416720932,2,0,8,147.4160928992963
2024-11-12,2025-02-09,2025-02-10,1,Standard,expedia,89,0.8983184244041645,6,1,2,84.99304159292454
2024-08-16,2024-10-19,2024-10-26,7,Suite,booking.com,64,0.5456316526818002,5,1,10,278.4863399756582
2023-10-11,2023-11-01,2023-11-06,5,Standard,booking.com,21,0.739109105207987,2,0,11,113.93168533524351
2024-10-12,2025-01-07,2025-01-15,8,Deluxe,airbnb,87,0.9109223465888626,1,0,1,99.97267192319597
2024-01-02,2024-01-14,2024-01-21,7,Deluxe,expedia,12,0.5804275330028522,6,1,1,258.2378405207748
2024-01-06,2024-02-24,2024-03-04,9,Standard,direct,49,0.702869429896323,5,1,2,132.4889087782244
2023-09-13,2023-10-23,2023-10-25,2,Standard,airbnb,40,0.5453087210639883,0,0,10,112.91115764379559
2023-06-05,2023-08-10,2023-08-11,1,Suite,airbnb,66,0.5842119695261943,3,0,8,319.92203465748224
2023-03-04,2023-03-08,2023-03-17,9,Suite,direct,4,0.9328325777074471,2,0,3,244.8927798169468
2024-07-21,2024-09-23,2024-09-29,6,Standard,booking.com,64,0.6940459795797742,0,0,9,85.19724819010669
2023-09-21,2023-10-11,2023-10-18,7,Standard,expedia,20,0.664590725338879,2,0,10,121.82408075506373
2024-05-12,2024-07-20,2024-07-27,7,Suite,booking.com,69,0.8686151619662694,5,1,7,299.832696516021
2024-04-24,2024-06-04,2024-06-12,8,Deluxe,booking.com,41,0.581386824266222,1,0,6,238.6559797727456
2023-01-17,2023-03-01,2023-03-09,8,Suite,direct,43,0.860233452964005,2,0,3,198.66910114898934
2024-10-27,2024-11-12,2024-11-16,4,Suite,expedia,16,0.5951207025813582,1,0,11,303.4630154404021
2024-09-04,2024-10-05,2024-10-06,1,Standard,direct,31,0.7500836008677118,5,1,10,116.62908705699807
2023-11-09,2023-11-16,2023-11-18,2,Standard,direct,7,0.7209959455115563,3,0,11,111.39944601069668
2024-12-22,2025-02-16,2025-02-23,7,Suite,direct,56,0.557591456049717,6,1,2,341.9538708061431
2023-06-08,2023-08-09,2023-08-10,1,Standard,booking.com,62,0.6378166594396574,2,0,8,141.22094303354427
2023-08-18,2023-08-24,2023-09-01,8,Suite,expedia,6,0.630622037470328,3,0,8,472.6981368321767
2024-03-28,2024-05-07,2024-05-08,1,Deluxe,airbnb,40,0.9340654689082437,1,0,5,119.26180427394272
2024-10-12,2025-01-05,2025-01-07,2,Deluxe,expedia,85,0.6436837209177684,6,1,1,161.88472680366183
2023-05-25,2023-06-24,2023-06-25,1,Deluxe,direct,30,0.6156231355015515,5,1,6,297.5086528333674
2023-05-06,2023-05-09,2023-05-14,5,Standard,expedia,3,0.5418181165170619,1,0,5,135.3256560882889
2023-12-18,2024-03-11,2024-03-18,7,Deluxe,booking.com,84,0.6752182124575121,0,0,3,85.56361480727452
2024-05-27,2024-06-04,2024-06-05,1,Deluxe,airbnb,8,0.9435509698677269,1,0,6,193.88613439612135
2024-04-18,2024-05-08,2024-05-15,7,Suite,direct,20,0.7081505418623696,2,0,5,266.72571183203485
2023-05-24,2023-06-10,2023-06-12,2,Standard,booking.com,17,0.831243348437094,5,1,6,172.91584168593462
2024-04-26,2024-07-17,2024-07-26,9,Suite,direct,82,0.7096755369328692,2,0,7,263.6970864613514
2024-09-14,2024-12-02,2024-12-11,9,Deluxe,booking.com,79,0.5204826178038272,0,0,12,150.809404070293
2023-04-16,2023-04-24,2023-04-28,4,Suite,booking.com,8,0.9186457121389786,0,0,4,245.09098158325656
2023-11-23,2024-01-25,2024-01-31,6,Standard,direct,63,0.9330284218275742,3,0,1,101.35493346824562
2024-08-24,2024-09-18,2024-09-19,1,Suite,direct,25,0.6890458681861069,2,0,9,272.40709097732827
2023-06-20,2023-07-07,2023-07-16,9,Deluxe,expedia,17,0.5699619299427039,4,0,7,262.19747309388
2024-07-26,2024-10-16,2024-10-21,5,Suite,direct,82,0.9199379473441294,2,0,10,131.6305074146121
2023-09-03,2023-09-14,2023-09-22,8,Deluxe,airbnb,11,0.8500592365633208,3,0,9,155.07706170389778
2023-10-13,2023-10-15,2023-10-22,7,Suite,expedia,2,0.9290644120980003,6,1,10,265.15337326499696
2024-11-29,2025-01-08,2025-01-16,8,Suite,booking.com,40,0.51459703832931,2,0,1,343.9354483075897
2023-05-16,2023-07-21,2023-07-26,5,Suite,booking.com,66,0.7962368598031073,4,0,7,290.3236324573803
2023-09-22,2023-11-08,2023-11-11,3,Deluxe,airbnb,47,0.5585212259544351,2,0,11,141.1869141658368
2024-06-18,2024-08-07,2024-08-13,6,Standard,expedia,50,0.7736719013716231,2,0,8,125.85498761776742
2024-08-31,2024-09-22,2024-09-25,3,Deluxe,expedia,22,0.8454293718099949,6,1,9,184.4122164015112
2023-08-10,2023-11-06,2023-11-11,5,Deluxe,expedia,88,0.7846904390338796,0,0,11,99.47200530452243
2023-02-24,2023-03-14,2023-03-16,2,Deluxe,airbnb,18,0.5386005430830237,1,0,3,173.22415781604508
2023-07-22,2023-09-07,2023-09-08,1,Deluxe,direct,47,0.8958592238129246,3,0,9,112.44213540348974
2024-10-07,2024-12-30,2025-01-04,5,Deluxe,booking.com,84,0.6073495834942133,0,0,12,133.80181151090082
2023-07-17,2023-09-28,2023-10-07,9,Standard,airbnb,73,0.5729722813972983,3,0,9,65.7879687311674
2024-04-22,2024-07-02,2024-07-10,8,Suite,airbnb,71,0.5330230711291554,1,0,7,325.23672886785675
2023-08-25,2023-09-10,2023-09-17,7,Deluxe,airbnb,16,0.6970176751997168,6,1,9,201.35890161449083
2023-01-13,2023-03-21,2023-03-24,3,Deluxe,direct,67,0.8499801281735601,1,0,3,102.25876113464992
2023-10-09,2023-12-08,2023-12-17,9,Deluxe,direct,60,0.8312200887049563,4,0,12,135.72532817454555
2024-10-14,2024-12-09,2024-12-17,8,Suite,booking.com,56,0.7890627593043249,0,0,12,244.4780988300501
2024-06-06,2024-06-14,2024-06-16,2,Deluxe,booking.com,8,0.6431340845512689,4,0,6,256.91698302506506
2023-11-30,2024-02-24,2024-03-01,6,Standard,airbnb,86,0.7386670134696156,5,1,2,104.09698347008424
2023-07-16,2023-09-29,2023-10-07,8,Deluxe,direct,75,0.5105947356620184,4,0,9,151.54992191534788
2024-03-19,2024-04-26,2024-05-04,8,Suite,booking.com,38,0.7129672160809716,4,0,4,238.9061858979553
2024-11-13,2025-01-25,2025-01-31,6,Suite,direct,73,0.6813082641117789,5,1,1,283.79169073892456
2024-09-11,2024-10-21,2024-10-25,4,Standard,airbnb,40,0.6975493035926121,0,0,10,102.87351793685342
2023-08-24,2023-09-22,2023-09-29,7,Standard,airbnb,29,0.5438147109262783,4,0,9,106.54108695066567
2023-10-25,2023-12-25,2023-12-29,4,Deluxe,direct,61,0.7515850116863585,0,0,12,137.22904208611504
2024-08-24,2024-10-27,2024-10-31,4,Deluxe,booking.com,64,0.6104836243674983,6,1,10,150.2852298443871
2024-05-04,2024-07-19,2024-07-20,1,Deluxe,airbnb,76,0.5200814984831187,4,0,7,184.0719621745317
2024-11-13,2025-01-09,2025-01-16,7,Standard,booking.com,57,0.5263643731623068,3,0,1,117.07404141890427
2024-08-30,2024-09-10,2024-09-16,6,Suite,airbnb,11,0.788557844013758,1,0,9,266.9012810248683
2023-10-24,2023-12-28,2024-01-03,6,Suite,airbnb,65,0.8985316983453238,3,0,12,199.92286707878796
2023-03-11,2023-03-28,2023-04-01,4,Deluxe,booking.com,17,0.524073249419062,1,0,3,178.72956762563268
2024-09-29,2024-11-17,2024-11-20,3,Deluxe,direct,49,0.5800530310034991,6,1,11,181.43034308556085
2024-06-06,2024-07-12,2024-07-18,6,Suite,direct,36,0.6748873123423283,4,0,7,372.2712038498353
2024-02-21,2024-03-06,2024-03-15,9,Standard,direct,14,0.6048185483654556,2,0,3,107.12235143897685
2024-03-28,2024-04-12,2024-04-20,8,Standard,airbnb,15,0.5574511298149795,4,0,4,133.9907820424131
2023-07-28,2023-09-12,2023-09-13,1,Standard,expedia,46,0.5993823604303903,1,0,9,100.33072706206023
2023-06-16,2023-07-09,2023-07-13,4,Standard,airbnb,23,0.7864599675509004,6,1,7,159.44166735295133
2024-08-05,2024-10-29,2024-11-06,8,Suite,expedia,85,0.8883728450171028,1,0,10,161.68815139494268
2023-02-01,2023-04-05,2023-04-10,5,Standard,direct,63,0.6690395807017555,2,0,4,67.52260680874808
2023-11-27,2024-01-12,2024-01-13,1,Suite,expedia,46,0.65673040479772,4,0,1,284.05305904004535
2023-05-08,2023-06-06,2023-06-14,8,Suite,expedia,29,0.566382692776347,1,0,6,410.83963875148095
2024-03-04,2024-03-19,2024-03-21,2,Deluxe,airbnb,15,0.6402043860572175,1,0,3,180.9426658547659
2024-09-06,2024-11-08,2024-11-12,4,Standard,direct,63,0.8317562404175292,4,0,11,71.41784564406912
2023-03-31,2023-06-03,2023-06-06,3,Standard,airbnb,64,0.6322057559529439,5,1,6,155.07141618034547
2023-10-21,2023-11-22,2023-11-26,4,Standard,expedia,32,0.822111809497996,2,0,11,82.18446398359907
2024-08-17,2024-09-11,2024-09-14,3,Deluxe,booking.com,25,0.93691719166362,2,0,9,123.67294326209354
2023-01-16,2023-04-15,2023-04-19,4,Standard,direct,89,0.5257878329999147,5,1,4,98.65581300782165
2023-06-12,2023-08-06,2023-08-13,7,Deluxe,direct,55,0.6345552048112824,6,1,8,245.96064366355054
2023-12-09,2024-01-10,2024-01-16,6,Deluxe,expedia,32,0.8734919157727594,2,0,1,142.8268841225288
2024-05-04,2024-06-22,2024-06-28,6,Suite,booking.com,49,0.9261219369481921,5,1,6,322.8958427357475
2023-10-28,2023-12-23,2023-12-25,2,Standard,direct,56,0.7324965069879847,5,1,12,106.55537637605093
2023-11-10,2024-01-17,2024-01-26,9,Deluxe,direct,68,0.7880313371916428,2,0,1,129.27380245303397
2024-04-04,2024-06-11,2024-06-19,8,Deluxe,expedia,68,0.5489985252937134,1,0,6,184.99165136740223
2024-07-20,2024-08-07,2024-08-16,9,Suite,booking.com,18,0.5140488429992984,2,0,8,460.55655101634215
2024-10-22,2024-11-05,2024-11-10,5,Deluxe,direct,14,0.7627755877023948,1,0,11,148.30556259205378
2024-02-16,2024-02-23,2024-02-27,4,Suite,direct,7,0.6196261472280726,4,0,2,374.11359413026247
2024-07-10,2024-07-23,2024-07-27,4,Standard,airbnb,13,0.5676622584958156,1,0,7,195.06963280894195
2023-12-16,2024-02-15,2024-02-24,9,Standard,direct,61,0.6424399706654732,3,0,2,108.35963253826945
2024-05-06,2024-06-22,2024-06-29,7,Deluxe,airbnb,47,0.7220599262292137,5,1,6,251.12024725234448
2024-07-23,2024-09-28,2024-10-06,8,Standard,airbnb,67,0.9263588169737755,5,1,9,81.08567779135805
2024-08-14,2024-09-05,2024-09-12,7,Deluxe,direct,22,0.5396653596475103,3,0,9,165.5173283262546
2024-06-25,2024-08-23,2024-08-26,3,Standard,booking.com,59,0.817456451684689,4,0,8,141.1204417003971
2024-11-13,2025-01-12,2025-01-15,3,Deluxe,expedia,60,0.506580545569014,6,1,1,215.2443808870524
2024-08-07,2024-09-07,2024-09-10,3,Deluxe,booking.com,31,0.6542041959388307,5,1,9,188.7468790814048
2024-09-11,2024-12-04,2024-12-05,1,Suite,direct,84,0.7058136632590748,2,0,12,205.28199492810054
2023-10-10,2023-11-10,2023-11-11,1,Deluxe,direct,31,0.820033006139675,4,0,11,145.65740583446424
2023-05-15,2023-06-21,2023-06-27,6,Deluxe,direct,37,0.5485264991772947,2,0,6,241.59373089633067
2024-05-21,2024-08-07,2024-08-09,2,Standard,airbnb,78,0.7282540281035901,2,0,8,104.75395230268498
2024-12-12,2025-02-21,2025-02-28,7,Standard,booking.com,71,0.6720601655735802,4,0,2,96.28086912140184
2023-07-20,2023-09-30,2023-10-07,7,Standard,direct,72,0.6259993250937379,5,1,9,108.53655785259129
2024-10-17,2025-01-05,2025-01-08,3,Suite,expedia,80,0.6931357744522986,6,1,1,257.6314789460852
2023-10-18,2023-11-25,2023-12-04,9,Standard,expedia,38,0.6138409182212486,5,1,11,120.01394099533549
2024-09-03,2024-10-18,2024-10-25,7,Deluxe,expedia,45,0.6937318725624537,4,0,10,131.62557946465205
2023-08-12,2023-08-16,2023-08-17,1,Deluxe,expedia,4,0.6622156656204763,2,0,8,263.00513616331375
2023-05-20,2023-06-26,2023-06-29,3,Deluxe,booking.com,37,0.55300769789157,0,0,6,239.87107658634088
2023-12-11,2023-12-30,2024-01-04,5,Suite,booking.com,19,0.6935715276891882,5,1,12,376.6367042798802
2023-07-25,2023-09-15,2023-09-17,2,Deluxe,direct,52,0.5513400936351818,4,0,9,152.31256103650537
2024-05-31,2024-08-15,2024-08-22,7,Standard,booking.com,76,0.945576674863279,3,0,8,91.73726211484374
2023-01-07,2023-03-27,2023-03-28,1,Standard,booking.com,79,0.8553773898278376,0,0,3,57.59445597875744
2023-10-24,2023-12-28,2024-01-01,4,Suite,direct,65,0.758445292496595,3,0,12,231.20831600410284
2023-10-20,2023-11-22,2023-11-30,8,Deluxe,airbnb,33,0.579867689840145,2,0,11,159.94180848035774
2023-08-19,2023-10-10,2023-10-13,3,Standard,booking.com,52,0.5896468344771506,1,0,10,79.50982198413607
2023-09-03,2023-09-04,2023-09-05,1,Suite,booking.com,1,0.8284594689762446,0,0,9,265.3196109376586
2023-09-25,2023-11-19,2023-11-28,9,Standard,direct,55,0.8355661445325494,6,1,11,109.71036079210384
2023-12-19,2024-02-29,2024-03-08,8,Suite,direct,72,0.5292044374205048,3,0,2,255.35163239528782
2024-07-22,2024-09-06,2024-09-10,4,Suite,expedia,46,0.9455306615127017,4,0,9,183.1286928122028
2023-10-17,2023-10-31,2023-11-01,1,Deluxe,direct,14,0.5065502796220694,1,0,10,188.28088576359067
2024-01-31,2024-04-12,2024-04-13,1,Suite,expedia,72,0.6282207696013781,4,0,4,191.7759226773276
2024-05-27,2024-06-22,2024-07-01,9,Standard,airbnb,26,0.5520422556327561,5,1,6,209.01654698287052
2023-07-26,2023-10-04,2023-10-08,4,Deluxe,direct,70,0.7047567677880122,2,0,10,118.58218683503343
2023-11-03,2024-01-27,2024-01-29,2,Suite,booking.com,85,0.68743052509977,5,1,1,239.27935144668487
2023-12-30,2024-02-12,2024-02-20,8,Standard,expedia,44,0.7809022721642005,0,0,2,118.78919934069452
2023-02-14,2023-05-11,2023-05-18,7,Deluxe,direct,86,0.791434278847151,3,0,5,93.19939962841747
2024-06-12,2024-08-08,2024-08-12,4,Suite,expedia,57,0.8275264942099991,3,0,8,291.03529258477283
2024-02-11,2024-03-18,2024-03-25,7,Standard,direct,36,0.5440098425658118,0,0,3,122.5207550058276
2024-11-27,2024-12-19,2024-12-21,2,Deluxe,booking.com,22,0.6363062540004757,3,0,12,205.66407791894693
2023-04-02,2023-05-15,2023-05-18,3,Suite,airbnb,43,0.7186449503324337,0,0,5,238.05441544919074
2024-09-09,2024-09-16,2024-09-25,9,Deluxe,airbnb,7,0.919839699330865,0,0,9,145.00906075193603
2024-12-02,2025-02-07,2025-02-14,7,Suite,booking.com,67,0.8945853238976216,4,0,2,198.21277441782112
2023-10-31,2024-01-02,2024-01-10,8,Deluxe,expedia,63,0.5335861700300089,1,0,1,163.0265400475957
2023-02-05,2023-04-24,2023-04-30,6,Suite,airbnb,78,0.5896645375280356,0,0,4,192.99939539200525
2023-09-30,2023-12-20,2023-12-23,3,Standard,expedia,81,0.8880599618071985,2,0,12,81.59087247590831
2023-08-02,2023-10-27,2023-11-04,8,Deluxe,direct,86,0.6245518605648152,4,0,10,102.59468121144754
2023-05-15,2023-06-01,2023-06-04,3,Deluxe,direct,17,0.5772251542137886,3,0,6,268.9973953026241
2024-06-04,2024-07-25,2024-07-27,2,Standard,booking.com,51,0.7457035213987242,3,0,7,116.52269819557216
2024-12-25,2025-02-15,2025-02-18,3,Standard,direct,52,0.737473788214128,5,1,2,127.899781875113
2024-02-09,2024-05-03,2024-05-05,2,Deluxe,direct,84,0.6602617269139999,4,0,5,102.3283539746458
2023-05-23,2023-06-21,2023-06-30,9,Suite,expedia,29,0.6294442922770407,2,0,6,392.4527404822795
2024-09-26,2024-11-09,2024-11-11,2,Deluxe,direct,44,0.6706445680901738,5,1,11,164.39320175822363
2023-02-01,2023-02-17,2023-02-18,1,Standard,booking.com,16,0.5279863060719451,4,0,2,133.13834481530728
2023-02-01,2023-04-18,2023-04-19,1,Standard,direct,76,0.5371139167142124,1,0,4,74.53491616468487
2023-04-06,2023-04-13,2023-04-19,6,Standard,expedia,7,0.5236627471191544,3,0,4,139.88185408254745
2023-03-18,2023-06-06,2023-06-12,6,Deluxe,expedia,80,0.7507504788259427,1,0,6,147.72722962522215
2023-10-29,2023-12-24,2023-12-27,3,Deluxe,expedia,56,0.6282594110350771,6,1,12,192.76251544214728
2024-07-11,2024-07-23,2024-07-29,6,Suite,booking.com,12,0.6409690574431206,1,0,7,449.63075204509687
2023-04-23,2023-07-18,2023-07-23,5,Standard,direct,86,0.5197172090823649,1,0,7,99.8836871873923
2024-02-03,2024-03-13,2024-03-21,8,Deluxe,airbnb,39,0.9433288446000122,2,0,3,116.82509360365816
2023-04-23,2023-06-25,2023-07-03,8,Standard,airbnb,63,0.6116125684171452,6,1,6,171.78381600114758
2024-06-19,2024-07-30,2024-08-05,6,Suite,booking.com,41,0.7993861544037693,1,0,7,339.4243097095254
2023-12-05,2024-02-11,2024-02-19,8,Deluxe,direct,68,0.5526274302209208,6,1,2,191.126522401945
2024-10-06,2025-01-02,2025-01-03,1,Suite,direct,88,0.7862622967007413,3,0,1,174.04872497085353
2024-01-03,2024-01-23,2024-01-26,3,Deluxe,expedia,20,0.5270075458606808,1,0,1,227.1188811175147
2024-10-31,2024-12-08,2024-12-09,1,Deluxe,airbnb,38,0.8843404076257968,6,1,12,172.06141259937345
2024-02-11,2024-03-23,2024-03-31,8,Deluxe,expedia,41,0.8181328748507379,5,1,3,147.57275207244913
2024-10-22,2024-12-25,2025-01-03,9,Deluxe,expedia,64,0.5057411212401395,2,0,12,174.40596920377496
2024-02-10,2024-02-16,2024-02-19,3,Standard,direct,6,0.8409944673924779,4,0,2,128.8501646258476
2023-03-26,2023-04-01,2023-04-04,3,Suite,expedia,6,0.7252863210486651,5,1,4,341.7652309508981
2024-03-30,2024-04-26,2024-05-03,7,Standard,expedia,27,0.7488582896300117,4,0,4,105.41950504864707
2024-07-04,2024-07-08,2024-07-12,4,Deluxe,direct,4,0.7856280473217169,0,0,7,238.16833949335006
2023-11-29,2024-01-11,2024-01-14,3,Suite,expedia,43,0.7262041518144051,3,0,1,283.6976287094513
2024-02-17,2024-03-26,2024-04-01,6,Standard,booking.com,38,0.5412962810063032,1,0,3,110.3328651345392
2024-03-07,2024-04-16,2024-04-21,5,Suite,airbnb,40,0.6682191101864023,1,0,4,244.3599692186386
2023-01-27,2023-03-19,2023-03-23,4,Standard,direct,51,0.5096447171170698,6,1,3,122.02666865899796
2023-05-17,2023-08-13,2023-08-17,4,Deluxe,direct,88,0.7832640953200317,6,1,8,165.73311359315767
2023-02-15,2023-02-24,2023-03-02,6,Suite,booking.com,9,0.8370005621981993,4,0,2,315.40354936922927
2023-04-05,2023-06-25,2023-07-02,7,Deluxe,expedia,81,0.9141136785485826,6,1,6,141.0530181599439
2023-05-19,2023-07-15,2023-07-18,3,Suite,direct,57,0.9206719721997783,5,1,7,331.52684310246957
2023-03-29,2023-05-20,2023-05-22,2,Deluxe,direct,52,0.7841636420534078,5,1,5,144.63603973474125
2024-02-16,2024-03-18,2024-03-23,5,Deluxe,expedia,31,0.6510297079780817,0,0,3,167.13626587979977
2023-10-26,2023-12-28,2024-01-03,6,Standard,booking.com,63,0.6747878220832055,3,0,12,93.52985307772464
2024-06-29,2024-08-15,2024-08-20,5,Deluxe,airbnb,47,0.503437565972292,3,0,8,237.68443885926843
2024-05-15,2024-06-07,2024-06-09,2,Standard,expedia,23,0.5415555798659931,4,0,6,169.43254320561
2023-06-24,2023-07-05,2023-07-08,3,Suite,expedia,11,0.8156971477294571,2,0,7,378.59979808973554
2023-03-22,2023-05-18,2023-05-24,6,Suite,expedia,57,0.5170241030520734,3,0,5,249.4727477140637
2024-12-19,2025-01-31,2025-02-08,8,Standard,airbnb,43,0.8909418498951218,4,0,1,81.89022910333138
2024-10-04,2024-11-07,2024-11-16,9,Standard,expedia,34,0.6255925176036943,3,0,11,106.74763414066324
2023-02-23,2023-03-30,2023-03-31,1,Standard,direct,35,0.5023755251473178,3,0,3,108.42055291168606
2024-07-16,2024-09-28,2024-09-30,2,Suite,airbnb,74,0.6844806488963062,5,1,9,226.80320614246213
2024-09-15,2024-10-07,2024-10-10,3,Deluxe,airbnb,22,0.6244147420962144,0,0,10,187.3459553362705
2023-04-22,2023-06-30,2023-07-04,4,Deluxe,booking.com,69,0.7687397538426795,4,0,6,176.88145521279824
2023-10-06,2023-11-19,2023-11-22,3,Deluxe,expedia,44,0.5724630045208678,6,1,11,195.9093470965746
2023-09-20,2023-12-08,2023-12-10,2,Deluxe,expedia,79,0.5728145535123186,4,0,12,138.53127723106644
2024-01-03,2024-01-12,2024-01-13,1,Standard,direct,9,0.8351794045496099,4,0,1,110.40869707058492
2024-11-08,2024-12-19,2024-12-28,9,Deluxe,booking.com,41,0.56716088680617,3,0,12,198.16237544828456
2023-11-20,2024-01-17,2024-01-26,9,Standard,airbnb,58,0.551010505947495,2,0,1,110.75453303878314
2024-12-14,2025-01-17,2025-01-23,6,Deluxe,expedia,34,0.7040051197740992,4,0,1,194.4553067416628
2023-04-03,2023-04-22,2023-04-28,6,Suite,direct,19,0.630291210496277,5,1,4,350.5116780162617
2023-11-25,2024-01-23,2024-01-27,4,Deluxe,booking.com,59,0.6460345421850172,1,0,1,169.36164710592948
2024-04-21,2024-07-02,2024-07-08,6,Deluxe,airbnb,72,0.5981932800730005,1,0,7,185.24507044987965
2024-04-12,2024-05-06,2024-05-14,8,Standard,booking.com,24,0.9463586068307355,0,0,5,87.56014757829995
2024-02-03,2024-02-29,2024-03-08,8,Standard,direct,26,0.726189979753983,3,0,2,113.89542403973863
2023-07-15,2023-08-23,2023-08-29,6,Deluxe,airbnb,39,0.7895580766859592,2,0,8,193.06014316191127
2023-08-05,2023-08-19,2023-08-21,2,Standard,expedia,14,0.8414033476073023,5,1,8,182.93095472589349
2023-10-16,2023-11-16,2023-11-25,9,Suite,booking.com,31,0.8842528669630154,3,0,11,196.06104728911734
2024-01-31,2024-03-03,2024-03-10,7,Standard,booking.com,32,0.6426865289686885,6,1,3,121.97596633526042
2024-11-11,2025-01-26,2025-01-30,4,Standard,airbnb,76,0.7612734854717249,6,1,1,115.01910365161764
2024-10-16,2024-11-23,2024-11-25,2,Suite,airbnb,38,0.7559684676365915,5,1,11,290.9891381011521
2024-03-03,2024-03-11,2024-03-16,5,Suite,booking.com,8,0.5612007209959787,0,0,3,320.25676564326653
2024-10-04,2024-11-21,2024-11-26,5,Standard,expedia,48,0.9255129345194226,3,0,11,74.18812147509321
2024-04-19,2024-06-26,2024-07-02,6,Suite,airbnb,68,0.8803021796983623,2,0,6,250.57503513862218
2024-08-05,2024-10-29,2024-11-06,8,Deluxe,direct,85,0.6991329834300252,1,0,10,98.95696180526924
2024-08-16,2024-11-04,2024-11-11,7,Standard,expedia,80,0.7929360205058325,0,0,11,73.76942259436817
2023-07-30,2023-09-24,2023-09-28,4,Suite,airbnb,56,0.5075867426196343,6,1,9,287.17232844324366
2023-02-03,2023-04-29,2023-05-01,2,Deluxe,expedia,85,0.619877490357007,5,1,4,121.27613177801575
2023-03-27,2023-06-02,2023-06-06,4,Deluxe,airbnb,67,0.5040941967915712,4,0,6,202.4329586751351
2023-10-07,2023-10-22,2023-10-23,1,Deluxe,direct,15,0.7010191897880889,6,1,10,200.17360932561147
2023-03-18,2023-04-25,2023-04-30,5,Standard,direct,38,0.7213484973652058,1,0,4,87.75757079643287
2023-01-01,2023-02-17,2023-02-18,1,Standard,expedia,47,0.6974189976452708,4,0,2,124.64976634054665
2024-11-10,2024-11-17,2024-11-18,1,Standard,booking.com,7,0.927553617134872,6,1,11,114.71633616309659
2023-06-27,2023-08-21,2023-08-30,9,Deluxe,direct,55,0.5151533941364556,0,0,8,230.37836392794645
2023-05-12,2023-07-29,2023-08-05,7,Suite,booking.com,78,0.7704297341950432,5,1,7,300.6036755311209
2024-03-25,2024-06-06,2024-06-15,9,Deluxe,direct,73,0.6057320465357455,3,0,6,177.74881480381842
2023-06-01,2023-06-06,2023-06-10,4,Suite,airbnb,5,0.6485781738223078,1,0,6,469.73200899377116
2023-06-27,2023-08-01,2023-08-05,4,Suite,airbnb,35,0.5656881394415277,1,0,8,415.4412724643762
2024-03-22,2024-04-04,2024-04-07,3,Standard,expedia,13,0.7630905037643894,3,0,4,103.89922892856643
2024-11-15,2025-01-02,2025-01-08,6,Suite,direct,48,0.616341268923529,3,0,1,291.0482556004676
2023-02-05,2023-03-15,2023-03-19,4,Standard,expedia,38,0.6794650638590882,2,0,3,89.12494338493485
2024-07-16,2024-09-22,2024-09-28,6,Standard,expedia,68,0.840386462631302,6,1,9,77.20668061508299
2024-04-03,2024-05-03,2024-05-07,4,Deluxe,booking.com,30,0.8644163294397622,4,0,5,154.34256587294934
2023-03-30,2023-06-27,2023-07-05,8,Standard,airbnb,89,0.8517558838476527,1,0,6,88.79796989504817
2024-05-06,2024-07-11,2024-07-15,4,Standard,booking.com,66,0.887487205917683,3,0,7,96.93951448697347
2024-10-04,2024-11-22,2024-11-25,3,Deluxe,airbnb,49,0.5630480732572454,4,0,11,149.42446036370106
2024-06-20,2024-08-19,2024-08-22,3,Deluxe,direct,60,0.6412384440049707,0,0,8,207.28598786545612
2023-05-15,2023-07-08,2023-07-13,5,Suite,direct,54,0.5458979194177423,5,1,7,447.5121968890195
2024-09-04,2024-11-07,2024-11-12,5,Deluxe,direct,64,0.8259452320103899,3,0,11,98.68777421284233
2024-01-12,2024-03-15,2024-03-18,3,Standard,expedia,63,0.5044302878054759,4,0,3,89.13613254599264
2023-05-08,2023-07-31,2023-08-06,6,Standard,airbnb,84,0.8164769826049553,0,0,7,76.29956817135486
2023-09-21,2023-11-23,2023-11-29,6,Suite,expedia,63,0.6712269725344899,3,0,11,224.27413701636405
2023-04-29,2023-05-28,2023-06-02,5,Standard,expedia,29,0.8235975357299847,6,1,5,97.06172054762574
2023-02-21,2023-03-23,2023-03-29,6,Standard,booking.com,30,0.8147624605818298,3,0,3,99.98142121494553
2023-11-05,2023-12-18,2023-12-26,8,Standard,direct,43,0.9362484330704388,0,0,12,85.51680681296018
2023-03-09,2023-06-03,2023-06-08,5,Standard,expedia,86,0.7973292363030392,5,1,6,97.93430489568166
2023-02-19,2023-05-09,2023-05-17,8,Suite,airbnb,79,0.9338563023945432,1,0,5,128.22968854454817
2024-10-18,2024-12-15,2024-12-20,5,Suite,direct,58,0.7386402080380008,6,1,12,300.2047377187336
2024-06-10,2024-07-08,2024-07-16,8,Deluxe,airbnb,28,0.9425516316975826,0,0,7,180.66211637946165
2023-09-04,2023-09-22,2023-09-28,6,Suite,airbnb,18,0.8266522159191176,4,0,9,257.0766011425698
2023-12-08,2023-12-29,2024-01-06,8,Suite,expedia,21,0.5851404997395646,4,0,12,341.91399821071127
2024-03-23,2024-04-26,2024-04-30,4,Deluxe,airbnb,34,0.8306313248795953,4,0,4,136.1244116243221
2023-01-16,2023-04-12,2023-04-14,2,Deluxe,airbnb,86,0.5753004964074857,2,0,4,115.7865296498152
2023-02-01,2023-03-31,2023-04-06,6,Suite,booking.com,58,0.8644118924337616,4,0,3,181.03712118621038
2023-03-06,2023-05-15,2023-05-20,5,Deluxe,booking.com,70,0.6799498438886385,0,0,5,124.42594561684609
2023-08-24,2023-10-11,2023-10-18,7,Deluxe,booking.com,48,0.8597607022229228,2,0,10,109.19400369258929
2024-03-30,2024-04-03,2024-04-10,7,Standard,booking.com,4,0.9233990249461101,2,0,4,91.01684882415498
2024-02-11,2024-02-26,2024-03-03,6,Suite,direct,15,0.9001974707825535,0,0,2,279.2276388946989
2024-02-05,2024-04-27,2024-05-02,5,Deluxe,direct,82,0.9469621128249832,5,1,4,102.79905101962986
2023-08-20,2023-10-13,2023-10-14,1,Deluxe,expedia,54,0.9126974538135415,4,0,10,104.66934648745769
2024-04-17,2024-06-18,2024-06-23,5,Deluxe,booking.com,62,0.5767371431457522,1,0,6,198.42785748821416
2023-03-14,2023-05-13,2023-05-18,5,Standard,expedia,60,0.7933989778597252,5,1,5,114.42513888012913
2024-09-05,2024-10-01,2024-10-10,9,Deluxe,direct,26,0.8952833414235343,1,0,10,127.99527784030107
2024-02-11,2024-02-28,2024-03-04,5,Suite,direct,17,0.6195193079675627,2,0,2,353.6381182862973
2024-11-09,2024-11-21,2024-11-22,1,Suite,expedia,12,0.6811671112733034,3,0,11,292.56026064953653
2023-04-02,2023-05-10,2023-05-11,1,Deluxe,direct,38,0.8167705535162331,2,0,5,116.68540855896063
2023-04-06,2023-05-23,2023-05-29,6,Suite,direct,47,0.6077981800515855,1,0,5,243.7382802669369
2023-11-18,2024-01-08,2024-01-17,9,Standard,direct,51,0.7532047328474438,0,0,1,111.22204242144207
2024-03-27,2024-04-30,2024-05-01,1,Standard,booking.com,34,0.8862514313107931,1,0,4,80.71021295842974
2024-03-20,2024-05-18,2024-05-19,1,Standard,expedia,59,0.5206438192579386,5,1,5,112.57888291776966
2023-11-28,2023-11-30,2023-12-08,8,Standard,airbnb,2,0.5190309215326004,3,0,11,139.06538540487674
2023-09-14,2023-11-13,2023-11-20,7,Suite,expedia,60,0.5665324140912424,0,0,11,249.6359034512249
2023-12-28,2024-03-07,2024-03-16,9,Deluxe,booking.com,70,0.6271320451541472,3,0,3,113.49596604222549
2023-09-26,2023-12-03,2023-12-06,3,Standard,direct,68,0.5197204201750659,6,1,12,149.54862912234412
2024-10-03,2024-11-18,2024-11-19,1,Standard,booking.com,46,0.5501184492270309,0,0,11,88.7953599446668
2023-07-11,2023-09-23,2023-10-02,9,Deluxe,expedia,74,0.712849098256208,5,1,9,140.01713312979552
2023-11-17,2024-01-05,2024-01-12,7,Standard,direct,49,0.7955321420796065,4,0,1,93.14737747275768
2024-06-21,2024-08-21,2024-08-27,6,Standard,booking.com,61,0.8267814580825712,2,0,8,110.66247285471353
2024-09-01,2024-11-19,2024-11-22,3,Suite,airbnb,79,0.7421378214485259,1,0,11,185.3274719947938
2024-01-03,2024-02-07,2024-02-15,8,Suite,booking.com,35,0.9173625210548709,2,0,2,230.75230075243945
2024-05-16,2024-06-24,2024-06-29,5,Deluxe,expedia,39,0.5092084432165417,0,0,6,257.02736553196
2024-02-12,2024-03-07,2024-03-13,6,Standard,expedia,24,0.6126909231789838,3,0,3,106.1781458643253
2023-06-15,2023-07-23,2023-07-30,7,Suite,direct,38,0.6656714508578271,6,1,7,461.4397034433867
2023-05-28,2023-06-23,2023-06-25,2,Deluxe,direct,26,0.7299231498217038,4,0,6,229.31331035977084
2023-02-12,2023-02-25,2023-03-04,7,Suite,expedia,13,0.7357901531514134,5,1,2,379.3034839951887
2024-02-10,2024-03-13,2024-03-21,8,Deluxe,airbnb,32,0.5735282210832482,2,0,3,171.33631354930225
2024-11-02,2024-12-29,2025-01-02,4,Standard,direct,57,0.5517333469127753,6,1,12,149.83734135856227
2023-10-09,2023-11-13,2023-11-18,5,Suite,direct,35,0.5843818584459873,0,0,11,271.1966268181534
2024-10-19,2024-12-11,2024-12-12,1,Standard,direct,53,0.8305565927229082,2,0,12,106.67456516855943
2024-05-12,2024-07-13,2024-07-21,8,Deluxe,expedia,62,0.9232750205975857,5,1,7,183.68534041232257
2024-10-23,2025-01-03,2025-01-06,3,Suite,direct,72,0.8637144182203416,4,0,1,184.76350712366195
2023-09-14,2023-09-30,2023-10-05,5,Suite,direct,16,0.6068459372846947,5,1,9,349.71487631532113
2024-01-16,2024-03-07,2024-03-09,2,Standard,booking.com,51,0.6449020180129578,3,0,3,76.91474458655534
2024-02-23,2024-05-22,2024-05-26,4,Deluxe,booking.com,89,0.8856056702876483,2,0,5,65.37535423934122
2023-04-08,2023-04-26,2023-04-27,1,Suite,airbnb,18,0.5371310332649212,2,0,4,302.3334405011739
2023-06-05,2023-06-11,2023-06-20,9,Deluxe,booking.com,6,0.9336236452602262,6,1,6,253.92074542822266
2023-12-03,2024-01-05,2024-01-11,6,Deluxe,expedia,33,0.8149435477755756,4,0,1,165.5621960648167
2023-06-17,2023-07-14,2023-07-16,2,Deluxe,direct,27,0.6753992221707599,4,0,7,252.23894610019008
2023-07-11,2023-07-25,2023-07-29,4,Suite,direct,14,0.8464375515581539,1,0,7,363.703288681727
2024-01-12,2024-03-11,2024-03-17,6,Standard,booking.com,59,0.7694044366369823,0,0,3,88.70208788836638
2023-08-28,2023-10-29,2023-11-03,5,Standard,airbnb,62,0.6291571450057808,6,1,10,84.90346846244728
2024-11-05,2025-01-19,2025-01-23,4,Standard,airbnb,75,0.5545177801667771,6,1,1,117.6477175872042
2023-03-20,2023-03-22,2023-03-28,6,Deluxe,booking.com,2,0.755168346977044,2,0,3,175.67952290127545
2023-12-01,2024-02-05,2024-02-13,8,Standard,expedia,66,0.5443977271573441,0,0,2,101.8239110266312
2024-06-08,2024-08-16,2024-08-22,6,Suite,direct,69,0.895412215455734,4,0,8,236.41325494279664
2023-11-24,2024-01-09,2024-01-15,6,Deluxe,booking.com,46,0.775021440954561,1,0,1,143.04330752717266
2024-08-20,2024-11-11,2024-11-12,1,Standard,airbnb,83,0.8484287325581423,0,0,11,77.03289446924609
2024-04-11,2024-06-05,2024-06-14,9,Suite,direct,55,0.6502366851664432,2,0,6,331.811510614102
2024-08-21,2024-09-08,2024-09-10,2,Deluxe,booking.com,18,0.6081096276962579,6,1,9,199.73798435562233
2024-04-17,2024-06-28,2024-07-02,4,Deluxe,booking.com,72,0.911232486584286,4,0,6,131.56284570058762
2023-04-29,2023-07-18,2023-07-21,3,Suite,airbnb,80,0.9245840722427758,1,0,7,226.2932193897422
2023-03-04,2023-06-01,2023-06-10,9,Standard,expedia,89,0.6041053893452546,3,0,6,102.76086559866714
2023-06-16,2023-07-21,2023-07-25,4,Standard,direct,35,0.5182865248320689,4,0,7,167.56127563305688
2024-01-25,2024-04-14,2024-04-20,6,Suite,booking.com,80,0.7050538065709895,6,1,4,215.6680334987382
2023-02-26,2023-05-05,2023-05-07,2,Deluxe,booking.com,68,0.6666073308709779,4,0,5,141.27076953740107
2023-03-13,2023-05-22,2023-05-26,4,Suite,airbnb,70,0.6805955040251636,0,0,5,211.31761576167165
2024-01-29,2024-02-22,2024-02-23,1,Standard,airbnb,24,0.835140501699009,3,0,2,114.1745236180378
2023-05-06,2023-05-30,2023-06-07,8,Standard,expedia,24,0.684214465112323,1,0,5,103.47047105426054
2023-08-13,2023-08-27,2023-09-02,6,Suite,booking.com,14,0.5197535872501285,6,1,8,579.391343167443
2024-11-13,2025-01-29,2025-02-06,8,Standard,expedia,77,0.7954309593430893,2,0,1,79.12635279539472
2024-11-14,2025-01-19,2025-01-25,6,Standard,booking.com,66,0.5902230993962182,6,1,1,122.09061533037313
2024-06-09,2024-06-18,2024-06-20,2,Suite,airbnb,9,0.924603463666255,1,0,6,340.5441036931148
2024-02-17,2024-05-10,2024-05-12,2,Deluxe,expedia,83,0.9035084423060484,4,0,5,99.52227122177567
2023-11-16,2023-12-29,2024-01-07,9,Deluxe,direct,43,0.78542051790757,4,0,12,169.33740115960123
2023-02-19,2023-05-01,2023-05-10,9,Standard,booking.com,71,0.7952843899181057,0,0,5,74.09458972242255
2023-09-08,2023-10-20,2023-10-29,9,Standard,expedia,42,0.5583368543224227,4,0,10,92.81192471034204
2024-06-27,2024-08-09,2024-08-17,8,Deluxe,expedia,43,0.7680275681503111,4,0,8,197.35966888428018
2024-02-01,2024-03-17,2024-03-22,5,Suite,airbnb,45,0.6119158286593775,6,1,3,289.8465578011963
2024-04-12,2024-05-15,2024-05-23,8,Suite,booking.com,33,0.8068878727640223,2,0,5,228.5008992748577
2024-05-29,2024-06-23,2024-06-30,7,Deluxe,booking.com,25,0.5152044825514712,6,1,6,336.6506320196947
2024-03-27,2024-05-23,2024-05-31,8,Standard,expedia,57,0.9412388815408839,3,0,5,71.33977250206479
2023-09-26,2023-12-19,2023-12-28,9,Deluxe,expedia,84,0.708832493807057,1,0,12,116.24557970583069
2024-06-19,2024-08-30,2024-09-05,6,Deluxe,expedia,72,0.5488325533040598,4,0,8,193.79444242870176
2023-11-11,2023-11-18,2023-11-19,1,Deluxe,direct,7,0.5871593188123985,5,1,11,246.41020186356874
2024-11-29,2025-02-13,2025-02-22,9,Deluxe,direct,76,0.7795990110096385,3,0,2,119.61254400242451
2023-07-06,2023-07-28,2023-08-06,9,Deluxe,expedia,22,0.6410492801584299,4,0,7,249.79608978536143
2023-06-22,2023-08-01,2023-08-10,9,Deluxe,expedia,40,0.5841747772602159,1,0,8,256.83407511308155
2023-04-23,2023-07-03,2023-07-06,3,Standard,direct,71,0.579807903226239,0,0,7,138.0522020214287
2024-07-04,2024-09-30,2024-10-07,7,Deluxe,booking.com,88,0.6555471394046593,0,0,9,109.2705735268529
2023-01-28,2023-04-02,2023-04-09,7,Deluxe,airbnb,64,0.8372842946730161,6,1,4,114.8863830132913
2023-08-12,2023-08-22,2023-08-24,2,Suite,airbnb,10,0.8275267848891542,1,0,8,375.7561113882037
2023-12-03,2024-01-15,2024-01-18,3,Suite,airbnb,43,0.9406106596712908,0,0,1,225.45711229259268
2024-01-15,2024-02-05,2024-02-11,6,Suite,airbnb,21,0.9353680532723052,0,0,2,244.81574795523954
2023-02-15,2023-04-20,2023-04-24,4,Standard,expedia,64,0.506681430248464,3,0,4,82.27485927844987
2024-12-01,2025-02-10,2025-02-15,5,Deluxe,direct,71,0.7459977382481332,0,0,2,120.9963597839322
2023-04-27,2023-05-22,2023-05-25,3,Suite,airbnb,25,0.7533967443829613,0,0,5,255.92975752167396
2024-04-03,2024-05-21,2024-05-24,3,Standard,expedia,48,0.5903538114751784,1,0,5,89.55894250476568
2024-12-26,2025-03-09,2025-03-10,1,Standard,expedia,73,0.5285988249295237,6,1,3,87.91443144868673
2023-03-01,2023-05-20,2023-05-25,5,Standard,direct,80,0.8498316593943176,5,1,5,75.63872812182137
2023-08-19,2023-08-26,2023-08-31,5,Standard,booking.com,7,0.8660671001122863,5,1,8,181.64213987523604
2023-12-13,2024-01-29,2024-02-04,6,Deluxe,airbnb,47,0.7199895103710455,0,0,1,152.03469350252382
2024-10-18,2024-11-21,2024-11-28,7,Deluxe,booking.com,34,0.5555722203498841,3,0,11,157.7968120546054
2024-06-12,2024-08-25,2024-08-26,1,Deluxe,direct,74,0.8591779593097305,6,1,8,194.47756992678532
2023-05-11,2023-07-20,2023-07-24,4,Deluxe,expedia,70,0.8482480979513981,3,0,7,151.64629520883787
2023-03-22,2023-05-30,2023-06-03,4,Suite,expedia,69,0.7331770013486554,1,0,5,194.32412247963464
2023-08-20,2023-09-25,2023-10-01,6,Standard,airbnb,36,0.8467742127173243,0,0,9,89.88797277249003
2024-10-03,2024-12-01,2024-12-04,3,Standard,airbnb,59,0.9083358895011363,6,1,12,102.52511221930804
2024-04-03,2024-06-07,2024-06-13,6,Suite,direct,65,0.5153079293449104,4,0,6,355.6575901249546
2024-02-23,2024-03-29,2024-04-03,5,Suite,booking.com,35,0.8305798032697651,4,0,3,240.95301256012738
2024-05-15,2024-05-29,2024-06-06,8,Suite,expedia,14,0.5057369099903807,2,0,5,328.53458287847525
2023-04-11,2023-06-20,2023-06-23,3,Standard,direct,70,0.9309823512169755,1,0,6,86.37106268529364
2024-04-17,2024-04-19,2024-04-24,5,Deluxe,direct,2,0.7353551492030839,4,0,4,158.41768346951335
2023-01-18,2023-04-07,2023-04-09,2,Suite,booking.com,79,0.8550539371608282,4,0,4,152.74093091052416
2023-05-01,2023-07-25,2023-08-02,8,Standard,expedia,85,0.7572358467859541,1,0,7,92.0446877286443
2024-11-29,2025-02-26,2025-03-04,6,Standard,airbnb,89,0.7724897938915533,2,0,2,75.8737067909939
2024-09-26,2024-09-27,2024-09-29,2,Suite,expedia,1,0.9217340942017027,4,0,9,243.5010618959777
2024-11-08,2024-12-13,2024-12-14,1,Suite,airbnb,35,0.9092470064780096,4,0,12,228.32247711749818
2023-09-10,2023-10-14,2023-10-17,3,Suite,expedia,34,0.6716850023238664,5,1,10,310.6103900017285
2023-08-27,2023-09-01,2023-09-07,6,Suite,expedia,5,0.5702964141907385,4,0,9,319.9078334548249
2023-12-28,2024-02-11,2024-02-17,6,Standard,booking.com,45,0.5752980676020648,6,1,2,140.9669325979302
2023-09-06,2023-09-29,2023-10-07,8,Deluxe,direct,23,0.5911224183533524,4,0,9,147.30832481303477
2023-05-19,2023-07-30,2023-08-08,9,Deluxe,airbnb,72,0.6582007440232108,6,1,7,200.18014115623222
2024-07-02,2024-07-15,2024-07-23,8,Deluxe,airbnb,13,0.6320058010921747,0,0,7,274.29658667111033
2023-02-10,2023-03-09,2023-03-16,7,Suite,booking.com,27,0.5484590718553086,3,0,3,294.9024839050527
2023-01-31,2023-02-18,2023-02-19,1,Deluxe,booking.com,18,0.8912948658595027,5,1,2,206.47129928674357
2024-03-28,2024-05-13,2024-05-21,8,Standard,direct,46,0.7448925675913702,0,0,5,98.41410399480594
2023-11-15,2023-11-25,2023-12-04,9,Deluxe,expedia,10,0.5364403722538487,5,1,11,236.69136516034422
2023-11-03,2023-12-05,2023-12-10,5,Suite,booking.com,32,0.5209780341047106,1,0,12,341.6706948701042
2024-02-05,2024-04-10,2024-04-16,6,Standard,booking.com,65,0.6071864013842042,2,0,4,87.6975077521264
2024-05-08,2024-06-09,2024-06-14,5,Deluxe,airbnb,32,0.7959663616322138,6,1,6,230.25359122103038
2024-07-15,2024-08-17,2024-08-20,3,Standard,airbnb,33,0.7074427836751132,5,1,8,166.06462306439033
2023-09-25,2023-11-17,2023-11-18,1,Suite,expedia,53,0.8016185331012344,4,0,11,203.74100154206891
2024-04-24,2024-06-29,2024-07-07,8,Deluxe,booking.com,66,0.6082468337841745,5,1,6,223.5895763926181
2023-03-21,2023-05-29,2023-06-07,9,Deluxe,expedia,69,0.7061580382165513,0,0,5,120.62148996477303
2024-04-19,2024-07-07,2024-07-16,9,Deluxe,direct,79,0.5880193280388768,6,1,7,216.47584697488205
2024-02-12,2024-02-26,2024-02-28,2,Suite,expedia,14,0.539431780477978,0,0,2,372.82863697749804
2024-09-12,2024-11-21,2024-11-26,5,Standard,booking.com,70,0.834273954715145,3,0,11,62.53013056766929
2023-02-08,2023-02-23,2023-02-25,2,Suite,airbnb,15,0.8652623925347702,3,0,2,301.38349773306095
2024-08-10,2024-09-24,2024-09-25,1,Deluxe,airbnb,45,0.765968108922955,1,0,9,129.24375725964842
2023-10-13,2024-01-08,2024-01-13,5,Deluxe,expedia,87,0.7447486953395195,0,0,1,137.7933681574361
2024-01-15,2024-01-16,2024-01-18,2,Suite,airbnb,1,0.9050237479704215,1,0,1,298.3077705570438
2023-06-28,2023-07-12,2023-07-16,4,Suite,booking.com,14,0.5002313077451204,2,0,7,491.62406961767863
2023-07-23,2023-10-18,2023-10-20,2,Suite,booking.com,87,0.6603396443910742,2,0,10,153.67568862912347
2024-09-02,2024-09-21,2024-09-29,8,Deluxe,expedia,19,0.724351923832143,5,1,9,186.23915104258705
2024-01-05,2024-01-25,2024-01-28,3,Suite,booking.com,20,0.7525601008826375,3,0,1,313.3236382712779
2024-07-08,2024-08-04,2024-08-10,6,Standard,booking.com,27,0.6474851918903469,6,1,8,190.06769260984686
2023-02-13,2023-03-14,2023-03-17,3,Suite,booking.com,29,0.8956018006100959,1,0,3,233.23521655470506
2024-04-24,2024-06-02,2024-06-03,1,Suite,direct,39,0.5598819641600731,6,1,6,474.6763558955196
2024-04-07,2024-05-26,2024-05-31,5,Standard,airbnb,49,0.6338604861195338,6,1,5,113.84938084577541
2024-06-20,2024-09-13,2024-09-17,4,Suite,booking.com,85,0.8649648247006982,4,0,9,163.88157236793194
2024-06-06,2024-08-20,2024-08-24,4,Standard,direct,75,0.6850208402363082,1,0,8,97.49703050021441
2023-03-08,2023-05-10,2023-05-16,6,Suite,airbnb,63,0.5530426374333994,2,0,5,232.67476501906037
2023-11-20,2023-11-23,2023-11-29,6,Deluxe,booking.com,3,0.831501603365397,3,0,11,154.17685079144707
2024-09-19,2024-09-24,2024-10-01,7,Suite,expedia,5,0.5858055063229838,1,0,9,323.50473386588214
2024-09-13,2024-11-15,2024-11-17,2,Suite,direct,63,0.5670481613370597,4,0,11,221.80025230467544
2023-04-24,2023-06-04,2023-06-10,6,Suite,booking.com,41,0.7990822505321731,6,1,6,392.5310624570037
2023-09-14,2023-09-24,2023-10-03,9,Standard,airbnb,10,0.8171417551438992,6,1,9,118.92324888781432
2023-02-10,2023-03-11,2023-03-16,5,Deluxe,expedia,29,0.7869430454077664,5,1,3,149.9121839074395
2024-12-11,2025-01-07,2025-01-11,4,Standard,booking.com,27,0.5490981371380405,1,0,1,134.25526840861653
2024-12-18,2025-01-04,2025-01-07,3,Standard,expedia,17,0.9365353943061645,5,1,1,120.4344250346989
2023-07-02,2023-07-21,2023-07-25,4,Standard,booking.com,19,0.6076188497918698,4,0,7,193.12109859977977
2024-04-03,2024-04-13,2024-04-21,8,Deluxe,airbnb,10,0.7305234170845916,5,1,4,201.12823050637104
2023-02-17,2023-04-03,2023-04-10,7,Standard,expedia,45,0.9043240024492705,0,0,4,81.1972332686013
2023-01-13,2023-02-17,2023-02-18,1,Standard,booking.com,35,0.6127194606966614,4,0,2,146.36251806577943
2024-08-25,2024-10-06,2024-10-12,6,Suite,direct,42,0.816369129749141,6,1,10,265.73924825956726
2023-07-04,2023-09-29,2023-09-30,1,Standard,direct,87,0.664078210254403,4,0,9,75.56526728423869
2023-12-09,2024-01-31,2024-02-04,4,Suite,expedia,53,0.8897094249803362,2,0,1,230.21708854110244
2024-01-31,2024-03-25,2024-04-03,9,Deluxe,airbnb,54,0.5949124707995833,0,0,3,152.97782155075294
2023-04-04,2023-06-07,2023-06-14,7,Suite,expedia,64,0.7502363661516311,2,0,6,297.62049522601905
2023-03-03,2023-04-01,2023-04-08,7,Suite,booking.com,29,0.714775391697861,5,1,4,295.78308320721976
2024-09-07,2024-11-18,2024-11-23,5,Deluxe,booking.com,72,0.709366513519578,0,0,11,111.44573189174247
2023-07-17,2023-08-25,2023-08-29,4,Deluxe,expedia,39,0.8734266223371496,4,0,8,163.54969665812845
2023-05-20,2023-06-15,2023-06-19,4,Deluxe,booking.com,26,0.7413222243120884,3,0,6,230.02075168219235
2024-06-07,2024-08-15,2024-08-20,5,Suite,airbnb,69,0.6063111637851603,3,0,8,318.78423238335455
2023-07-22,2023-07-25,2023-07-26,1,Deluxe,airbnb,3,0.5386278510428419,1,0,7,290.51778718718947
2023-07-21,2023-08-16,2023-08-19,3,Standard,booking.com,26,0.8515409475561504,2,0,8,142.9481543174202
2023-06-03,2023-08-04,2023-08-08,4,Deluxe,booking.com,62,0.717678125786358,4,0,8,189.27767659679245
2024-03-20,2024-05-20,2024-05-25,5,Standard,booking.com,61,0.8984423241769182,0,0,5,58.12646595228255
2024-10-20,2024-12-30,2025-01-08,9,Deluxe,airbnb,71,0.8739828669471119,0,0,12,145.07366793982632
2024-09-21,2024-10-31,2024-11-07,7,Suite,airbnb,40,0.9181272182074599,3,0,10,202.98611232734157
2023-07-20,2023-08-31,2023-09-09,9,Standard,airbnb,42,0.6959022353569932,3,0,8,134.31543910239856
2023-06-09,2023-08-28,2023-09-04,7,Suite,direct,80,0.9486029456503285,0,0,8,211.36523601512238
2024-11-17,2024-12-23,2024-12-25,2,Deluxe,booking.com,36,0.7552589455743435,0,0,12,169.76052963802684
2024-09-17,2024-12-03,2024-12-08,5,Deluxe,booking.com,77,0.8995886531270652,1,0,12,117.48281837062088
2023-01-17,2023-02-24,2023-02-27,3,Deluxe,direct,38,0.8674855959347577,4,0,2,155.410820517003
2024-04-06,2024-06-27,2024-06-28,1,Deluxe,booking.com,82,0.9163020363716606,3,0,6,131.05458732672457
2024-01-08,2024-01-22,2024-01-27,5,Suite,expedia,14,0.6743786990650441,0,0,1,335.3623675036293
2024-01-25,2024-02-19,2024-02-23,4,Deluxe,direct,25,0.7857582701621868,0,0,2,160.51987995794872
2024-05-10,2024-07-20,2024-07-25,5,Standard,booking.com,71,0.9216108064983247,5,1,7,104.87257546225686
2024-08-03,2024-08-04,2024-08-10,6,Standard,booking.com,1,0.8162312485024245,6,1,8,196.01026866802118
2023-08-02,2023-09-29,2023-10-05,6,Standard,booking.com,58,0.6121869028389413,4,0,9,84.20473712571508
2023-03-13,2023-04-19,2023-04-21,2,Standard,direct,37,0.854437657355947,2,0,4,93.22535665786609
2024-03-11,2024-05-12,2024-05-13,1,Deluxe,expedia,62,0.557696101756246,6,1,5,165.9359121581759
2024-11-18,2024-11-29,2024-12-04,5,Suite,booking.com,11,0.5147851341606671,4,0,11,330.48892828229026
2024-06-30,2024-09-23,2024-09-24,1,Standard,expedia,85,0.802341941290728,0,0,9,59.02994901655496
2023-04-03,2023-04-24,2023-05-03,9,Standard,booking.com,21,0.9306546816429093,0,0,4,79.7510609551086
2024-05-03,2024-07-30,2024-08-01,2,Deluxe,direct,88,0.5958217885806507,1,0,7,163.19041699395694
2024-07-02,2024-08-16,2024-08-17,1,Suite,expedia,45,0.5057560160540712,4,0,8,402.7544717470993
2023-02-27,2023-04-24,2023-05-02,8,Deluxe,direct,56,0.9427196425303006,0,0,4,89.2624236848903
2024-11-10,2024-12-11,2024-12-19,8,Standard,airbnb,31,0.5771495451983385,2,0,12,145.06091986532144
2024-12-05,2024-12-21,2024-12-27,6,Suite,airbnb,16,0.8659521464629722,5,1,12,361.36562658212597
2024-03-07,2024-04-17,2024-04-23,6,Deluxe,booking.com,41,0.5450994912199536,2,0,4,162.93974224551
2024-07-10,2024-09-27,2024-10-02,5,Standard,direct,79,0.6060186919231918,4,0,9,85.0254859365714
2024-06-09,2024-08-07,2024-08-15,8,Deluxe,booking.com,59,0.6177402142336498,2,0,8,199.7592352181787
2023-05-01,2023-06-29,2023-07-01,2,Deluxe,booking.com,59,0.8162403818351481,3,0,6,152.386668585336
2023-01-24,2023-04-01,2023-04-08,7,Deluxe,direct,67,0.5559245169499801,5,1,4,145.2093094701974
2023-12-31,2024-03-29,2024-04-04,6,Standard,airbnb,89,0.9264320237622247,4,0,3,71.58618632683329
2024-10-28,2024-12-29,2025-01-03,5,Deluxe,expedia,62,0.888008312215234,6,1,12,159.13186331620113
2023-06-09,2023-06-30,2023-07-04,4,Standard,airbnb,21,0.7442346122605729,4,0,6,162.49450153948857
2023-01-05,2023-01-08,2023-01-10,2,Suite,booking.com,3,0.7052505824740409,6,1,1,418.3588995241641
2023-07-26,2023-10-11,2023-10-19,8,Deluxe,direct,77,0.5957614531683356,2,0,10,138.76735095223353
2023-11-20,2023-11-27,2023-12-01,4,Suite,direct,7,0.7001019941011821,0,0,11,302.72229352264486
2024-05-06,2024-06-15,2024-06-22,7,Standard,booking.com,40,0.702217098296336,5,1,6,174.82878379009688
2024-01-22,2024-03-08,2024-03-13,5,Suite,expedia,46,0.6292732421226168,4,0,3,235.08558394164714
2023-05-24,2023-08-15,2023-08-16,1,Suite,airbnb,83,0.573120347730723,1,0,8,291.57064724792343
2024-03-14,2024-05-13,2024-05-15,2,Deluxe,booking.com,60,0.6781138205550218,0,0,5,141.96416104182174
2023-02-20,2023-04-07,2023-04-08,1,Suite,expedia,46,0.9158764926254236,4,0,4,195.8656838513865
2023-12-07,2024-02-03,2024-02-08,5,Standard,expedia,58,0.9099359051451954,5,1,2,89.42162692312465
2024-09-30,2024-10-11,2024-10-17,6,Deluxe,airbnb,11,0.6458575230809798,4,0,10,182.4896681830823
2024-12-22,2025-02-19,2025-02-22,3,Standard,direct,59,0.8160637022341244,2,0,2,94.66535272453854
2023-07-14,2023-08-06,2023-08-13,7,Deluxe,direct,23,0.9168562605358377,6,1,8,250.29065953018124
2024-06-28,2024-08-21,2024-08-25,4,Standard,airbnb,54,0.6813841462560606,2,0,8,127.86061088084388
2024-06-17,2024-07-16,2024-07-19,3,Suite,expedia,29,0.7603748680656618,1,0,7,372.5396992757341
2023-06-23,2023-07-21,2023-07-27,6,Standard,airbnb,28,0.7005091527407284,4,0,7,151.3096653729358
2023-08-25,2023-09-29,2023-10-02,3,Suite,airbnb,35,0.8998435798791445,4,0,9,200.9689917492512
2023-11-24,2024-01-20,2024-01-29,9,Suite,direct,57,0.8127909402277074,5,1,1,280.41230173240706
2024-07-05,2024-09-26,2024-10-02,6,Suite,direct,83,0.5743029734080554,3,0,9,212.81163698227894
2023-03-13,2023-05-04,2023-05-12,8,Standard,booking.com,52,0.8683472767678024,3,0,5,82.22453136569406
2024-11-27,2025-01-23,2025-01-24,1,Suite,booking.com,57,0.7647955069982464,3,0,1,246.640826720578
2024-12-04,2025-03-03,2025-03-07,4,Deluxe,airbnb,89,0.7728270716144588,0,0,3,94.38190383066642
2024-07-30,2024-10-03,2024-10-08,5,Standard,booking.com,65,0.683156339893547,3,0,10,70.7327564361904
2024-07-23,2024-09-09,2024-09-13,4,Deluxe,direct,48,0.8071900613771121,0,0,9,128.1415340392353
2024-04-23,2024-04-27,2024-05-06,9,Deluxe,expedia,4,0.5948174101708289,5,1,4,225.38304083556673
2024-12-11,2024-12-30,2025-01-03,4,Deluxe,direct,19,0.6536682894650578,0,0,12,186.77899582462877
2023-07-30,2023-09-14,2023-09-17,3,Deluxe,direct,46,0.6350093901253537,3,0,9,149.56251880041452
2023-12-31,2024-01-06,2024-01-07,1,Standard,booking.com,6,0.9473258438947159,5,1,1,136.28756532332199
2024-11-04,2024-12-22,2024-12-31,9,Deluxe,airbnb,48,0.7598621736519449,6,1,12,171.567481896817
2023-07-25,2023-09-06,2023-09-09,3,Suite,airbnb,43,0.897415397767078,2,0,9,196.3841496175129
2023-05-02,2023-05-19,2023-05-26,7,Standard,direct,17,0.6368643551077732,4,0,5,122.2455429410492
2023-11-24,2023-12-12,2023-12-15,3,Deluxe,airbnb,18,0.9497159866780773,1,0,12,162.2668649591884
2024-05-04,2024-06-28,2024-06-30,2,Suite,direct,55,0.6677930613888875,4,0,6,341.86417813708755
2023-07-25,2023-08-16,2023-08-19,3,Deluxe,airbnb,22,0.6282194629565722,2,0,8,253.41580021230817
2023-10-08,2023-12-25,2023-12-31,6,Deluxe,expedia,78,0.7714087467182859,0,0,12,113.94214632668877
2023-01-24,2023-04-14,2023-04-18,4,Deluxe,airbnb,80,0.7786981963573405,4,0,4,116.8404986743761
2024-10-31,2024-11-21,2024-11-27,6,Suite,expedia,21,0.5482494417670527,3,0,11,297.34725641249895
2023-01-17,2023-01-27,2023-02-05,9,Suite,expedia,10,0.7978598228074257,4,0,1,324.0613141733285
2024-07-15,2024-08-28,2024-09-06,9,Standard,airbnb,44,0.6690898169272141,2,0,8,150.36853823287248
2023-10-02,2023-10-03,2023-10-09,6,Standard,airbnb,1,0.6542818835114838,1,0,10,128.6815304055774
2023-05-30,2023-07-16,2023-07-24,8,Standard,airbnb,47,0.905879997145512,6,1,7,147.65901487558335
2024-06-19,2024-07-28,2024-08-02,5,Suite,airbnb,39,0.5701210042853876,6,1,7,492.4372744024314
2024-04-19,2024-07-09,2024-07-12,3,Standard,airbnb,81,0.5281920313661935,1,0,7,127.90045329506283
2023-02-17,2023-04-09,2023-04-16,7,Standard,booking.com,51,0.8618556594301259,6,1,4,87.92022322366496
2023-06-02,2023-07-20,2023-07-24,4,Suite,direct,48,0.5540707291485174,3,0,7,387.2605365192442
2024-04-28,2024-05-24,2024-05-25,1,Standard,direct,26,0.7045030016294189,4,0,5,109.65629603243492
2023-10-05,2023-11-22,2023-11-25,3,Deluxe,expedia,48,0.85343522919266,2,0,11,143.43680079415986
2023-10-01,2023-12-10,2023-12-15,5,Suite,direct,70,0.6820812533688104,6,1,12,287.91220125998177
2023-07-29,2023-08-28,2023-08-29,1,Standard,direct,30,0.6404962874400242,0,0,8,167.17950670753717
2023-08-16,2023-10-03,2023-10-10,7,Standard,expedia,48,0.7275896541914788,1,0,10,98.71047308208891
2024-10-09,2024-11-24,2024-11-27,3,Standard,booking.com,46,0.7128964604599353,6,1,11,117.98228165257882
2024-03-28,2024-04-04,2024-04-12,8,Standard,direct,7,0.8145783113978169,3,0,4,100.59187855658828
2023-09-01,2023-09-29,2023-09-30,1,Standard,airbnb,28,0.9093252102627278,4,0,9,87.82251248387087
2023-09-22,2023-11-14,2023-11-17,3,Standard,direct,53,0.674164481275269,1,0,11,90.88227610367257
2023-08-04,2023-10-05,2023-10-08,3,Deluxe,direct,62,0.7549575063756706,3,0,10,113.30832630871488
2024-01-14,2024-03-04,2024-03-09,5,Standard,expedia,50,0.5276704579402864,0,0,3,115.67462031048072
2023-09-06,2023-10-06,2023-10-10,4,Standard,expedia,30,0.8282590758710349,4,0,10,88.21338234332843
2024-04-10,2024-04-16,2024-04-25,9,Deluxe,booking.com,6,0.7179967659092439,1,0,4,178.37696732341408
2024-05-09,2024-07-05,2024-07-06,1,Suite,airbnb,57,0.5934738461237332,4,0,7,341.81465393662717
2023-12-07,2023-12-28,2023-12-31,3,Deluxe,expedia,21,0.7022247266086092,3,0,12,195.73242230923324
2024-05-14,2024-07-31,2024-08-01,1,Suite,direct,78,0.7124059327961252,2,0,7,258.5004191060038
2023-10-09,2023-10-21,2023-10-28,7,Deluxe,booking.com,12,0.8145244534315237,5,1,10,179.27405005405984
2024-11-12,2025-01-30,2025-02-05,6,Deluxe,expedia,79,0.8891836597722541,3,0,1,106.42746044222147
2024-09-09,2024-10-13,2024-10-17,4,Standard,expedia,34,0.93090018726131,6,1,10,105.79518834914862
2023-04-05,2023-06-02,2023-06-03,1,Suite,expedia,58,0.503929076796277,4,0,6,374.9681382838596
2023-12-03,2024-01-13,2024-01-22,9,Standard,expedia,41,0.5216724054076425,5,1,1,149.05302731001072
2024-08-16,2024-08-17,2024-08-22,5,Deluxe,expedia,1,0.6124426376229362,5,1,8,353.1178134880004
2023-11-14,2023-11-26,2023-11-28,2,Suite,booking.com,12,0.8473211441980033,6,1,11,279.8397100442195
2023-05-24,2023-07-19,2023-07-23,4,Suite,booking.com,56,0.6069459379548108,2,0,7,358.1494614967222
2024-09-17,2024-10-07,2024-10-11,4,Standard,booking.com,20,0.5860725622704459,0,0,10,141.44530551099118
2023-09-27,2023-11-07,2023-11-08,1,Standard,airbnb,41,0.9121749825747643,1,0,11,62.89340699865772
2024-03-20,2024-04-10,2024-04-19,9,Deluxe,direct,21,0.8231170075867785,2,0,4,145.35752252546862
2024-01-10,2024-01-15,2024-01-21,6,Deluxe,booking.com,5,0.8915680621686735,0,0,1,182.91526769970147
2024-08-04,2024-09-21,2024-09-24,3,Suite,direct,48,0.7888476018015844,5,1,9,249.95734602822492
2023-12-12,2024-01-11,2024-01-12,1,Deluxe,booking.com,30,0.6416612316757477,3,0,1,191.0923242638192
2023-01-03,2023-03-01,2023-03-09,8,Suite,direct,57,0.8948960943335558,2,0,3,178.76067514558548
2024-08-15,2024-10-26,2024-10-31,5,Standard,expedia,72,0.8339035891276677,5,1,10,87.62253498049267
2023-03-18,2023-06-07,2023-06-12,5,Standard,expedia,81,0.8060646013027588,2,0,6,114.19148416723405
2023-04-02,2023-06-09,2023-06-16,7,Deluxe,airbnb,68,0.8294602636488777,4,0,6,162.0452620681905
2023-01-27,2023-02-21,2023-02-27,6,Standard,airbnb,25,0.9461807198903457,1,0,2,105.42581692857655
2024-05-22,2024-08-05,2024-08-13,8,Standard,airbnb,75,0.6998603058334961,0,0,8,123.781753870173
2024-05-27,2024-07-15,2024-07-18,3,Standard,booking.com,49,0.8683496962138977,0,0,7,113.81296526448088
2023-03-18,2023-06-04,2023-06-08,4,Deluxe,airbnb,78,0.636366206150128,6,1,6,197.9977703078776
2024-09-05,2024-10-24,2024-11-01,8,Standard,airbnb,49,0.8014487049129124,3,0,10,65.04934188245947
2023-08-28,2023-11-12,2023-11-15,3,Standard,expedia,76,0.6709498253323862,6,1,11,94.1896397287075
2024-08-06,2024-09-05,2024-09-12,7,Deluxe,direct,30,0.5583990889213954,3,0,9,168.361405914213
2023-08-11,2023-10-12,2023-10-21,9,Deluxe,airbnb,62,0.8768304933766735,3,0,10,92.01845659187266
2023-05-31,2023-07-30,2023-08-01,2,Standard,expedia,60,0.9074199936973486,6,1,7,116.55206471939904
2024-06-27,2024-08-11,2024-08-18,7,Suite,expedia,45,0.9098130139359492,6,1,8,357.10344185035626
2024-05-24,2024-06-04,2024-06-05,1,Standard,airbnb,11,0.6366403020429644,1,0,6,176.06754485067358
2023-01-25,2023-04-06,2023-04-07,1,Standard,expedia,71,0.6118061248866803,3,0,4,77.79979002881579
2024-10-09,2024-11-19,2024-11-28,9,Standard,direct,41,0.721372035225514,1,0,11,87.795730513698
2024-04-01,2024-06-06,2024-06-10,4,Suite,airbnb,66,0.8720837686288991,3,0,6,258.05103023074605
2023-08-14,2023-08-29,2023-09-01,3,Deluxe,airbnb,15,0.6840482054877133,1,0,8,232.8223390607626
2024-12-02,2025-03-01,2025-03-08,7,Suite,direct,89,0.779248266092216,5,1,3,197.13736437453773
2024-07-02,2024-09-29,2024-10-04,5,Deluxe,expedia,89,0.7693693488100674,6,1,9,115.7953613978337
2024-08-24,2024-09-23,2024-09-26,3,Standard,booking.com,30,0.6263634970876313,0,0,9,98.2037230105438
2024-11-12,2024-12-26,2025-01-04,9,Deluxe,airbnb,44,0.5490798758866027,3,0,12,167.27564495989228
2024-09-01,2024-09-03,2024-09-09,6,Suite,booking.com,2,0.5063731694385122,1,0,9,333.6813523325076
2024-01-27,2024-02-29,2024-03-05,5,Standard,airbnb,33,0.7431443878515674,3,0,2,115.52937502610126
2024-02-23,2024-05-20,2024-05-25,5,Suite,direct,87,0.785403005320394,0,0,5,161.70130560182
2023-07-21,2023-08-01,2023-08-05,4,Deluxe,direct,11,0.7990181698678958,1,0,8,239.13051689929082
2024-10-17,2024-12-04,2024-12-11,7,Deluxe,direct,48,0.9223550021150182,2,0,12,150.74641489286574
2024-12-20,2025-01-22,2025-01-23,1,Standard,airbnb,33,0.8053264181201076,2,0,1,96.97093033497295
2024-02-01,2024-02-08,2024-02-16,8,Suite,airbnb,7,0.6100493917342467,3,0,2,361.6857572071429
2024-03-09,2024-03-29,2024-04-01,3,Deluxe,expedia,20,0.9056773312576966,4,0,3,143.20527809263874
2024-11-14,2024-12-26,2024-12-27,1,Standard,expedia,42,0.5205442185931103,3,0,12,137.32008020537074
2023-08-25,2023-11-09,2023-11-17,8,Standard,booking.com,76,0.6880316396686111,3,0,11,64.66989514627569
2023-06-14,2023-06-29,2023-07-01,2,Standard,booking.com,15,0.8150934414453732,3,0,6,149.17734629569748
2023-05-15,2023-08-06,2023-08-14,8,Suite,direct,83,0.7391056520053634,6,1,8,314.8445214572421
2023-03-17,2023-05-27,2023-06-04,8,Standard,direct,71,0.684875101235557,5,1,5,101.27676946123745
2024-07-18,2024-08-08,2024-08-14,6,Deluxe,airbnb,21,0.8406148619722669,3,0,8,217.42573585907698
2024-04-04,2024-05-17,2024-05-23,6,Standard,direct,43,0.8038667730336815,4,0,5,71.7485846572008
2024-07-03,2024-07-25,2024-07-28,3,Standard,booking.com,22,0.8164105763474814,3,0,7,130.33378019372145
2023-01-24,2023-02-01,2023-02-08,7,Standard,airbnb,8,0.6241028540049977,2,0,2,132.59527281697152
2024-06-13,2024-07-09,2024-07-16,7,Standard,booking.com,26,0.8585168819974118,1,0,7,133.50201695625285
2024-11-22,2025-01-14,2025-01-18,4,Deluxe,direct,53,0.8919922461361787,1,0,1,117.69177106074062
2024-03-05,2024-03-17,2024-03-24,7,Standard,airbnb,12,0.8626928676537683,6,1,3,108.59678053765106
2024-12-10,2024-12-28,2024-12-30,2,Suite,direct,18,0.7538833165207385,5,1,12,379.46600949139196
2024-07-23,2024-09-21,2024-09-24,3,Suite,direct,60,0.9454531208302257,5,1,9,192.82245805950828
2024-08-15,2024-10-04,2024-10-13,9,Suite,booking.com,50,0.5916892836819592,4,0,10,240.1795627861999
2024-11-08,2025-01-31,2025-02-07,7,Standard,airbnb,84,0.5384425770135121,4,0,1,106.92755047914783
2024-05-25,2024-08-04,2024-08-07,3,Suite,expedia,71,0.9285302172614286,6,1,8,297.8862304935896
2023-01-21,2023-03-30,2023-04-01,2,Standard,airbnb,68,0.8315017498672665,3,0,3,84.99257811946018
2023-06-30,2023-09-21,2023-09-28,7,Deluxe,airbnb,83,0.9129719897087023,3,0,9,86.92900430001716
2023-01-14,2023-01-17,2023-01-26,9,Standard,booking.com,3,0.7345300174446265,1,0,1,142.7152004323006
2023-01-01,2023-03-17,2023-03-19,2,Suite,direct,75,0.5821962286846595,4,0,3,194.988935561539
2024-02-29,2024-03-03,2024-03-05,2,Standard,airbnb,3,0.8884109520984169,6,1,3,112.79375217910237
2024-10-14,2024-11-08,2024-11-10,2,Suite,airbnb,25,0.7496168702688478,4,0,11,264.96823975677876
2024-04-07,2024-04-30,2024-05-01,1,Suite,airbnb,23,0.6282269173893238,1,0,4,282.13840262115343
2024-08-13,2024-09-08,2024-09-12,4,Suite,booking.com,26,0.5704617299946556,6,1,9,344.88228641890146
2024-05-04,2024-06-14,2024-06-17,3,Standard,booking.com,41,0.9262264901203715,4,0,6,108.1450303880728
2023-10-14,2023-11-16,2023-11-20,4,Suite,booking.com,33,0.723311597388842,3,0,11,273.87913847393344
2023-09-12,2023-12-01,2023-12-10,9,Suite,airbnb,80,0.8619261442464599,4,0,12,173.74589700822037
2023-05-18,2023-05-22,2023-05-25,3,Deluxe,airbnb,4,0.7991628358974026,0,0,5,140.28257057481943
2024-05-10,2024-06-20,2024-06-29,9,Deluxe,expedia,41,0.6962168870489321,3,0,6,231.5383610148256
2024-11-15,2024-11-29,2024-12-03,4,Standard,booking.com,14,0.6272550741129302,4,0,11,120.16700810258078
2023-11-01,2023-11-25,2023-11-30,5,Standard,airbnb,24,0.7377063172625027,5,1,11,125.86806769042627
2024-01-29,2024-03-22,2024-03-31,9,Standard,booking.com,53,0.6031660310548282,4,0,3,104.79758449401638
2024-06-27,2024-08-05,2024-08-11,6,Deluxe,direct,39,0.8222147031416897,0,0,8,192.00701741259118
2024-04-08,2024-04-18,2024-04-25,7,Standard,direct,10,0.9106970615971175,3,0,4,107.6735776265439
2024-07-16,2024-07-28,2024-08-04,7,Deluxe,booking.com,12,0.9135189570199389,6,1,7,245.1963013932038
2023-05-08,2023-06-16,2023-06-20,4,Suite,airbnb,39,0.5334618619932667,4,0,6,408.02150975558635
2023-06-29,2023-08-03,2023-08-09,6,Deluxe,airbnb,35,0.6814683641717286,3,0,8,232.2053989317981
2023-11-17,2024-01-02,2024-01-08,6,Suite,direct,46,0.5470993329411757,1,0,1,301.58287755382275
2023-05-11,2023-07-22,2023-07-30,8,Suite,direct,72,0.7242827781405985,5,1,7,324.2195692897689
2024-08-03,2024-09-28,2024-10-04,6,Deluxe,booking.com,56,0.5526111870579061,5,1,9,162.92757820256466
2023-07-29,2023-10-02,2023-10-10,8,Suite,airbnb,65,0.530841123825304,0,0,10,230.57666339147298
2023-10-12,2023-12-07,2023-12-08,1,Standard,direct,56,0.8303667080240613,3,0,12,79.37501164483487
2023-12-22,2024-01-04,2024-01-06,2,Standard,booking.com,13,0.6084451163279503,3,0,1,149.7053344002455
2024-06-23,2024-07-29,2024-08-02,4,Suite,airbnb,36,0.8757236820228367,0,0,7,315.6943988700099
2024-02-24,2024-03-21,2024-03-23,2,Suite,expedia,26,0.5363081488735552,3,0,3,310.2463598565109
2024-06-30,2024-07-12,2024-07-19,7,Standard,airbnb,12,0.6285959045832832,4,0,7,181.51031374140769
2024-06-22,2024-08-05,2024-08-14,9,Suite,direct,44,0.7829261343073692,0,0,8,332.50989859920236
2024-11-09,2025-01-14,2025-01-19,5,Deluxe,expedia,66,0.8127633717047393,1,0,1,122.9329972526609
2023-07-20,2023-09-02,2023-09-09,7,Deluxe,booking.com,44,0.9259870836644191,5,1,9,128.14091343685575
2023-12-09,2023-12-24,2024-01-01,8,Deluxe,airbnb,15,0.8623993544214817,6,1,12,201.83126341670297
2023-03-13,2023-05-22,2023-05-31,9,Suite,direct,70,0.55337186736188,0,0,5,228.57909583870634
2023-08-18,2023-09-24,2023-09-30,6,Suite,direct,37,0.8513709497751059,6,1,9,247.1610999671897
2024-08-12,2024-09-22,2024-09-24,2,Suite,direct,41,0.6114518889068172,6,1,9,286.47786816306206
2023-11-04,2024-01-25,2024-01-26,1,Suite,expedia,82,0.5741388816305362,3,0,1,218.3647465970494
2024-05-15,2024-06-15,2024-06-21,6,Suite,booking.com,31,0.6725972070897952,5,1,6,466.0974477306832
2023-02-16,2023-04-20,2023-04-28,8,Standard,expedia,63,0.9178863384314375,3,0,4,61.17883798006383
2023-03-08,2023-04-14,2023-04-20,6,Deluxe,airbnb,37,0.7613144448642564,4,0,4,134.75426009163104
2024-06-21,2024-09-18,2024-09-27,9,Deluxe,airbnb,89,0.649187934081723,2,0,9,122.72043185121582
2023-11-14,2023-12-31,2024-01-09,9,Deluxe,direct,47,0.5693166856169402,6,1,12,221.28189027388825
2024-05-02,2024-05-23,2024-05-24,1,Standard,airbnb,21,0.8702730900589029,3,0,5,93.35071755707848
2023-11-06,2023-12-16,2023-12-20,4,Deluxe,expedia,40,0.9415396163384102,5,1,12,181.35977589411604
2023-04-09,2023-04-18,2023-04-27,9,Deluxe,airbnb,9,0.7997927479746854,1,0,4,155.2748748810748
2024-11-07,2024-12-13,2024-12-17,4,Deluxe,airbnb,36,0.8958796217588196,4,0,12,156.22771255489593
2024-07-29,2024-09-09,2024-09-11,2,Suite,airbnb,42,0.8141175085233172,0,0,9,190.12556664251684
2024-02-07,2024-02-28,2024-03-03,4,Deluxe,direct,21,0.5449561018934748,2,0,2,200.43892542576788
2023-12-12,2024-02-06,2024-02-15,9,Suite,airbnb,56,0.6775255253958857,1,0,2,276.44042464191205
2023-04-25,2023-06-27,2023-06-30,3,Standard,expedia,63,0.8503656117228362,1,0,6,107.97162373502042
2024-01-03,2024-02-23,2024-02-26,3,Suite,expedia,51,0.9403474578998233,4,0,2,225.60826657998965
2023-08-11,2023-08-14,2023-08-22,8,Suite,booking.com,3,0.8006281885449014,0,0,8,418.34460886647577
2023-12-13,2024-02-04,2024-02-10,6,Standard,direct,53,0.7609381545473937,6,1,2,111.60219988663553
2023-12-02,2024-02-01,2024-02-02,1,Standard,direct,61,0.6918015388805692,3,0,2,96.28460071676659
2024-12-23,2024-12-31,2025-01-01,1,Standard,direct,8,0.7322045882027307,1,0,12,133.14405890829764
2023-12-08,2024-02-24,2024-03-03,8,Suite,direct,78,0.8989658053283807,5,1,2,209.18913515406857
2024-03-29,2024-06-10,2024-06-17,7,Deluxe,airbnb,73,0.8673035500930386,0,0,6,152.56972073908756
2023-07-23,2023-08-08,2023-08-13,5,Standard,airbnb,16,0.7598128479233834,1,0,8,166.3210315938754
2024-10-10,2024-11-27,2024-11-30,3,Standard,expedia,48,0.677613870045138,2,0,11,86.65005248049158
2023-12-02,2024-02-15,2024-02-18,3,Deluxe,booking.com,75,0.5443652714443286,3,0,2,142.56656686207745
2024-10-19,2024-11-26,2024-12-02,6,Deluxe,airbnb,38,0.7338975772181838,1,0,11,159.28964181634527
2024-07-15,2024-07-21,2024-07-22,1,Suite,booking.com,6,0.6033783464349796,6,1,7,558.6848893866979
2023-01-23,2023-04-11,2023-04-19,8,Suite,airbnb,78,0.6314524436024173,1,0,4,198.04468698880711
2024-02-29,2024-03-16,2024-03-18,2,Standard,direct,16,0.5451149554112288,5,1,3,166.2966101408126
2023-02-17,2023-03-05,2023-03-09,4,Deluxe,booking.com,16,0.7769175893915456,6,1,3,188.70007900616898
2023-07-27,2023-08-09,2023-08-13,4,Deluxe,airbnb,13,0.5439269606175208,2,0,8,282.0942563241337
2024-09-02,2024-09-16,2024-09-23,7,Deluxe,expedia,14,0.6472417107355736,0,0,9,164.60600570961935
2023-01-13,2023-03-22,2023-03-28,6,Deluxe,direct,68,0.903799427281015,2,0,3,82.7259007232691
2024-06-07,2024-08-02,2024-08-09,7,Suite,airbnb,56,0.7796655966059423,4,0,8,290.6399076232107
2024-11-18,2025-02-12,2025-02-15,3,Deluxe,booking.com,86,0.5784730230994459,2,0,2,146.7758112556933
2024-02-28,2024-05-15,2024-05-23,8,Standard,booking.com,77,0.8330949578921858,2,0,5,43.65643181624036
2024-11-11,2025-01-31,2025-02-06,6,Suite,booking.com,81,0.6719876387967771,4,0,1,217.46069667026305
2023-10-14,2023-12-16,2023-12-17,1,Suite,direct,63,0.6804663162757255,5,1,12,300.74464105402143
2024-05-31,2024-08-07,2024-08-13,6,Deluxe,booking.com,68,0.7003333489905373,2,0,8,188.3115399716567
2024-03-22,2024-05-15,2024-05-24,9,Standard,booking.com,54,0.9205457322702495,2,0,5,61.33285575071804
2023-08-10,2023-09-11,2023-09-18,7,Suite,booking.com,32,0.9255409083968287,0,0,9,207.80757213233466
2024-01-10,2024-03-03,2024-03-08,5,Standard,direct,53,0.9176322430359575,6,1,3,96.25978095613269
2023-07-19,2023-09-24,2023-10-01,7,Suite,direct,67,0.5503025310362758,6,1,9,266.0718856927919
2023-10-15,2023-12-08,2023-12-17,9,Suite,direct,54,0.5914537218406672,4,0,12,289.15709258021036
2024-11-01,2024-12-15,2024-12-16,1,Standard,direct,44,0.5515973857281912,6,1,12,173.44399720525996
2023-09-21,2023-12-18,2023-12-26,8,Deluxe,booking.com,88,0.7240223801986966,0,0,12,130.9350149127362
2023-09-19,2023-10-06,2023-10-09,3,Suite,airbnb,17,0.7118045201343137,4,0,10,274.41068072379824
2023-09-06,2023-10-28,2023-10-30,2,Suite,airbnb,52,0.8695649713278633,5,1,10,229.9289520652666
2023-05-14,2023-07-22,2023-07-29,7,Suite,expedia,69,0.8480083429758036,5,1,7,287.46367325080263
2024-01-29,2024-04-11,2024-04-16,5,Deluxe,direct,73,0.9207091729045449,3,0,4,80.23948489342368
2023-08-12,2023-09-18,2023-09-20,2,Standard,direct,37,0.5075720608644397,0,0,9,120.943445935986
2024-06-20,2024-06-26,2024-07-02,6,Deluxe,airbnb,6,0.9214145945378176,2,0,6,204.5154137267576
2023-07-02,2023-08-04,2023-08-07,3,Deluxe,expedia,33,0.6264340759544307,4,0,8,235.9403080595994
2023-02-25,2023-04-18,2023-04-24,6,Deluxe,booking.com,52,0.9153933563141188,1,0,4,101.78814695510059
2024-10-12,2024-11-22,2024-11-26,4,Standard,expedia,41,0.5294087062931195,4,0,11,95.26753033907623
2024-02-09,2024-04-19,2024-04-22,3,Standard,expedia,70,0.9182947408020513,4,0,4,37.84995064859277
2024-02-19,2024-03-21,2024-03-24,3,Suite,booking.com,31,0.7980625246259649,3,0,3,228.1250993492593
2023-01-16,2023-03-28,2023-03-31,3,Suite,direct,71,0.776728361735358,1,0,3,199.41355198018218
2023-05-05,2023-05-13,2023-05-16,3,Suite,airbnb,8,0.6908004509783131,5,1,5,352.2833709858133
2023-01-09,2023-03-26,2023-03-29,3,Deluxe,direct,76,0.8222924519929784,6,1,3,121.51370659536035
2023-05-17,2023-06-26,2023-07-02,6,Suite,direct,40,0.787688152460601,0,0,6,348.4777932082566
2024-11-03,2024-11-15,2024-11-17,2,Deluxe,direct,12,0.7220528883982743,4,0,11,174.77314712551697
2024-04-09,2024-05-25,2024-05-26,1,Standard,booking.com,46,0.5782722416981136,5,1,5,116.78972503998126
2023-12-24,2024-02-28,2024-03-01,2,Suite,booking.com,66,0.6037295807999123,2,0,2,265.8061877619239
2023-03-28,2023-05-01,2023-05-06,5,Standard,airbnb,34,0.5087105983192718,0,0,5,112.33963874629528
2023-02-02,2023-02-28,2023-03-07,7,Deluxe,direct,26,0.711031703845036,1,0,2,194.63056551378696
2024-08-02,2024-09-11,2024-09-13,2,Deluxe,booking.com,40,0.623328142817305,2,0,9,144.63112144133277
2023-03-31,2023-06-23,2023-07-02,9,Suite,direct,84,0.830865112149038,4,0,6,228.81148289616286
2024-09-23,2024-12-02,2024-12-04,2,Standard,booking.com,70,0.5908910343532799,0,0,12,111.5776983177515
2024-03-14,2024-05-08,2024-05-09,1,Standard,direct,55,0.8037339837621724,2,0,5,85.29969372705693
2024-12-18,2025-03-02,2025-03-09,7,Suite,direct,74,0.5888241460059832,6,1,3,248.35799264002677
2023-09-23,2023-11-03,2023-11-07,4,Standard,booking.com,41,0.9193349017492931,4,0,11,74.29729388136198
2023-06-16,2023-06-28,2023-07-02,4,Suite,booking.com,12,0.5720495796366508,2,0,6,464.81271100276996
2024-12-19,2025-02-06,2025-02-07,1,Suite,booking.com,49,0.6739270714070094,3,0,2,267.03660820567757
2023-01-05,2023-03-24,2023-04-01,8,Suite,expedia,78,0.8004174826911872,4,0,3,138.93414115987161
2024-12-02,2025-02-03,2025-02-07,4,Suite,airbnb,63,0.8447206893107857,0,0,2,217.11758285880012
2023-07-28,2023-08-26,2023-08-30,4,Standard,direct,29,0.6508196773063943,5,1,8,182.6528854648362
2023-03-06,2023-04-08,2023-04-15,7,Suite,airbnb,33,0.6358624853714642,5,1,4,317.40836649277065
2023-07-26,2023-08-11,2023-08-19,8,Deluxe,expedia,16,0.8365416486210362,4,0,8,194.46010652860372
2024-07-30,2024-08-06,2024-08-10,4,Standard,expedia,7,0.8412867062523766,1,0,8,135.97116334366282
2024-03-16,2024-04-11,2024-04-15,4,Deluxe,expedia,26,0.9306986994606607,3,0,4,110.36991339172609
2024-01-23,2024-03-11,2024-03-19,8,Suite,direct,48,0.746507002166974,0,0,3,205.7229063375704
2024-06-11,2024-07-11,2024-07-12,1,Standard,expedia,30,0.6859017305097379,3,0,7,150.3871604335163
2024-08-30,2024-09-22,2024-09-26,4,Suite,direct,23,0.8925793167357231,6,1,9,272.27275389099174
2023-05-13,2023-06-08,2023-06-10,2,Standard,booking.com,26,0.5379252902335555,3,0,6,203.11801481236026
2024-09-08,2024-11-02,2024-11-03,1,Suite,booking.com,55,0.8840469066529908,5,1,11,224.85748486730878
2024-12-26,2025-02-12,2025-02-18,6,Suite,expedia,48,0.5300482865301523,2,0,2,312.2443851578008
2023-02-19,2023-02-22,2023-02-28,6,Standard,direct,3,0.5447812434700204,2,0,2,147.7601346360138
2023-06-24,2023-09-13,2023-09-18,5,Deluxe,booking.com,81,0.5700420953566173,2,0,9,127.53011046915745
2024-03-01,2024-04-07,2024-04-13,6,Standard,airbnb,37,0.521194406662633,6,1,4,132.3813394816832
2024-04-08,2024-05-13,2024-05-22,9,Deluxe,direct,35,0.9323131813607993,0,0,5,105.95167490681455
2023-04-13,2023-05-31,2023-06-04,4,Standard,booking.com,48,0.7059836490180623,2,0,5,70.89564056007342
2024-04-15,2024-05-04,2024-05-13,9,Deluxe,booking.com,19,0.5262998551260643,5,1,5,232.7065108980972
2024-10-12,2024-10-29,2024-11-04,6,Suite,airbnb,17,0.8727314815317495,1,0,10,232.2752078336078
2023-02-07,2023-03-26,2023-04-04,9,Deluxe,airbnb,47,0.7581264592904255,6,1,3,163.46439723016604
2024-06-10,2024-09-05,2024-09-12,7,Standard,booking.com,87,0.5449479774125295,3,0,9,95.81530096612227
2024-09-28,2024-11-19,2024-11-28,9,Suite,airbnb,52,0.7088405186241242,1,0,11,224.5439457620506
2024-08-22,2024-10-20,2024-10-28,8,Standard,booking.com,59,0.554696441059996,6,1,10,97.0705837231761
2024-01-13,2024-02-27,2024-03-03,5,Standard,airbnb,45,0.7813751692011057,1,0,2,103.53458083758417
2023-08-05,2023-08-30,2023-09-05,6,Deluxe,direct,25,0.6758729712246054,2,0,8,257.5638247046091
2024-06-30,2024-09-14,2024-09-15,1,Deluxe,airbnb,76,0.6016876998248409,5,1,9,136.54037363711763
2024-08-08,2024-10-02,2024-10-08,6,Deluxe,booking.com,55,0.7999211293550093,2,0,10,138.65992471673212
2023-10-03,2023-10-17,2023-10-22,5,Standard,direct,14,0.7133020431223466,1,0,10,112.46889891979235
2024-06-18,2024-07-17,2024-07-21,4,Standard,direct,29,0.5427814004379103,2,0,7,171.85374268249421
2024-07-03,2024-08-17,2024-08-20,3,Deluxe,booking.com,45,0.6704495051774116,5,1,8,231.27056863064394
2023-08-07,2023-11-02,2023-11-05,3,Deluxe,airbnb,87,0.6047428260258734,3,0,11,100.46305433251852
2024-02-26,2024-02-29,2024-03-07,7,Deluxe,airbnb,3,0.7485642770618645,3,0,2,192.2498344012253
2023-03-04,2023-05-05,2023-05-10,5,Suite,expedia,62,0.6570229227331356,4,0,5,202.8080135214605
2023-03-17,2023-06-14,2023-06-16,2,Deluxe,direct,89,0.5384682912117901,2,0,6,175.04438653830383
2024-05-13,2024-07-03,2024-07-06,3,Suite,booking.com,51,0.7766638388711937,2,0,7,318.4677349034487
2023-03-02,2023-03-24,2023-03-28,4,Suite,booking.com,22,0.6410670796392733,4,0,3,289.6268241454585
2024-09-04,2024-11-26,2024-12-05,9,Standard,direct,83,0.5435700795141089,1,0,11,81.37859537245514
2024-04-21,2024-05-26,2024-05-28,2,Standard,booking.com,35,0.7597227281212136,6,1,5,121.0702823416281
2023-07-13,2023-07-28,2023-08-02,5,Deluxe,booking.com,15,0.9300356282623197,4,0,7,186.90849139174767
2024-04-20,2024-05-02,2024-05-10,8,Standard,direct,12,0.607024408865362,3,0,5,122.80066759192734
2024-05-10,2024-07-23,2024-07-27,4,Standard,airbnb,74,0.9004843068441735,1,0,7,92.43658263262559
2024-07-10,2024-08-21,2024-08-30,9,Suite,airbnb,42,0.5709606533077509,2,0,8,393.0408011417373
2023-04-22,2023-05-17,2023-05-20,3,Standard,direct,25,0.8805856936812395,2,0,5,89.97380798641352
2023-10-10,2023-11-30,2023-12-01,1,Suite,airbnb,51,0.8630649301088275,3,0,11,178.00919961449085
2023-07-01,2023-07-02,2023-07-03,1,Standard,expedia,1,0.5311384466208326,6,1,7,239.02825920623988
2024-03-10,2024-04-14,2024-04-20,6,Deluxe,booking.com,35,0.7847339816285854,6,1,4,177.49631769362344
2023-08-10,2023-08-22,2023-08-28,6,Standard,direct,12,0.5956569570442867,1,0,8,169.03854168137028
2023-02-15,2023-03-29,2023-03-31,2,Standard,airbnb,42,0.9356271827372621,2,0,3,89.59564205509567
2023-03-29,2023-04-30,2023-05-07,7,Standard,direct,32,0.8678300539664334,6,1,4,87.16976389929712
2024-03-20,2024-05-05,2024-05-13,8,Standard,expedia,46,0.6248032243806498,6,1,5,115.73704094884991
2023-01-24,2023-04-18,2023-04-25,7,Standard,booking.com,84,0.6409368440791001,1,0,4,85.58827987554724
2023-07-24,2023-09-18,2023-09-27,9,Suite,direct,56,0.7477993925828773,0,0,9,188.97082405254812
2023-04-21,2023-05-18,2023-05-23,5,Suite,airbnb,27,0.8743327582277292,3,0,5,204.24156329976975
2024-06-08,2024-07-11,2024-07-17,6,Standard,expedia,33,0.7028370106436562,3,0,7,142.75769830039246
2024-08-27,2024-11-13,2024-11-17,4,Deluxe,expedia,78,0.9036834511453382,2,0,11,106.76065470649421
2024-07-16,2024-08-29,2024-09-06,8,Standard,expedia,44,0.82929687516998,3,0,8,126.5177263942668
2023-06-16,2023-06-24,2023-06-26,2,Suite,booking.com,8,0.5461783474267651,5,1,6,580.5724477521244
2023-12-15,2023-12-18,2023-12-25,7,Suite,expedia,3,0.7797860082089492,0,0,12,324.3143203226819
2023-10-21,2023-12-06,2023-12-15,9,Suite,airbnb,46,0.8696896218807144,2,0,12,222.45705731606208
2023-09-09,2023-11-18,2023-11-25,7,Standard,airbnb,70,0.8088382131152245,5,1,11,91.5752376530685
2024-08-02,2024-09-12,2024-09-16,4,Deluxe,booking.com,41,0.5761578769689728,3,0,9,149.41128182324314
2023-09-10,2023-09-21,2023-09-28,7,Suite,expedia,11,0.6516066638964465,3,0,9,303.5504355167127
2023-03-30,2023-06-13,2023-06-14,1,Standard,airbnb,75,0.8823777545954287,1,0,6,77.8221101073465
2024-02-04,2024-04-29,2024-05-01,2,Deluxe,direct,85,0.6882916086642968,0,0,4,98.97590139823802
2023-09-02,2023-11-21,2023-11-27,6,Suite,expedia,80,0.7259756146363846,1,0,11,177.10429177400454
2024-02-07,2024-04-20,2024-04-28,8,Standard,expedia,73,0.6334412533147402,5,1,4,103.9404809145571
2023-09-12,2023-11-24,2023-11-29,5,Deluxe,airbnb,73,0.7182686396605866,4,0,11,113.63774186891189
2024-02-28,2024-04-11,2024-04-15,4,Deluxe,direct,43,0.9367184229202801,3,0,4,127.69145083833789
2023-06-17,2023-08-18,2023-08-19,1,Standard,expedia,62,0.5636695241882106,4,0,8,134.55517113628835
2023-07-15,2023-09-15,2023-09-16,1,Standard,direct,62,0.6491249640817262,4,0,9,94.71394377946272
2024-04-09,2024-05-19,2024-05-24,5,Suite,direct,40,0.5013551997036965,6,1,5,341.6651828478562
2023-05-25,2023-07-14,2023-07-18,4,Standard,expedia,50,0.5893395810686299,4,0,7,128.92448125045757
2023-08-20,2023-09-06,2023-09-07,1,Suite,booking.com,17,0.8235892173526562,2,0,9,224.14594970608522
2023-09-29,2023-10-14,2023-10-22,8,Suite,direct,15,0.7769359906755969,5,1,10,309.1876979222601
2023-03-27,2023-04-20,2023-04-29,9,Deluxe,expedia,24,0.7562304789927694,3,0,4,156.11940173959798
2023-03-15,2023-05-08,2023-05-13,5,Deluxe,direct,54,0.8756874292025889,0,0,5,129.33380215891088
2023-11-16,2024-01-24,2024-01-28,4,Deluxe,booking.com,69,0.9240415514470963,2,0,1,136.89805526716307
2024-05-08,2024-06-13,2024-06-16,3,Deluxe,direct,36,0.7124667275548726,3,0,6,215.06940633889397
2023-06-15,2023-08-30,2023-09-07,8,Suite,direct,76,0.6455423652747985,2,0,8,294.8020029074203
2023-08-06,2023-10-30,2023-11-05,6,Standard,expedia,85,0.7689297072758108,0,0,10,67.0569297210587
2024-02-29,2024-04-19,2024-04-20,1,Standard,booking.com,50,0.9373552860043712,4,0,4,79.20032863851307
2023-11-04,2023-12-16,2023-12-23,7,Standard,booking.com,42,0.5955535147114351,5,1,12,151.39043652291272
2023-10-11,2023-10-18,2023-10-22,4,Suite,airbnb,7,0.9091420895392035,2,0,10,244.33791774526605
2023-12-04,2023-12-16,2023-12-21,5,Standard,expedia,12,0.8408351550057664,5,1,12,145.37478035595848
2023-10-17,2023-11-12,2023-11-18,6,Deluxe,direct,26,0.5108199433634011,6,1,11,209.73679140302957
2023-11-12,2024-01-08,2024-01-16,8,Standard,airbnb,57,0.6366852297004777,0,0,1,125.14982794219306
2024-09-16,2024-10-06,2024-10-07,1,Standard,booking.com,20,0.7680248961845961,6,1,10,122.68013194647405
2024-08-09,2024-09-13,2024-09-17,4,Standard,expedia,35,0.7421056917437906,4,0,9,93.07320927335246
2024-08-16,2024-09-09,2024-09-11,2,Suite,expedia,24,0.620192657334415,0,0,9,278.0061656156275
2024-06-16,2024-07-10,2024-07-15,5,Standard,expedia,24,0.9494012016125297,2,0,7,135.60126301796492
2024-08-31,2024-11-23,2024-11-30,7,Suite,direct,84,0.8526334320526663,5,1,11,165.83936996817118
2024-02-03,2024-04-15,2024-04-17,2,Suite,expedia,72,0.9431704291563519,0,0,4,152.03521875471722
2023-01-03,2023-03-26,2023-03-30,4,Deluxe,airbnb,82,0.7451794788744165,6,1,3,122.86778083767682
2023-10-18,2023-11-19,2023-11-24,5,Deluxe,airbnb,32,0.769011570961373,6,1,11,194.19860712281059
2024-12-14,2025-02-09,2025-02-15,6,Deluxe,expedia,57,0.5154031245443845,6,1,2,212.9569346836624
2023-07-01,2023-09-13,2023-09-18,5,Standard,expedia,74,0.6699339257870407,2,0,9,86.98203528763212
2023-04-12,2023-07-07,2023-07-12,5,Suite,booking.com,86,0.5279079461803448,4,0,7,279.3839103557899
2024-06-12,2024-08-08,2024-08-11,3,Standard,direct,57,0.8904026924649042,3,0,8,91.2488356541246
2023-12-22,2024-01-22,2024-01-27,5,Suite,airbnb,31,0.7238325374642054,0,0,1,288.75210295021
2023-04-28,2023-05-08,2023-05-16,8,Standard,airbnb,10,0.5222129915758009,0,0,5,130.37501018410669
2024-03-29,2024-05-01,2024-05-04,3,Suite,airbnb,33,0.7445643617004729,2,0,5,231.46814066419483
2023-06-13,2023-08-06,2023-08-14,8,Standard,booking.com,54,0.5461938822000657,6,1,8,163.0723926282061
2024-04-01,2024-04-20,2024-04-22,2,Standard,booking.com,19,0.7534899398628725,5,1,4,123.35511857935964
2024-08-06,2024-10-06,2024-10-08,2,Deluxe,airbnb,61,0.7215666698931638,6,1,10,142.74224442573023
2024-11-27,2025-01-03,2025-01-05,2,Suite,airbnb,37,0.6725722825323281,4,0,1,297.77112121673423
2024-08-27,2024-09-22,2024-09-29,7,Suite,airbnb,26,0.5251916218052647,6,1,9,350.07618758831154
2023-07-02,2023-09-26,2023-09-27,1,Suite,airbnb,86,0.5183111521101077,1,0,9,205.1713111043567
2023-11-11,2023-12-31,2024-01-04,4,Standard,direct,50,0.6696036958467052,6,1,12,131.87370888947
2023-07-28,2023-10-22,2023-10-29,7,Standard,airbnb,86,0.6547239312556753,6,1,10,71.89591417414526
2023-06-24,2023-07-21,2023-07-29,8,Deluxe,airbnb,27,0.8088779167964617,4,0,7,214.97192633421201
2023-09-17,2023-10-29,2023-11-03,5,Suite,booking.com,42,0.5941451120208162,6,1,10,308.7690557742547
2024-01-25,2024-03-15,2024-03-18,3,Deluxe,expedia,50,0.8297094006438448,4,0,3,129.48745075921693
2023-11-11,2024-01-23,2024-01-25,2,Suite,airbnb,73,0.8996751889667816,1,0,1,187.66800133670952
2024-05-04,2024-06-10,2024-06-19,9,Standard,direct,37,0.7875660520477736,0,0,6,150.0663369187264
2023-02-02,2023-02-16,2023-02-21,5,Deluxe,expedia,14,0.759167025573864,3,0,2,175.01137310963364
2024-01-27,2024-04-17,2024-04-20,3,Suite,booking.com,81,0.9429108409101628,2,0,4,140.08610698716748
2023-04-04,2023-04-15,2023-04-24,9,Suite,airbnb,11,0.5816410767744778,5,1,4,359.07753617829
2023-02-25,2023-04-01,2023-04-10,9,Suite,airbnb,35,0.6508401633561137,5,1,4,304.52045463599273
2023-02-14,2023-04-01,2023-04-04,3,Suite,direct,46,0.6585578034052473,5,1,4,276.78936357819094
2023-07-26,2023-10-05,2023-10-07,2,Suite,direct,71,0.5456795588127641,3,0,10,211.1843980635225
2023-05-14,2023-07-21,2023-07-28,7,Standard,booking.com,68,0.727786782858219,4,0,7,123.97520282531863
2024-04-11,2024-06-25,2024-07-03,8,Suite,airbnb,75,0.6894087206973847,1,0,6,279.6295356065476
2023-03-14,2023-04-22,2023-04-28,6,Suite,direct,39,0.5518335823412411,5,1,4,334.49057239974564
2023-12-12,2024-01-18,2024-01-27,9,Standard,direct,37,0.8329745248156705,3,0,1,92.09055139617449
2024-08-30,2024-11-21,2024-11-30,9,Deluxe,airbnb,83,0.8604516468183133,3,0,11,90.7495934442022
2024-07-12,2024-08-14,2024-08-19,5,Suite,booking.com,33,0.5515577829801943,2,0,8,423.4848733693028
2024-12-10,2025-02-13,2025-02-19,6,Suite,direct,65,0.5273765450519656,3,0,2,279.64075478359865
2024-06-28,2024-09-07,2024-09-08,1,Deluxe,airbnb,71,0.8520449612332661,5,1,9,118.07530653418924
2023-04-18,2023-05-16,2023-05-25,9,Suite,booking.com,28,0.5960244744115142,1,0,5,270.78153036973157
2023-04-25,2023-05-11,2023-05-16,5,Deluxe,booking.com,16,0.6806115634103614,3,0,5,178.93439701513333
2024-12-21,2025-01-26,2025-01-31,5,Deluxe,expedia,36,0.7679212050014489,6,1,1,199.0958601203794
2024-11-19,2024-12-25,2024-12-30,5,Suite,direct,36,0.5165993284227716,2,0,12,340.6520579296118
2023-02-18,2023-03-24,2023-03-26,2,Deluxe,booking.com,34,0.9092745575197713,4,0,3,126.835975050324
2024-08-15,2024-08-27,2024-08-31,4,Deluxe,airbnb,12,0.5972687184750999,1,0,8,281.2609402954902
2023-05-06,2023-05-26,2023-06-01,6,Standard,direct,20,0.868631450838868,4,0,5,88.57105492923242
2023-06-08,2023-06-22,2023-06-28,6,Deluxe,booking.com,14,0.6552403052156264,3,0,6,275.4012706227542
2024-02-29,2024-03-19,2024-03-24,5,Standard,booking.com,19,0.6007377434695331,1,0,3,118.85887496957612
2024-07-28,2024-09-25,2024-09-30,5,Deluxe,booking.com,59,0.5190685208420612,2,0,9,144.82004817907503
2023-05-14,2023-06-06,2023-06-11,5,Suite,booking.com,23,0.5171766794122686,1,0,6,451.512599558087
2023-12-14,2024-02-04,2024-02-11,7,Deluxe,direct,52,0.8424543869164753,6,1,2,168.6016413375091
2024-01-22,2024-02-27,2024-03-07,9,Deluxe,booking.com,36,0.8238177342533719,1,0,2,159.50754825744554
2023-09-28,2023-11-24,2023-11-26,2,Suite,airbnb,57,0.7214832048810308,4,0,11,198.8289665248772
2024-07-05,2024-08-05,2024-08-11,6,Deluxe,direct,31,0.8206857611524037,0,0,8,202.36415868423768
2023-01-19,2023-04-08,2023-04-14,6,Standard,direct,79,0.7855263111858908,5,1,4,91.80761636956237
2024-10-09,2024-12-08,2024-12-12,4,Standard,direct,60,0.5262325945528862,6,1,12,128.4373935723978
2023-03-03,2023-04-09,2023-04-17,8,Deluxe,expedia,37,0.5852034006820753,6,1,4,193.39104836450758
2023-06-12,2023-08-26,2023-08-30,4,Deluxe,direct,75,0.9259757902171281,5,1,8,160.06194236592466
2024-09-28,2024-10-01,2024-10-09,8,Standard,direct,3,0.6837268038066369,1,0,10,116.3012764078884
2024-11-09,2024-12-09,2024-12-16,7,Suite,direct,30,0.764372912567066,0,0,12,287.83561601911646
2023-11-23,2024-02-19,2024-02-20,1,Suite,airbnb,88,0.5648613101879557,0,0,2,208.6165160860438
2023-07-27,2023-09-30,2023-10-08,8,Suite,airbnb,65,0.713074602281959,5,1,9,229.68960430156253
2023-07-10,2023-10-03,2023-10-05,2,Deluxe,airbnb,85,0.6495429239287596,1,0,10,111.24738680731713
2024-04-17,2024-06-30,2024-07-06,6,Deluxe,airbnb,74,0.878561008815453,6,1,6,167.9177517827317
2024-11-05,2024-11-06,2024-11-12,6,Standard,airbnb,1,0.7520148571716454,2,0,11,118.3440356946824
2023-04-06,2023-06-14,2023-06-21,7,Suite,airbnb,69,0.6223859368451808,2,0,6,307.82420360248034
2024-11-19,2024-11-21,2024-11-28,7,Standard,expedia,2,0.7191497583122504,3,0,11,94.72433819185284
2023-06-07,2023-07-28,2023-08-03,6,Deluxe,expedia,51,0.5091052892247675,4,0,7,225.1863772396141
2023-01-23,2023-04-14,2023-04-21,7,Standard,expedia,81,0.7827668319949541,4,0,4,69.35696834758672
2024-08-19,2024-09-06,2024-09-09,3,Suite,airbnb,18,0.6292277128808738,4,0,9,294.16721961019135
2023-08-17,2023-08-24,2023-09-01,8,Deluxe,booking.com,7,0.841049682617823,3,0,8,231.86091357677245
2023-04-21,2023-05-14,2023-05-23,9,Deluxe,booking.com,23,0.7340657995465945,6,1,5,194.66373291006371
2023-10-09,2023-12-28,2024-01-04,7,Deluxe,booking.com,80,0.5788120765362722,3,0,12,143.75521112137616
2023-07-22,2023-08-07,2023-08-10,3,Suite,expedia,16,0.8692132838759881,0,0,8,358.92030213854
2024-02-20,2024-03-15,2024-03-21,6,Suite,booking.com,24,0.6847774778950079,4,0,3,284.2055332549915
2024-01-20,2024-03-03,2024-03-04,1,Deluxe,booking.com,43,0.5871538278645256,6,1,3,184.6021923402812
2023-12-19,2024-01-12,2024-01-21,9,Standard,direct,24,0.600749571343799,4,0,1,133.59442078992046
2024-04-13,2024-04-21,2024-04-23,2,Standard,direct,8,0.6575131621808644,6,1,4,129.33770947703937
2024-09-22,2024-11-12,2024-11-14,2,Standard,airbnb,51,0.7913527158415263,1,0,11,84.31167216344247
2024-12-29,2025-03-07,2025-03-10,3,Suite,expedia,68,0.6982798761828413,4,0,3,193.46131321810714
2023-09-16,2023-12-05,2023-12-08,3,Standard,booking.com,80,0.686096033527745,1,0,12,77.19340934436684
2023-12-11,2024-01-20,2024-01-29,9,Deluxe,booking.com,40,0.6352232561191079,5,1,1,210.7456273646898
2023-03-21,2023-03-22,2023-03-31,9,Standard,airbnb,1,0.8331427943223632,2,0,3,97.21023999816559
2024-11-09,2025-01-17,2025-01-23,6,Deluxe,direct,69,0.5035602468906278,4,0,1,155.24002880008197
2023-02-18,2023-04-24,2023-04-30,6,Deluxe,booking.com,65,0.5584801451950305,0,0,4,133.8285757798076
2024-10-02,2024-10-25,2024-11-01,7,Deluxe,airbnb,23,0.5275199362948093,4,0,10,178.2599888347956
2024-02-08,2024-03-21,2024-03-24,3,Standard,booking.com,42,0.527672168975791,3,0,3,123.94743681454074
2024-06-06,2024-08-02,2024-08-07,5,Standard,expedia,57,0.7163193594628309,4,0,8,109.11426848037355
2023-03-04,2023-04-08,2023-04-10,2,Deluxe,direct,35,0.8498314039125785,5,1,4,156.89707602926885
2024-12-24,2024-12-28,2025-01-04,7,Suite,direct,4,0.6032518001732707,5,1,12,458.8279831258399
2023-04-30,2023-05-08,2023-05-09,1,Suite,booking.com,8,0.7528208559799708,0,0,5,273.3418973551603
2024-08-20,2024-08-30,2024-09-02,3,Deluxe,expedia,10,0.8620025458550409,4,0,8,213.06266829185597
2023-07-19,2023-09-12,2023-09-20,8,Standard,direct,55,0.9011723227694292,1,0,9,63.79841553917213
2024-03-12,2024-04-16,2024-04-17,1,Standard,booking.com,35,0.8918347295246707,1,0,4,83.39237850127887
2024-05-06,2024-05-15,2024-05-17,2,Suite,airbnb,9,0.7264922635109169,2,0,5,275.0070450612587
2024-11-25,2024-12-01,2024-12-02,1,Suite,expedia,6,0.5389565952824789,6,1,12,457.2973222896434
2023-06-12,2023-06-17,2023-06-19,2,Standard,booking.com,5,0.9229522292200476,5,1,6,183.907805816322
2024-08-21,2024-11-17,2024-11-19,2,Standard,expedia,88,0.5682353460827503,6,1,11,94.34392256501495
2024-09-27,2024-12-18,2024-12-24,6,Deluxe,direct,82,0.7327916124347434,2,0,12,113.29934396047867
2024-03-13,2024-04-26,2024-05-05,9,Standard,airbnb,44,0.911168513487191,4,0,4,60.09972500822596
2024-03-22,2024-06-12,2024-06-16,4,Standard,airbnb,82,0.6714200367679615,2,0,6,102.69673613926479
2023-02-08,2023-03-23,2023-03-27,4,Suite,expedia,43,0.552763845156268,3,0,3,254.11776937572628
2023-01-15,2023-03-14,2023-03-15,1,Deluxe,booking.com,58,0.9253146800501112,1,0,3,114.94718406138212
2023-03-03,2023-05-29,2023-05-30,1,Deluxe,airbnb,87,0.6241301743660599,0,0,5,103.55984415619194
2023-10-18,2023-11-08,2023-11-16,8,Suite,booking.com,21,0.5421083444525521,2,0,11,295.03199745539865
2023-03-11,2023-04-25,2023-05-02,7,Suite,direct,45,0.7201098923925241,1,0,4,235.1216309445291
2024-11-04,2024-12-09,2024-12-18,9,Suite,airbnb,35,0.8552364616665957,0,0,12,257.61267706183406
2024-07-07,2024-08-11,2024-08-19,8,Standard,booking.com,35,0.7321809823615806,6,1,8,164.9175696016419
2023-06-12,2023-07-24,2023-07-25,1,Deluxe,airbnb,42,0.6183680937894978,0,0,7,230.56740034521619
2023-11-24,2024-01-29,2024-02-03,5,Standard,direct,66,0.9125113876235346,0,0,1,85.21891902566377
2024-01-01,2024-02-24,2024-03-03,8,Standard,airbnb,54,0.8309262110614618,5,1,2,110.4035950171749
2023-08-10,2023-09-24,2023-09-27,3,Deluxe,direct,45,0.8060246961784542,6,1,9,132.93114581760003
2023-09-27,2023-12-04,2023-12-09,5,Deluxe,direct,68,0.9132281154151372,0,0,12,109.934548477887
2024-09-29,2024-10-18,2024-10-21,3,Deluxe,booking.com,19,0.5563276673268835,4,0,10,188.22346798333467
2024-06-23,2024-08-24,2024-09-01,8,Suite,airbnb,62,0.5446242935980805,5,1,8,429.04125957329813
2024-11-22,2025-01-19,2025-01-25,6,Standard,direct,58,0.6330317632605108,6,1,1,117.07026152659921
2024-06-19,2024-06-27,2024-07-03,6,Suite,booking.com,8,0.8282722183019675,3,0,6,385.1452609337874
2024-04-13,2024-07-10,2024-07-17,7,Deluxe,direct,88,0.9434284534707258,2,0,7,122.84154098195332
2024-06-03,2024-06-09,2024-06-11,2,Suite,direct,6,0.9397114816288916,6,1,6,421.07443860574824
2023-03-22,2023-05-20,2023-05-29,9,Suite,direct,59,0.7801560728599437,5,1,5,233.18049009061568
2024-09-27,2024-11-01,2024-11-03,2,Suite,expedia,35,0.716538687897923,4,0,11,247.54904568611803
2024-10-23,2024-11-20,2024-11-25,5,Suite,booking.com,28,0.5382512039843634,2,0,11,280.1991317809866
2023-03-08,2023-03-16,2023-03-24,8,Suite,direct,8,0.5638261990559527,3,0,3,316.02208727696024
2023-12-26,2024-03-24,2024-03-28,4,Suite,direct,89,0.8298865151197807,6,1,3,176.22715775336997
2023-12-21,2024-01-16,2024-01-21,5,Suite,direct,26,0.8495705857542848,1,0,1,275.41110495580807
2024-11-22,2025-01-24,2025-01-29,5,Standard,direct,63,0.9216572328207263,4,0,1,86.00230653481084
2024-04-19,2024-05-15,2024-05-22,7,Suite,booking.com,26,0.7921998199420559,2,0,5,239.01601122874408
2023-10-27,2023-11-23,2023-11-28,5,Standard,expedia,27,0.6106615938441148,3,0,11,106.38509296512866
2023-04-17,2023-04-29,2023-05-07,8,Suite,airbnb,12,0.6374707092056303,5,1,4,371.8741541521185
2024-10-14,2024-10-27,2024-11-05,9,Deluxe,expedia,13,0.7507688289683218,6,1,10,197.6845680590462
2024-10-17,2024-11-26,2024-11-28,2,Standard,expedia,40,0.5577418929393239,1,0,11,103.67967659126916
2024-10-19,2024-12-29,2025-01-03,5,Deluxe,direct,71,0.5963290241317044,6,1,12,189.52264161774522
2023-06-12,2023-07-03,2023-07-05,2,Suite,airbnb,21,0.8249327474755219,0,0,7,377.1623127950298
2024-01-27,2024-02-26,2024-03-01,4,Standard,booking.com,30,0.8279921261283425,0,0,2,100.49886887884205
2024-01-08,2024-03-23,2024-03-28,5,Standard,booking.com,75,0.6991719778383121,5,1,3,99.30073672612022
2023-05-16,2023-08-08,2023-08-14,6,Deluxe,direct,84,0.5362950244453092,1,0,8,166.65710225441293
2024-01-17,2024-02-05,2024-02-10,5,Standard,airbnb,19,0.8453477355049428,0,0,2,122.39646334765341
2023-03-11,2023-04-14,2023-04-16,2,Deluxe,booking.com,34,0.6979471211644115,4,0,4,156.5411596498371
2023-12-26,2024-02-28,2024-03-04,5,Standard,expedia,64,0.8374772237671066,2,0,2,63.592824388566896
2023-04-05,2023-05-05,2023-05-14,9,Standard,direct,30,0.7287502224768634,4,0,5,64.34293202367512
2024-12-17,2025-02-27,2025-02-28,1,Deluxe,expedia,72,0.5765226313543018,3,0,2,150.12816398365194
2024-10-21,2024-11-10,2024-11-14,4,Deluxe,expedia,20,0.7002548033880456,6,1,11,192.34879331976066
2023-01-26,2023-01-27,2023-01-31,4,Suite,booking.com,1,0.5531145117497205,4,0,1,398.00863895519313
2024-08-09,2024-09-17,2024-09-26,9,Suite,booking.com,39,0.6257674204800848,1,0,9,262.8586304696972
2023-06-04,2023-07-01,2023-07-08,7,Suite,direct,27,0.5259066471216022,5,1,7,523.6714793189551
2024-05-31,2024-08-14,2024-08-15,1,Suite,expedia,75,0.6936602156990941,2,0,8,306.55694764761375
2023-05-21,2023-06-28,2023-07-07,9,Standard,expedia,38,0.6865538948701332,2,0,6,125.78685891849697
2024-12-30,2025-03-08,2025-03-16,8,Standard,booking.com,68,0.8596228767890581,5,1,3,81.70600443935497
2023-10-20,2023-10-26,2023-10-27,1,Suite,direct,6,0.8689510778365575,3,0,10,248.0578177117234
2024-05-27,2024-06-10,2024-06-12,2,Standard,expedia,14,0.5506526824728492,0,0,6,193.04717504219266
2023-08-30,2023-09-21,2023-09-27,6,Standard,expedia,22,0.6498427050882265,3,0,9,103.27028221769633
2023-06-15,2023-08-16,2023-08-22,6,Suite,booking.com,62,0.8658617309052528,2,0,8,266.05943059416256
2023-12-25,2024-01-15,2024-01-19,4,Deluxe,booking.com,21,0.7826352857531438,0,0,1,186.30742288361776
2023-12-17,2024-01-05,2024-01-06,1,Suite,airbnb,19,0.802496465742023,4,0,1,302.16331294264035
2023-05-14,2023-07-21,2023-07-26,5,Suite,airbnb,68,0.643231015261277,4,0,7,302.0528596303492
2024-11-20,2025-01-30,2025-01-31,1,Deluxe,expedia,71,0.9450741722625126,3,0,1,111.27435479055262
2023-11-10,2023-12-16,2023-12-23,7,Standard,direct,36,0.8098015552764852,5,1,12,141.2750008715592
2024-02-27,2024-05-08,2024-05-13,5,Standard,direct,71,0.8312903859857829,2,0,5,66.81186380948212
2023-09-13,2023-09-17,2023-09-23,6,Standard,expedia,4,0.555109720137651,6,1,9,160.76418943891392
2024-03-02,2024-03-04,2024-03-10,6,Deluxe,direct,2,0.7516448656433783,0,0,3,167.90027584933097
2023-10-30,2023-11-16,2023-11-17,1,Deluxe,direct,17,0.7030958261572791,3,0,11,175.84491381903257
2023-09-09,2023-09-24,2023-10-01,7,Deluxe,expedia,15,0.8996102617862913,6,1,9,161.20568038307223
2023-06-24,2023-08-04,2023-08-11,7,Suite,direct,41,0.7888622962874875,4,0,8,350.5307347941707
2024-04-06,2024-05-11,2024-05-15,4,Deluxe,booking.com,35,0.65246387317852,5,1,5,180.2626330483978
2024-07-30,2024-08-16,2024-08-18,2,Suite,direct,17,0.7500585846493764,4,0,8,397.4991536516474
2024-10-13,2024-11-07,2024-11-13,6,Standard,direct,25,0.8358945532534461,3,0,11,82.40690877758996
2023-04-07,2023-06-09,2023-06-14,5,Standard,booking.com,63,0.5064303637749733,4,0,6,150.488778986319
2024-12-03,2025-01-20,2025-01-29,9,Deluxe,direct,48,0.5219608310092276,0,0,1,174.10534186636295
2023-02-20,2023-02-27,2023-03-07,8,Suite,direct,7,0.8455480536510055,0,0,2,294.8162721429822
2024-09-10,2024-09-21,2024-09-25,4,Deluxe,direct,11,0.5820569420777643,5,1,9,218.52015992977812
2024-03-14,2024-04-11,2024-04-19,8,Deluxe,airbnb,28,0.9185223682545058,3,0,4,113.07498372627441
2023-09-09,2023-10-08,2023-10-17,9,Suite,expedia,29,0.8598248244556288,6,1,10,259.33961799851005
2024-01-17,2024-02-07,2024-02-08,1,Deluxe,airbnb,21,0.7426241844177547,2,0,2,187.49270356872668
2023-12-12,2023-12-16,2023-12-18,2,Suite,airbnb,4,0.669430165914988,5,1,12,403.3972908088569
2024-04-17,2024-05-25,2024-06-01,7,Standard,airbnb,38,0.8736042092851093,5,1,5,104.3440418519459
2023-06-16,2023-08-22,2023-08-30,8,Suite,booking.com,67,0.8932166596375573,1,0,8,252.63884519925628
2024-03-23,2024-06-08,2024-06-09,1,Standard,airbnb,77,0.5734825846482081,5,1,6,130.27532856045104
2024-09-15,2024-11-21,2024-11-29,8,Deluxe,expedia,67,0.9442023196881141,3,0,11,80.39995834437586
2024-08-31,2024-10-08,2024-10-17,9,Suite,airbnb,38,0.8682497367007964,1,0,10,214.38882931018063
2024-11-27,2024-12-12,2024-12-17,5,Standard,booking.com,15,0.9101410579069866,3,0,12,132.3234754337938
2023-02-18,2023-03-05,2023-03-07,2,Suite,expedia,15,0.5717936376019193,6,1,3,367.6584098714213
2023-04-17,2023-05-15,2023-05-18,3,Suite,booking.com,28,0.8728872627377979,0,0,5,225.3753195991265
2023-04-08,2023-06-05,2023-06-11,6,Standard,expedia,58,0.9194541593576451,0,0,6,109.39942650568531
2023-07-30,2023-08-24,2023-09-01,8,Standard,direct,25,0.8390196357477527,3,0,8,139.09208696674457
2023-07-02,2023-08-23,2023-08-28,5,Deluxe,expedia,52,0.9471511849253944,2,0,8,170.17901979701367
2024-10-14,2024-12-09,2024-12-13,4,Standard,direct,56,0.7878548239710019,0,0,12,84.95231636653128
2024-03-01,2024-04-30,2024-05-02,2,Deluxe,expedia,60,0.9028310701578478,1,0,4,109.95823757919516
2023-11-08,2024-01-26,2024-01-30,4,Standard,airbnb,79,0.5784341156131529,4,0,1,77.83041884347398
2023-12-25,2024-02-06,2024-02-15,9,Standard,direct,43,0.8665654220300889,1,0,2,108.23832364349913
2023-08-01,2023-09-26,2023-09-30,4,Standard,booking.com,56,0.7085146809511712,1,0,9,89.59111244067515
2023-05-23,2023-08-14,2023-08-17,3,Standard,airbnb,83,0.8346150500255135,0,0,8,86.00683688410848
2024-10-06,2024-11-16,2024-11-20,4,Standard,expedia,41,0.7336438975171686,5,1,11,99.46393817492037
2024-05-17,2024-08-03,2024-08-05,2,Deluxe,direct,78,0.6579339572882497,5,1,8,208.65004469846542
2023-02-23,2023-05-01,2023-05-03,2,Deluxe,expedia,67,0.9295593428940672,0,0,5,94.29730108917342
2023-09-21,2023-11-01,2023-11-06,5,Standard,booking.com,41,0.9304635126910623,2,0,11,80.09513694368368
2024-07-17,2024-07-21,2024-07-25,4,Deluxe,direct,4,0.8480230637986708,6,1,7,276.94883177863466
2024-02-01,2024-03-04,2024-03-08,4,Deluxe,direct,32,0.7527841475475507,0,0,3,132.27225483975104
2024-04-09,2024-06-04,2024-06-12,8,Suite,booking.com,56,0.6095104494689969,1,0,6,349.4639654863063
2023-07-29,2023-10-10,2023-10-18,8,Suite,airbnb,73,0.8535408921950358,1,0,10,153.1541191872889
2024-07-02,2024-07-28,2024-08-02,5,Standard,direct,26,0.5816816902590807,6,1,7,216.20742095182783
2024-12-19,2025-02-28,2025-03-04,4,Standard,booking.com,71,0.582180411838541,4,0,2,112.16976944292891
2024-10-25,2025-01-21,2025-01-24,3,Deluxe,expedia,88,0.5473628990487605,1,0,1,120.65170502315608
2024-11-04,2024-12-10,2024-12-19,9,Suite,expedia,36,0.6560967523043381,1,0,12,286.1745043822098
2023-06-27,2023-08-02,2023-08-05,3,Standard,airbnb,36,0.8812716758547732,2,0,8,138.41812657415178
2024-10-06,2024-12-17,2024-12-23,6,Suite,expedia,72,0.8597349147240012,1,0,12,191.31914285760703
2023-02-27,2023-04-28,2023-05-01,3,Suite,direct,60,0.561638839283291,4,0,4,233.14916606860996
2024-10-03,2024-12-18,2024-12-22,4,Deluxe,direct,76,0.6002821856114346,2,0,12,154.0716668931332
2023-11-08,2024-01-07,2024-01-13,6,Suite,expedia,60,0.6495845762189038,6,1,1,319.37282429197717
2024-08-17,2024-11-05,2024-11-06,1,Standard,booking.com,80,0.6684445491979973,1,0,11,74.07319095398113
2024-08-25,2024-10-15,2024-10-20,5,Standard,direct,51,0.5679280756759963,1,0,10,94.62211814935998
2023-10-19,2023-11-11,2023-11-19,8,Deluxe,direct,23,0.5785201002409937,5,1,11,224.82191860921301
2024-12-17,2025-03-06,2025-03-13,7,Standard,expedia,79,0.7802730866961394,3,0,3,67.38604752640441
2023-12-31,2024-02-27,2024-03-05,7,Standard,booking.com,58,0.7678897764749923,1,0,2,75.57376866282675
2023-04-06,2023-06-03,2023-06-07,4,Suite,airbnb,58,0.7412615806518341,5,1,6,383.2909366176355
2024-01-06,2024-01-16,2024-01-19,3,Standard,booking.com,10,0.870530786969453,1,0,1,105.89392574688384
2023-02-17,2023-03-25,2023-03-30,5,Standard,booking.com,36,0.8485620202218327,5,1,3,115.88797151830356
2023-09-22,2023-11-20,2023-11-23,3,Standard,direct,59,0.8367255758227294,0,0,11,74.89155609354901
2024-04-11,2024-04-26,2024-05-04,8,Suite,direct,15,0.8263334961842759,4,0,4,272.7111073087934
2023-11-30,2023-12-03,2023-12-06,3,Standard,airbnb,3,0.774570341879224,6,1,12,169.32244355972296
2024-08-22,2024-11-02,2024-11-08,6,Deluxe,expedia,72,0.8101409826037855,5,1,11,135.81780231412915
2023-10-12,2023-12-28,2024-01-05,8,Standard,expedia,77,0.7191671817594762,3,0,12,80.33586528167493
2024-08-19,2024-08-21,2024-08-25,4,Deluxe,direct,2,0.546687994194169,2,0,8,288.6264848594396
2023-02-19,2023-04-07,2023-04-12,5,Deluxe,direct,47,0.5070282607708895,4,0,4,156.68354734368492
2024-06-14,2024-07-27,2024-08-04,8,Deluxe,expedia,43,0.5782078914194312,5,1,7,276.8244797655337
2023-06-29,2023-07-23,2023-07-31,8,Standard,booking.com,24,0.5091731925345239,6,1,7,228.4812303416919
2024-01-18,2024-02-28,2024-02-29,1,Suite,booking.com,41,0.8538283061017492,2,0,2,237.19715075019698
2023-08-01,2023-09-06,2023-09-14,8,Standard,direct,36,0.6895577206761981,2,0,9,90.73813777014813
2023-10-27,2023-12-19,2023-12-24,5,Deluxe,booking.com,53,0.9145746402273944,1,0,12,137.8995057272818
2023-08-25,2023-09-27,2023-09-30,3,Standard,airbnb,33,0.639644860557449,2,0,9,96.69965699088338
2024-01-30,2024-02-09,2024-02-17,8,Standard,booking.com,10,0.8897399238066351,4,0,2,106.8534735557865
2024-05-08,2024-05-30,2024-06-05,6,Deluxe,expedia,22,0.5099672033663231,3,0,5,175.71278042905794
2024-11-11,2025-02-08,2025-02-09,1,Deluxe,airbnb,89,0.7203913409336358,5,1,2,131.90299866213746
2023-11-25,2024-01-02,2024-01-06,4,Deluxe,direct,38,0.8617462692920783,1,0,1,151.34722859029733
2024-03-17,2024-04-07,2024-04-12,5,Suite,airbnb,21,0.917625024957486,6,1,4,256.20190513963814
2023-05-01,2023-05-26,2023-06-02,7,Suite,booking.com,25,0.938600118714378,4,0,5,187.8255260829609
2024-09-06,2024-12-02,2024-12-11,9,Suite,airbnb,87,0.534101268553341,0,0,12,238.1724321012836
2024-01-23,2024-04-15,2024-04-19,4,Standard,direct,83,0.5938727450245955,0,0,4,79.03958442244493
2024-01-06,2024-02-07,2024-02-13,6,Standard,booking.com,32,0.8414283898716197,2,0,2,101.44660161421345
2024-03-14,2024-03-22,2024-03-24,2,Suite,expedia,8,0.9064699937174183,4,0,3,254.84001532750722
2024-05-24,2024-06-24,2024-06-30,6,Deluxe,booking.com,31,0.7819433902961969,0,0,6,212.3711229622497
2023-12-10,2024-01-04,2024-01-09,5,Deluxe,booking.com,25,0.8830601957896322,3,0,1,142.07916370225018
2023-07-09,2023-08-01,2023-08-05,4,Deluxe,booking.com,23,0.9004958238174534,1,0,8,176.51302647678935
2024-11-07,2025-01-23,2025-01-29,6,Suite,booking.com,77,0.9282561433074904,3,0,1,191.94715560622402
2023-11-30,2024-01-05,2024-01-07,2,Deluxe,expedia,36,0.7564222407589827,4,0,1,168.56419254762804
2024-11-28,2024-12-30,2025-01-03,4,Deluxe,booking.com,32,0.8424241709462111,0,0,12,141.6949859441922
2023-02-13,2023-04-09,2023-04-11,2,Deluxe,direct,55,0.7160669269130514,6,1,4,164.1696168905588
2024-05-23,2024-07-30,2024-08-03,4,Deluxe,direct,68,0.813604964071597,1,0,7,190.32653547280432
2024-07-10,2024-09-08,2024-09-16,8,Deluxe,airbnb,60,0.852552411842648,6,1,9,125.75928356148944
2024-01-17,2024-01-25,2024-01-30,5,Deluxe,direct,8,0.7071704620469612,3,0,1,195.5299336907489
2023-04-20,2023-05-30,2023-06-03,4,Suite,expedia,40,0.8606941063484884,1,0,5,205.42735528427423
2024-05-07,2024-07-13,2024-07-17,4,Suite,direct,67,0.7242688938193781,5,1,7,361.8690716104836
2024-12-04,2025-02-26,2025-02-28,2,Suite,expedia,84,0.9282122740370872,2,0,2,171.21294186927483
2024-12-11,2024-12-29,2025-01-05,7,Standard,booking.com,18,0.7550611503912145,6,1,12,135.36074448366597
2023-10-26,2023-11-03,2023-11-10,7,Deluxe,direct,8,0.5527003668984337,4,0,11,187.76829179519098
2023-07-10,2023-08-08,2023-08-09,1,Standard,expedia,29,0.6726754967623186,1,0,8,177.24923640007248
2023-03-04,2023-05-13,2023-05-15,2,Suite,expedia,70,0.8260279468235507,5,1,5,213.50317076671786
2023-03-20,2023-06-15,2023-06-17,2,Deluxe,expedia,87,0.6284595094676467,3,0,6,154.12634128121485
2024-08-25,2024-10-11,2024-10-20,9,Standard,direct,47,0.7589276531711254,4,0,10,91.82598051486873
2023-05-06,2023-07-15,2023-07-24,9,Suite,airbnb,70,0.5525575148459799,5,1,7,400.12142678394036
2024-08-25,2024-11-22,2024-11-30,8,Standard,airbnb,89,0.8016504673053844,4,0,11,73.42540057725049
2023-05-21,2023-05-30,2023-06-03,4,Deluxe,booking.com,9,0.9267596541128974,1,0,5,124.70872904103642
2024-11-20,2024-12-06,2024-12-11,5,Suite,airbnb,16,0.6015185875747688,4,0,12,362.5008275298719
2023-07-21,2023-09-28,2023-09-30,2,Standard,booking.com,69,0.8039327824579494,3,0,9,67.18664794041251
2023-04-25,2023-06-16,2023-06-19,3,Deluxe,booking.com,52,0.5428570367616217,4,0,6,233.83386683879843
2024-02-12,2024-04-03,2024-04-08,5,Standard,expedia,51,0.9356868074297455,2,0,4,78.21416018660007
2024-06-27,2024-08-06,2024-08-15,9,Standard,direct,40,0.8192966080382487,1,0,8,136.74087433757887
2023-06-04,2023-08-08,2023-08-09,1,Suite,direct,65,0.6783175055228583,1,0,8,313.2243144179147
2023-03-22,2023-06-15,2023-06-24,9,Standard,direct,85,0.5754689743835326,3,0,6,134.00335233780706
2024-05-06,2024-06-29,2024-07-01,2,Suite,direct,54,0.8957343357915746,5,1,6,315.487723840652
2024-06-10,2024-08-19,2024-08-24,5,Suite,airbnb,70,0.5562191354645544,0,0,8,337.1441202354719
2023-01-22,2023-03-15,2023-03-23,8,Standard,expedia,52,0.6516731207506955,2,0,3,93.31340650362628
2024-08-18,2024-08-23,2024-08-31,8,Deluxe,booking.com,5,0.7477586767827737,4,0,8,251.08003020600285
2024-09-22,2024-11-22,2024-11-23,1,Suite,airbnb,61,0.5804198366077155,4,0,11,235.4061474986959
2023-04-08,2023-04-19,2023-04-27,8,Standard,booking.com,11,0.6975936316899534,2,0,4,121.16547917814536
2023-06-23,2023-09-13,2023-09-21,8,Suite,booking.com,82,0.7631761552173845,2,0,9,175.09590267976836
2024-12-17,2025-01-11,2025-01-13,2,Deluxe,expedia,25,0.5282787496602859,5,1,1,272.5395062970009
2024-08-01,2024-10-28,2024-10-31,3,Suite,airbnb,88,0.775733532639175,0,0,10,174.53574108284246
2023-01-17,2023-03-06,2023-03-15,9,Suite,direct,48,0.5018239708207062,0,0,3,278.377332604324
2023-01-09,2023-01-13,2023-01-22,9,Suite,booking.com,4,0.5044656660359487,4,0,1,425.2768555270879
2024-12-05,2024-12-19,2024-12-24,5,Suite,expedia,14,0.8123314913495306,3,0,12,285.9883070448307
2024-01-13,2024-02-21,2024-03-01,9,Suite,airbnb,39,0.911682809283228,2,0,2,237.12462781346002
2023-08-28,2023-11-19,2023-11-20,1,Standard,booking.com,83,0.6607175369632201,6,1,11,82.30075204711586
2023-04-03,2023-06-24,2023-06-30,6,Deluxe,direct,82,0.7103633615487462,5,1,6,176.98009300056356
2024-07-06,2024-09-28,2024-10-04,6,Standard,direct,84,0.5160353013814113,5,1,9,96.24853505321565
2023-09-29,2023-12-24,2023-12-26,2,Suite,airbnb,86,0.6918688009982475,6,1,12,243.18243663321485
2024-11-03,2024-11-23,2024-12-02,9,Standard,expedia,20,0.6439178478423656,5,1,11,152.35659382171062
2023-11-15,2024-02-11,2024-02-16,5,Suite,expedia,88,0.8465064826591392,6,1,2,221.44222226677294
2023-05-10,2023-07-09,2023-07-15,6,Standard,direct,60,0.9037618026653446,6,1,7,121.18689164921005
2023-11-29,2023-12-28,2024-01-04,7,Deluxe,expedia,29,0.5751536003374581,3,0,12,198.77336256170508
2023-08-02,2023-10-29,2023-11-06,8,Standard,booking.com,88,0.5512895398501629,6,1,10,89.97117640149685
2024-02-14,2024-03-17,2024-03-25,8,Deluxe,booking.com,32,0.8901618717270792,6,1,3,148.7358443644353
2024-01-06,2024-02-09,2024-02-15,6,Deluxe,airbnb,34,0.9465074439925978,4,0,2,137.89236129346074
2024-12-28,2025-01-10,2025-01-17,7,Deluxe,booking.com,13,0.736896119310739,4,0,1,185.2800761873403
2023-12-10,2023-12-29,2024-01-01,3,Deluxe,direct,19,0.6354233903264123,4,0,12,203.07102955463836
2024-05-11,2024-05-27,2024-05-29,2,Deluxe,expedia,16,0.5441284551793711,0,0,5,185.0390817055946
2023-02-24,2023-03-21,2023-03-27,6,Suite,direct,25,0.6926556076541929,1,0,3,269.82903501405
2024-08-28,2024-09-21,2024-09-29,8,Standard,expedia,24,0.6711250504525487,5,1,9,124.80653958765639
2024-06-28,2024-08-13,2024-08-16,3,Suite,booking.com,46,0.7644109416429261,1,0,8,331.2833328793264
2023-03-22,2023-06-08,2023-06-10,2,Deluxe,direct,78,0.653343287259508,3,0,6,167.97093149702692
2024-12-07,2024-12-12,2024-12-20,8,Suite,booking.com,5,0.8349408727421852,3,0,12,306.2243794866545
2023-11-18,2024-01-26,2024-01-29,3,Standard,airbnb,69,0.9090276983367729,4,0,1,69.77040729709277
2024-06-13,2024-07-29,2024-07-30,1,Standard,direct,46,0.5537899799971785,0,0,7,145.2990223369387
2024-08-19,2024-09-16,2024-09-17,1,Deluxe,airbnb,28,0.7255532599527903,0,0,9,125.6833558854496
2024-05-06,2024-07-16,2024-07-22,6,Suite,expedia,71,0.5639486428312163,1,0,7,315.1981293325273
2023-08-22,2023-11-05,2023-11-11,6,Suite,airbnb,75,0.8937704464699008,6,1,11,205.02168741004803
2023-11-02,2024-01-24,2024-01-28,4,Suite,direct,83,0.6007965718219995,2,0,1,240.71368441023748
2023-01-20,2023-03-04,2023-03-05,1,Suite,airbnb,43,0.8336439328216283,5,1,3,259.6666602081942
2024-05-03,2024-06-03,2024-06-11,8,Deluxe,airbnb,31,0.738931492174605,0,0,6,245.4235929024302
2024-04-27,2024-06-25,2024-07-02,7,Standard,airbnb,59,0.87671826028792,1,0,6,112.69280508121713
2023-09-15,2023-10-15,2023-10-24,9,Suite,booking.com,30,0.8394937510152825,6,1,10,275.05602100790713
2024-04-22,2024-07-03,2024-07-11,8,Suite,expedia,72,0.5406860073074555,2,0,7,308.10088608336724
2023-05-22,2023-07-18,2023-07-26,8,Standard,direct,57,0.9378787205867715,1,0,7,107.84926944282431
2023-02-25,2023-05-23,2023-05-24,1,Suite,booking.com,87,0.842004090193311,1,0,5,146.75062032495848
2023-12-10,2024-02-17,2024-02-22,5,Standard,direct,69,0.8090178470961669,5,1,2,116.39163385672352
2024-11-30,2025-01-02,2025-01-08,6,Suite,direct,33,0.7954309417565817,3,0,1,278.59302354816504
2023-06-11,2023-06-17,2023-06-19,2,Suite,booking.com,6,0.8867279052758581,5,1,6,439.98477865133094
2023-09-04,2023-11-20,2023-11-27,7,Standard,airbnb,77,0.5010700322881105,0,0,11,57.15917693430697
2023-02-07,2023-03-06,2023-03-07,1,Deluxe,booking.com,27,0.8404748532899675,0,0,3,142.83802313651594
2024-06-01,2024-06-08,2024-06-14,6,Standard,booking.com,7,0.7063315968816154,5,1,6,196.9247318416152
2024-12-19,2025-03-17,2025-03-18,1,Suite,booking.com,88,0.8133491400047502,0,0,3,159.34457103342226
2023-06-04,2023-06-14,2023-06-22,8,Deluxe,expedia,10,0.9409343540103186,2,0,6,186.86370873173047
2023-06-16,2023-07-30,2023-07-31,1,Suite,expedia,44,0.9498596703583395,6,1,7,320.6199553616815
2023-09-15,2023-09-23,2023-09-24,1,Deluxe,airbnb,8,0.742523584682474,5,1,9,185.52381567413505
2023-07-15,2023-09-12,2023-09-21,9,Standard,expedia,59,0.7534822509271475,1,0,9,70.30918149776333
2023-05-16,2023-05-18,2023-05-20,2,Deluxe,direct,2,0.9235947785207179,3,0,5,138.7902067891009
2023-03-04,2023-04-19,2023-04-23,4,Standard,airbnb,46,0.7301926645673734,2,0,4,84.99589470498604
2023-03-14,2023-04-26,2023-05-04,8,Standard,expedia,43,0.7301955997827434,2,0,4,77.52442873092366
2024-03-01,2024-05-15,2024-05-24,9,Suite,booking.com,75,0.7678381994806671,2,0,5,187.391691630714
2024-08-22,2024-10-28,2024-11-01,4,Deluxe,airbnb,67,0.8987554345154013,0,0,10,93.608274114936
2024-05-12,2024-07-10,2024-07-13,3,Suite,expedia,59,0.9284308492575071,2,0,7,252.2251414681218
2024-04-29,2024-05-15,2024-05-17,2,Deluxe,booking.com,16,0.7107141990052062,2,0,5,160.73992366812445
2023-06-14,2023-07-07,2023-07-16,9,Suite,direct,23,0.8736861655310081,4,0,7,343.32769666845167
2023-07-27,2023-09-20,2023-09-29,9,Deluxe,booking.com,55,0.6108336694087233,2,0,9,138.4880517299534
2024-10-15,2024-10-16,2024-10-21,5,Suite,booking.com,1,0.8760424597673135,2,0,10,242.96256674514302
2023-09-23,2023-10-10,2023-10-18,8,Suite,expedia,17,0.6820094067973405,1,0,10,293.2950768223099
2024-02-29,2024-04-19,2024-04-26,7,Standard,direct,50,0.5645234071940659,4,0,4,108.48499036634696
2024-08-25,2024-11-04,2024-11-12,8,Standard,direct,71,0.734563639021041,0,0,11,54.90897903393723
2023-05-19,2023-07-01,2023-07-04,3,Suite,direct,43,0.7944467073812396,5,1,7,396.91293404199376
2023-09-18,2023-12-15,2023-12-23,8,Suite,booking.com,88,0.6700664335332538,4,0,12,188.27088235940303
2024-02-16,2024-04-26,2024-05-04,8,Standard,expedia,70,0.5378456857870587,4,0,4,98.38220128005051
2023-12-31,2024-01-06,2024-01-08,2,Suite,airbnb,6,0.5207763728048704,5,1,1,480.60422808792134
2024-09-18,2024-10-23,2024-10-25,2,Deluxe,airbnb,35,0.6721112321647598,2,0,10,142.61501924814849
2023-03-02,2023-04-27,2023-04-30,3,Standard,booking.com,56,0.7765942886985555,3,0,4,63.60342172919415
2024-05-22,2024-08-03,2024-08-09,6,Standard,direct,73,0.6039538345759637,5,1,8,160.1409942242146
2024-06-17,2024-07-25,2024-08-01,7,Suite,direct,38,0.6091311041629098,3,0,7,387.45149946721125
2023-10-09,2023-10-11,2023-10-20,9,Standard,booking.com,2,0.5939651545455776,2,0,10,127.89324055781125
2023-11-04,2024-01-12,2024-01-15,3,Deluxe,booking.com,69,0.5747485235365163,4,0,1,150.70764856941733
2024-03-14,2024-05-31,2024-06-05,5,Suite,booking.com,78,0.8998075739650828,4,0,5,147.52238681637766
2024-04-21,2024-06-29,2024-07-05,6,Deluxe,expedia,69,0.7338394305685292,5,1,6,208.69228696582226
2023-04-05,2023-06-11,2023-06-12,1,Deluxe,booking.com,67,0.8328658573258182,6,1,6,181.7225306539119
2024-07-02,2024-07-07,2024-07-09,2,Suite,booking.com,5,0.6709697286526699,6,1,7,541.5670804712055
2023-11-15,2024-01-14,2024-01-18,4,Deluxe,expedia,60,0.8451663771193734,6,1,1,145.82590372662364
2024-04-23,2024-06-29,2024-07-03,4,Standard,airbnb,67,0.7404644182910038,5,1,6,127.85499134194777
2024-02-13,2024-04-03,2024-04-09,6,Deluxe,airbnb,50,0.6562245363481259,2,0,4,138.92779368576672
2023-04-15,2023-06-10,2023-06-17,7,Standard,direct,56,0.8380524092364421,5,1,6,150.661083192895
2024-05-31,2024-08-11,2024-08-15,4,Standard,booking.com,72,0.5156475352898728,6,1,8,162.5890320081163
2024-07-17,2024-08-26,2024-09-01,6,Deluxe,airbnb,40,0.7542510390943494,0,0,8,201.129955817947
2024-04-08,2024-06-19,2024-06-24,5,Standard,direct,72,0.7176391790989677,2,0,6,113.3244314403568
2024-08-31,2024-11-28,2024-12-07,9,Suite,direct,89,0.693551431156405,3,0,11,159.37781551100528
2023-04-14,2023-06-25,2023-07-04,9,Deluxe,expedia,72,0.9420815706396307,6,1,6,163.96338144863677
2023-11-18,2024-02-11,2024-02-18,7,Suite,direct,85,0.8747672257140169,6,1,2,206.50283241062536
2024-04-12,2024-04-23,2024-04-29,6,Deluxe,booking.com,11,0.8786430149761146,1,0,4,163.36089378235548
2023-05-13,2023-06-17,2023-06-23,6,Suite,booking.com,35,0.8084010193473725,5,1,6,399.9327620617818
2024-04-21,2024-06-16,2024-06-19,3,Deluxe,direct,56,0.6546218196772845,6,1,6,254.70529094500867
2023-07-23,2023-08-19,2023-08-24,5,Suite,expedia,27,0.5025077249291836,5,1,8,523.7241752151474
2023-07-24,2023-09-12,2023-09-16,4,Deluxe,booking.com,50,0.5684774761070852,1,0,9,152.37564723809547
2023-07-29,2023-10-12,2023-10-17,5,Standard,direct,75,0.5098395597333588,3,0,10,79.80796491350146
2023-08-13,2023-10-06,2023-10-13,7,Suite,airbnb,54,0.9389314234380759,4,0,10,176.29731790078918
2023-04-19,2023-04-24,2023-05-02,8,Deluxe,airbnb,5,0.6378248398675803,0,0,4,176.65248840559155
2023-10-03,2023-11-08,2023-11-09,1,Suite,direct,36,0.9490422533522318,2,0,11,208.3240959640205
2023-03-01,2023-05-29,2023-05-31,2,Standard,direct,89,0.5077950590680311,0,0,5,70.65713492984361
2023-09-27,2023-09-29,2023-10-04,5,Deluxe,direct,2,0.9196608103458808,4,0,9,146.48505730901093
2024-03-11,2024-03-17,2024-03-26,9,Standard,expedia,6,0.8985683216105957,6,1,3,102.0669067889158
2024-11-14,2025-01-19,2025-01-24,5,Standard,expedia,66,0.6758896283145502,6,1,1,132.94562319203223
2024-03-17,2024-04-28,2024-05-04,6,Standard,booking.com,42,0.6178187936457892,6,1,4,130.8017337787174
2023-05-06,2023-08-02,2023-08-11,9,Deluxe,direct,88,0.6940611788826975,2,0,8,149.4869020488316
2023-03-17,2023-04-26,2023-05-03,7,Suite,expedia,40,0.6379029063405828,2,0,4,243.98193565098023
2024-04-30,2024-06-21,2024-06-24,3,Suite,direct,52,0.5085785077174183,4,0,6,376.0505931733172
2023-12-24,2024-03-20,2024-03-29,9,Deluxe,expedia,87,0.8207809915805884,2,0,3,85.03706083036427
2023-10-06,2023-10-18,2023-10-24,6,Standard,airbnb,12,0.6147416393063204,2,0,10,115.28559401124143
2023-04-18,2023-05-01,2023-05-04,3,Standard,direct,13,0.8833163605441632,0,0,5,88.09686982240171
2024-09-12,2024-09-20,2024-09-22,2,Suite,direct,8,0.8920947739131954,4,0,9,251.7648167707498
2023-02-07,2023-05-03,2023-05-06,3,Deluxe,airbnb,85,0.7655269842857535,2,0,5,84.96414997046132
2023-02-12,2023-03-08,2023-03-16,8,Deluxe,airbnb,24,0.6502728043116831,2,0,3,158.89126536885905
2023-12-26,2023-12-29,2023-12-31,2,Standard,direct,3,0.5844624672628913,4,0,12,134.5410692422226
2024-12-06,2024-12-16,2024-12-22,6,Deluxe,direct,10,0.5377186647585435,0,0,12,252.07912841354164
2023-08-05,2023-08-21,2023-08-22,1,Suite,booking.com,16,0.8671657878535024,0,0,8,363.53112727566133
2024-09-20,2024-11-19,2024-11-26,7,Standard,direct,60,0.8105132424490422,1,0,11,82.22480937634526
2024-01-06,2024-01-23,2024-01-24,1,Deluxe,airbnb,17,0.8407419060445425,1,0,1,181.06570314643068
2024-07-26,2024-09-01,2024-09-07,6,Deluxe,expedia,37,0.8554511184218889,6,1,9,161.9578850257842
2024-09-28,2024-12-13,2024-12-18,5,Suite,airbnb,76,0.7875495593506787,4,0,12,226.0772192539538
2024-08-22,2024-11-11,2024-11-16,5,Standard,expedia,81,0.8991014912299021,0,0,11,64.18280761844368
2023-08-05,2023-10-26,2023-11-02,7,Standard,booking.com,82,0.6105217658762273,3,0,10,57.53940094385218
2023-05-01,2023-06-30,2023-07-01,1,Deluxe,expedia,60,0.9302660019905937,4,0,6,144.74879975621968
2023-05-18,2023-06-14,2023-06-20,6,Suite,direct,27,0.93757373295052,2,0,6,304.21421223514307
2023-10-11,2023-11-06,2023-11-12,6,Standard,direct,26,0.5430637308141936,0,0,11,130.51990047526104
2024-04-18,2024-06-28,2024-07-06,8,Suite,booking.com,71,0.6234511925257561,4,0,6,312.9791963793101
2023-08-11,2023-08-14,2023-08-20,6,Standard,booking.com,3,0.6970708462699056,0,0,8,170.57381462709068
2023-11-27,2024-01-03,2024-01-07,4,Standard,expedia,37,0.5685737779957244,2,0,1,134.44462157946072
2024-01-21,2024-02-27,2024-03-03,5,Standard,booking.com,37,0.7754913557716485,1,0,2,101.33022254343119
2024-03-31,2024-04-12,2024-04-16,4,Deluxe,expedia,12,0.9428201724705194,4,0,4,131.75895572636762
2024-01-10,2024-01-24,2024-01-31,7,Deluxe,booking.com,14,0.5380545311918331,2,0,1,236.35119063619854
2024-09-05,2024-11-04,2024-11-10,6,Standard,direct,60,0.836284470279441,0,0,11,83.56447839178543
2024-04-01,2024-05-12,2024-05-13,1,Suite,expedia,41,0.66441728059874,6,1,5,302.3136569012603
2023-05-01,2023-05-18,2023-05-24,6,Deluxe,expedia,17,0.9151065744828004,3,0,5,122.36635505381356
2024-01-31,2024-04-15,2024-04-23,8,Suite,expedia,75,0.5720228711907765,0,0,4,203.68165349836897
2024-04-12,2024-06-16,2024-06-18,2,Deluxe,airbnb,65,0.7470312027562481,6,1,6,217.32229785161294
2023-12-08,2023-12-11,2023-12-13,2,Deluxe,expedia,3,0.5322459862087816,0,0,12,223.53398101249303
2024-04-06,2024-04-10,2024-04-12,2,Suite,expedia,4,0.7172801829373466,2,0,4,285.8488910608259
2023-06-23,2023-08-02,2023-08-04,2,Suite,direct,40,0.5951374845838133,2,0,8,369.71106147461035
2023-06-13,2023-06-21,2023-06-29,8,Suite,airbnb,8,0.627488746640033,2,0,6,458.6488008088357
2024-02-14,2024-03-25,2024-04-02,8,Deluxe,direct,40,0.9026954077809304,0,0,3,111.6208482184575
2023-10-01,2023-11-03,2023-11-12,9,Deluxe,direct,33,0.5588915654709194,4,0,11,150.8251687652998
2024-01-02,2024-02-08,2024-02-12,4,Suite,expedia,37,0.8490733776916424,3,0,2,236.50068114029045
2024-11-15,2025-01-31,2025-02-02,2,Deluxe,airbnb,77,0.8851896964662496,4,0,1,124.32517545451024
2024-12-01,2025-01-02,2025-01-03,1,Standard,expedia,32,0.8620101373989705,3,0,1,90.65260025786434
2023-06-17,2023-08-28,2023-09-02,5,Deluxe,booking.com,72,0.6021150024708747,0,0,8,185.4429005265821
2023-06-18,2023-09-15,2023-09-23,8,Standard,airbnb,89,0.8228380439231574,4,0,9,65.56545030295719
2023-06-30,2023-07-27,2023-07-31,4,Deluxe,direct,27,0.7147695596357426,3,0,7,220.6794755320533
2023-11-03,2024-01-07,2024-01-16,9,Standard,booking.com,65,0.5447339949838534,6,1,1,148.2824028179533
2023-03-04,2023-04-08,2023-04-15,7,Suite,airbnb,35,0.5357679100292536,5,1,4,342.0237308324474
2023-09-06,2023-11-17,2023-11-24,7,Deluxe,expedia,72,0.7472942611707737,4,0,11,111.83627689476873
2024-10-22,2024-11-28,2024-12-05,7,Deluxe,booking.com,37,0.7054432544236671,3,0,11,144.2759158664241
2024-05-12,2024-06-30,2024-07-08,8,Suite,expedia,49,0.865106729019126,6,1,6,358.11672451262024
2023-10-09,2023-11-13,2023-11-20,7,Standard,expedia,35,0.7983821350943269,0,0,11,98.27825971325336
2023-03-03,2023-03-24,2023-03-28,4,Standard,direct,21,0.8095259606709956,4,0,3,100.48598919669011
2024-12-09,2025-03-08,2025-03-16,8,Suite,expedia,89,0.9328911973965545,5,1,3,157.78667690854024
2023-06-01,2023-08-22,2023-08-23,1,Suite,airbnb,82,0.941969794082144,1,0,8,202.62181946054
2023-03-31,2023-04-11,2023-04-19,8,Suite,direct,11,0.9338454161597236,1,0,4,233.1701387434803
2024-03-07,2024-03-11,2024-03-17,6,Deluxe,direct,4,0.8420870163973835,0,0,3,139.7863419021024
2024-01-09,2024-03-26,2024-03-30,4,Suite,airbnb,77,0.6700541057775488,1,0,3,188.51067377618065
2024-10-28,2024-11-20,2024-11-27,7,Deluxe,direct,23,0.520938173422493,2,0,11,176.8286894089198
2024-04-09,2024-06-07,2024-06-09,2,Deluxe,airbnb,59,0.8442193430924647,4,0,6,176.86833120284263
2023-03-28,2023-05-15,2023-05-24,9,Deluxe,direct,48,0.5898959664681226,0,0,5,150.49901042679357
2023-07-20,2023-10-02,2023-10-04,2,Suite,direct,74,0.8082858676316067,0,0,10,160.12839592628387
2024-03-07,2024-04-05,2024-04-10,5,Suite,expedia,29,0.7490152173414294,4,0,4,242.14239939385973
2023-06-17,2023-08-07,2023-08-08,1,Deluxe,booking.com,51,0.6318639136127853,0,0,8,222.16218380705723
2023-03-22,2023-04-04,2023-04-10,6,Standard,booking.com,13,0.526289103492597,1,0,4,151.23912095548278
2023-04-22,2023-07-03,2023-07-06,3,Deluxe,booking.com,72,0.7970486020325902,0,0,7,162.81815068972136
2023-07-03,2023-09-16,2023-09-25,9,Suite,expedia,75,0.5372040881309706,5,1,9,238.515815276871
2023-10-21,2023-11-19,2023-11-23,4,Deluxe,expedia,29,0.828769594834215,6,1,11,148.54551410956185
2024-05-09,2024-05-22,2024-05-26,4,Standard,expedia,13,0.9278664653845868,2,0,5,82.69537673073071
2024-03-10,2024-05-13,2024-05-15,2,Standard,expedia,64,0.5728791431322283,0,0,5,82.16175728916545
2023-12-17,2024-02-02,2024-02-07,5,Suite,airbnb,47,0.539677452202265,4,0,2,319.97868088547625
2024-04-09,2024-05-23,2024-06-01,9,Standard,direct,44,0.536429718908267,3,0,5,103.86836806755855
2024-12-16,2025-01-04,2025-01-08,4,Suite,booking.com,19,0.6909578565494893,5,1,1,400.4048550699749
2024-02-16,2024-05-10,2024-05-15,5,Deluxe,expedia,84,0.9386096232599699,4,0,5,92.71388392246399
2024-04-16,2024-05-27,2024-06-03,7,Deluxe,booking.com,41,0.8903169714093246,0,0,5,104.21473110604762
2024-09-25,2024-11-10,2024-11-11,1,Deluxe,expedia,46,0.6372874735496885,6,1,11,168.79514985435148
2024-12-25,2025-03-03,2025-03-10,7,Standard,booking.com,68,0.640503557931128,0,0,3,96.957859843339
2023-06-21,2023-08-10,2023-08-11,1,Standard,airbnb,50,0.6325124437887109,3,0,8,152.57653619312873
2023-09-14,2023-11-01,2023-11-06,5,Deluxe,airbnb,48,0.6936967695724721,2,0,11,145.67938878264863
2024-07-13,2024-07-21,2024-07-29,8,Suite,booking.com,8,0.8252827032915744,6,1,7,453.59553338998234
2024-04-22,2024-06-08,2024-06-09,1,Suite,airbnb,47,0.8259118188668226,5,1,6,387.64544731475956
2023-01-10,2023-01-15,2023-01-20,5,Deluxe,expedia,5,0.6328182468107584,6,1,1,269.4575172401749
2023-04-02,2023-06-23,2023-07-02,9,Standard,expedia,82,0.6660368523550548,4,0,6,112.7717163674268
2023-06-20,2023-07-23,2023-07-28,5,Suite,direct,33,0.8510939362598848,6,1,7,395.8645469038277
2024-07-01,2024-09-13,2024-09-15,2,Suite,direct,74,0.7619444335753089,4,0,9,170.58491073987673
2024-04-13,2024-07-08,2024-07-10,2,Standard,booking.com,86,0.7525872295004845,0,0,7,119.24208018024623
2024-01-23,2024-01-26,2024-01-30,4,Suite,airbnb,3,0.5837826367749255,4,0,1,398.4961217467588
2023-02-09,2023-04-08,2023-04-16,8,Suite,direct,58,0.6805421457924927,5,1,4,260.2117099671425
2023-11-08,2023-12-10,2023-12-14,4,Suite,direct,32,0.9223139375825355,6,1,12,305.70501173765643
2024-10-03,2024-11-05,2024-11-07,2,Standard,expedia,33,0.5197186280512899,1,0,11,124.54281201465172
2024-04-03,2024-05-17,2024-05-25,8,Suite,expedia,44,0.7919639745714246,4,0,5,211.13947063059499
2023-07-10,2023-07-14,2023-07-19,5,Suite,booking.com,4,0.8907025080872549,4,0,7,381.7937754233735
2024-01-03,2024-02-08,2024-02-11,3,Suite,booking.com,36,0.9268069033574022,3,0,2,253.3631286751431
2023-06-06,2023-08-24,2023-08-27,3,Deluxe,direct,79,0.6245635496703127,3,0,8,180.88441680034396
2023-10-28,2023-11-26,2023-12-03,7,Standard,direct,29,0.8680462980487874,6,1,11,92.71188116085929
2023-02-06,2023-03-12,2023-03-21,9,Standard,airbnb,34,0.7646713342695814,6,1,3,131.30105719782193
2023-12-14,2024-03-02,2024-03-08,6,Deluxe,direct,79,0.652948682366211,5,1,3,139.13647838581278
2024-10-21,2024-12-21,2024-12-29,8,Standard,booking.com,61,0.6847570582327337,5,1,12,102.16246109939942
2024-03-28,2024-05-11,2024-05-15,4,Standard,airbnb,44,0.5489301366958854,5,1,5,120.75182732805223
2023-03-30,2023-04-24,2023-04-28,4,Standard,expedia,25,0.8969981073392457,0,0,4,89.19528508462707
2023-01-07,2023-03-16,2023-03-17,1,Suite,airbnb,68,0.5976961090842611,3,0,3,217.49747656490825
2024-04-30,2024-06-30,2024-07-01,1,Standard,direct,61,0.7714920011772259,6,1,6,140.3350087673407
2023-01-23,2023-03-31,2023-04-07,7,Suite,booking.com,67,0.9457523731356021,4,0,3,169.71973981573512
2024-01-13,2024-01-20,2024-01-24,4,Standard,booking.com,7,0.6752497057642655,5,1,1,168.97012815943646
2024-06-01,2024-08-03,2024-08-04,1,Deluxe,direct,63,0.8286321790474971,5,1,8,207.6875882253602
2024-02-17,2024-03-15,2024-03-21,6,Suite,airbnb,27,0.871218740277387,4,0,3,216.43688896805958
2023-01-17,2023-03-08,2023-03-12,4,Standard,direct,50,0.6885472632936531,2,0,3,84.66438586776692
2023-06-28,2023-09-13,2023-09-22,9,Standard,booking.com,77,0.8337853748539775,2,0,9,51.2810268415257
2023-12-02,2024-01-23,2024-01-31,8,Standard,booking.com,52,0.5806375142100932,1,0,1,111.85415053397824
2024-10-23,2024-12-05,2024-12-11,6,Standard,airbnb,43,0.6987028986473801,3,0,12,113.0719989685827
2023-06-12,2023-06-14,2023-06-17,3,Deluxe,direct,2,0.9333531985624585,2,0,6,214.363229115631
2023-04-29,2023-07-19,2023-07-20,1,Deluxe,direct,81,0.6582786159989811,2,0,7,153.97037985880922
2023-09-24,2023-10-05,2023-10-13,8,Standard,booking.com,11,0.9266082859699217,3,0,10,77.39356176362908
2024-07-14,2024-09-19,2024-09-26,7,Deluxe,airbnb,67,0.561302159929447,3,0,9,127.0921020308882
2023-06-27,2023-07-27,2023-08-01,5,Suite,direct,30,0.5268742557234795,3,0,7,440.13238763126816
2023-10-15,2023-10-30,2023-11-05,6,Standard,direct,15,0.6056724716533503,0,0,10,124.00011955623147
2024-06-19,2024-06-28,2024-07-05,7,Standard,expedia,9,0.5224497233912203,4,0,6,191.18191629015527
2024-03-07,2024-04-01,2024-04-09,8,Suite,expedia,25,0.6371262775959305,0,0,4,289.3283173898609
2024-02-10,2024-04-13,2024-04-18,5,Standard,expedia,63,0.7256906904501653,5,1,4,95.74251739422944
2024-11-05,2024-11-19,2024-11-21,2,Suite,airbnb,14,0.7594963455184578,1,0,11,266.60303048152093
2023-02-07,2023-03-28,2023-04-02,5,Suite,expedia,49,0.9218696272360348,1,0,3,165.23830300076725
2024-09-23,2024-11-04,2024-11-12,8,Deluxe,expedia,42,0.6754310948031983,0,0,11,126.98081392674044
2023-08-18,2023-10-10,2023-10-17,7,Deluxe,airbnb,53,0.6192760049453134,1,0,10,154.92550029104072
2024-04-20,2024-05-15,2024-05-23,8,Standard,direct,25,0.7159095666842337,2,0,5,98.29896228702647
2024-11-20,2025-02-06,2025-02-09,3,Suite,direct,78,0.5920353598633433,3,0,2,244.46011858764987
2024-12-04,2025-01-28,2025-02-03,6,Deluxe,booking.com,55,0.7936429989780762,1,0,1,158.6350470894982
2024-01-13,2024-02-26,2024-02-28,2,Standard,direct,44,0.8015388021891476,0,0,2,87.1347056057054
2024-06-10,2024-06-22,2024-06-27,5,Suite,booking.com,12,0.7623382908367684,5,1,6,480.710287179429
2024-12-16,2025-01-06,2025-01-11,5,Deluxe,direct,21,0.9042094154924971,0,0,1,152.10559659000089
2023-07-10,2023-10-06,2023-10-14,8,Suite,airbnb,88,0.5727184972987504,4,0,10,189.34922555174305
2024-03-09,2024-06-02,2024-06-08,6,Suite,airbnb,85,0.6014780685592619,6,1,6,342.3583712102093
2023-02-02,2023-02-05,2023-02-06,1,Suite,expedia,3,0.5210494115261849,6,1,2,491.0071725336039
2024-01-21,2024-04-14,2024-04-17,3,Standard,expedia,84,0.9356300353928206,6,1,4,55.52937216443543
2024-04-29,2024-04-30,2024-05-09,9,Standard,booking.com,1,0.5525237072402717,1,0,4,137.02527576486824
2024-03-01,2024-03-14,2024-03-21,7,Standard,direct,13,0.5710137256399853,3,0,3,128.2403515912775
2024-08-05,2024-09-01,2024-09-07,6,Deluxe,booking.com,27,0.933101828634711,6,1,9,132.36003367174683
2024-04-18,2024-05-12,2024-05-17,5,Suite,direct,24,0.7144906667489406,6,1,5,313.3262616992838
2024-12-03,2025-01-08,2025-01-16,8,Deluxe,booking.com,36,0.9069361452610255,2,0,1,137.91965939341594
2023-05-04,2023-06-21,2023-06-29,8,Suite,airbnb,48,0.7030961322684286,2,0,6,330.4029832185609
2023-03-22,2023-06-01,2023-06-10,9,Deluxe,expedia,71,0.8642504924203122,3,0,6,139.37317760808477
2023-06-08,2023-07-20,2023-07-28,8,Deluxe,direct,42,0.8982399063119092,3,0,7,176.05911178309756
2024-01-16,2024-03-10,2024-03-12,2,Deluxe,booking.com,54,0.6956050233547559,6,1,3,158.07046803606028
2023-08-22,2023-10-16,2023-10-20,4,Suite,booking.com,55,0.9480523629042166,0,0,10,179.06277030948286
2024-06-12,2024-07-05,2024-07-14,9,Standard,direct,23,0.5405405384192632,4,0,7,174.36977864948767
2024-02-20,2024-04-14,2024-04-22,8,Suite,direct,54,0.7110723502460377,6,1,4,270.76276141391946
2024-12-07,2025-01-09,2025-01-16,7,Deluxe,expedia,33,0.8541842584016845,3,0,1,156.04499515950909
2024-03-09,2024-04-09,2024-04-14,5,Deluxe,booking.com,31,0.9141314958410067,1,0,4,122.91274605553396
2023-07-04,2023-07-23,2023-07-28,5,Standard,direct,19,0.6094115052381822,6,1,7,204.0318784082344
2023-06-14,2023-08-05,2023-08-07,2,Deluxe,airbnb,52,0.7412902925114011,5,1,8,224.71172705257422
2024-07-22,2024-09-24,2024-09-25,1,Deluxe,booking.com,64,0.7464730245362289,1,0,9,129.38105655061216
2023-08-13,2023-11-06,2023-11-09,3,Suite,direct,85,0.5429990182083412,0,0,11,178.97653009152012
2023-10-10,2023-11-01,2023-11-05,4,Standard,direct,22,0.5440669128014746,2,0,11,130.56927724575613
2024-07-07,2024-07-08,2024-07-12,4,Deluxe,direct,1,0.6126291478037607,0,0,7,293.8668586518363
2023-06-18,2023-07-15,2023-07-23,8,Deluxe,booking.com,27,0.8976945610217597,5,1,7,229.13351072876938
2024-05-27,2024-06-04,2024-06-05,1,Standard,expedia,8,0.5226782556850932,1,0,6,186.04021512347518
2023-05-25,2023-06-16,2023-06-17,1,Suite,direct,22,0.7327467674040429,4,0,6,380.37445011908085
2024-11-15,2024-12-28,2025-01-03,6,Suite,direct,43,0.6179035904206076,5,1,12,366.8052100288186
2024-11-27,2025-02-12,2025-02-18,6,Suite,direct,77,0.6563996111652295,2,0,2,233.05125144243775
2024-08-09,2024-10-09,2024-10-13,4,Standard,booking.com,61,0.8011053705093054,2,0,10,67.35471501512679
2024-03-31,2024-04-19,2024-04-28,9,Suite,booking.com,19,0.7172928799899373,4,0,4,285.31645670376696
2024-09-25,2024-10-06,2024-10-12,6,Deluxe,direct,11,0.7244556138017443,6,1,10,207.44185741364555
2024-04-03,2024-04-09,2024-04-18,9,Deluxe,airbnb,6,0.5089342716118906,1,0,4,196.06302224407247
2023-06-12,2023-08-30,2023-09-07,8,Standard,airbnb,79,0.5915660596557102,2,0,8,112.8155479671899
2023-09-12,2023-10-03,2023-10-07,4,Suite,booking.com,21,0.5920785137737686,1,0,10,307.068950279704
2024-08-12,2024-08-26,2024-09-02,7,Standard,expedia,14,0.5269567590120567,0,0,8,191.56531318328703
2023-05-10,2023-06-15,2023-06-23,8,Standard,expedia,36,0.9382788645057689,3,0,6,131.36952165546154
2023-10-21,2023-12-10,2023-12-14,4,Standard,expedia,50,0.795230616214867,6,1,12,104.19622425137496
2024-12-12,2025-01-12,2025-01-21,9,Suite,booking.com,31,0.8386312064496266,6,1,1,337.3736259664382
2023-05-06,2023-05-23,2023-05-30,7,Suite,booking.com,17,0.9195936014145103,1,0,5,227.09212115463114
2023-11-27,2024-02-06,2024-02-09,3,Standard,direct,71,0.7888010591213901,1,0,2,101.549467663638
2024-02-22,2024-02-23,2024-03-01,7,Deluxe,expedia,1,0.6171802038439983,4,0,2,228.8099541026291
2023-12-31,2024-01-16,2024-01-22,6,Deluxe,airbnb,16,0.7713397739858414,1,0,1,192.68190959564942
2024-05-11,2024-06-02,2024-06-04,2,Suite,direct,22,0.5402551909912299,6,1,6,539.3045660826116
2023-10-24,2023-12-12,2023-12-13,1,Deluxe,airbnb,49,0.7355691569715933,1,0,12,142.85266227784072
2024-01-10,2024-02-24,2024-03-03,8,Standard,direct,45,0.6602920611169133,5,1,2,136.4302483128639
2023-10-21,2023-11-09,2023-11-15,6,Standard,booking.com,19,0.5000493764555167,3,0,11,130.45870186744318
2024-07-23,2024-08-19,2024-08-26,7,Suite,airbnb,27,0.9366036465732632,0,0,8,314.0451695369391
2024-10-29,2024-11-26,2024-11-30,4,Standard,expedia,28,0.6655692624479792,1,0,11,98.18553381744643
2023-08-21,2023-10-06,2023-10-14,8,Deluxe,direct,46,0.8444754333872618,4,0,10,128.74645136761143
2024-09-10,2024-11-19,2024-11-24,5,Standard,direct,70,0.7808630616205832,1,0,11,66.10440501999265
2023-09-29,2023-10-22,2023-10-31,9,Suite,expedia,23,0.8338618074345004,6,1,10,291.6487076556862
2024-01-06,2024-03-09,2024-03-17,8,Deluxe,booking.com,63,0.9174795078709599,5,1,3,122.88432684643351
2023-05-08,2023-05-17,2023-05-26,9,Suite,expedia,9,0.8621474971384496,2,0,5,241.0990885630934
2023-01-15,2023-02-19,2023-02-25,6,Deluxe,expedia,35,0.8565571306691862,6,1,2,173.16139349597123
2023-10-22,2023-11-14,2023-11-20,6,Deluxe,booking.com,23,0.5961520730725334,1,0,11,167.20304974924173
2024-12-17,2025-01-08,2025-01-16,8,Suite,airbnb,22,0.9019437040919797,2,0,1,273.5534143149464
2024-04-17,2024-06-18,2024-06-26,8,Suite,airbnb,62,0.5581776238285933,1,0,6,352.85242705398923
2023-01-13,2023-04-06,2023-04-12,6,Standard,expedia,83,0.7321641087400668,3,0,4,58.16726904806672
2024-03-03,2024-05-25,2024-05-28,3,Standard,direct,83,0.6498648010626816,5,1,5,79.44159589134321
2023-05-04,2023-06-18,2023-06-26,8,Suite,airbnb,45,0.8596704203915204,6,1,6,362.49972172012633
2023-03-11,2023-04-19,2023-04-28,9,Deluxe,expedia,39,0.6959756347869346,2,0,4,165.01180901575742
2023-01-07,2023-04-04,2023-04-12,8,Standard,booking.com,87,0.5458808773588342,1,0,4,69.5437871360886
2023-11-02,2023-12-09,2023-12-10,1,Standard,expedia,37,0.5370826833624628,5,1,12,161.29368028168616
2024-11-25,2025-02-10,2025-02-12,2,Standard,airbnb,77,0.867068101156284,0,0,2,78.56054756822861
2023-08-06,2023-10-08,2023-10-15,7,Suite,expedia,63,0.7262247736288505,6,1,10,234.518333425547
2024-09-17,2024-12-05,2024-12-14,9,Deluxe,expedia,79,0.9367254395252872,3,0,12,114.91811164355187
2024-07-02,2024-09-06,2024-09-15,9,Deluxe,airbnb,66,0.8419469475730763,4,0,9,126.19993451938896
2023-03-02,2023-05-26,2023-05-28,2,Deluxe,expedia,85,0.7428011811569001,4,0,5,82.76902402570317
2023-10-16,2023-11-17,2023-11-24,7,Deluxe,booking.com,32,0.6105233743483773,4,0,11,122.49071435132936
2023-08-28,2023-09-13,2023-09-14,1,Deluxe,direct,16,0.6316953371727005,2,0,9,166.11436929305086
2023-03-13,2023-04-12,2023-04-20,8,Deluxe,direct,30,0.659785018472218,2,0,4,162.46849233845572
2023-11-27,2024-01-21,2024-01-27,6,Suite,direct,55,0.6367143649466493,6,1,1,322.83678141144605
2024-08-01,2024-08-26,2024-09-01,6,Suite,direct,25,0.7458674596648021,0,0,8,378.1182155172786
2023-08-25,2023-09-10,2023-09-13,3,Standard,expedia,16,0.5479006390621389,6,1,9,135.3085579868956
2024-02-07,2024-03-09,2024-03-16,7,Deluxe,direct,31,0.8655530550280329,5,1,3,159.96576293116152
2024-09-10,2024-09-15,2024-09-16,1,Suite,direct,5,0.7892808534033524,6,1,9,329.37391605389627
2023-04-12,2023-06-09,2023-06-13,4,Suite,booking.com,58,0.8362896573828691,4,0,6,282.8157608730847
2024-12-18,2024-12-26,2024-12-31,5,Standard,expedia,8,0.7812561463982045,3,0,12,140.67881102476937
2024-10-20,2024-10-31,2024-11-09,9,Suite,booking.com,11,0.7544126246501538,3,0,10,263.9342156572567
2023-11-10,2023-11-18,2023-11-20,2,Suite,expedia,8,0.6362894549579401,5,1,11,363.3548665242129
2023-06-26,2023-09-17,2023-09-21,4,Standard,direct,83,0.8037513973561563,6,1,9,77.78342288223953
2023-09-30,2023-10-18,2023-10-22,4,Suite,booking.com,18,0.7481466706436424,2,0,10,270.6419539022139
2023-05-22,2023-06-27,2023-07-01,4,Suite,expedia,36,0.6149714663073914,1,0,6,397.7785124418517
2023-04-28,2023-05-17,2023-05-20,3,Deluxe,airbnb,19,0.5626731631194105,2,0,5,190.37485742776107
2024-10-24,2024-12-13,2024-12-22,9,Deluxe,airbnb,50,0.6385398733284806,4,0,12,176.35508221573312
2024-09-24,2024-10-07,2024-10-13,6,Deluxe,booking.com,13,0.9261713596971313,0,0,10,142.74506979813555
2024-12-26,2025-02-17,2025-02-20,3,Standard,booking.com,53,0.9346627128654694,0,0,2,90.9800903056908
2024-12-29,2025-02-26,2025-03-04,6,Deluxe,airbnb,59,0.8247190858082132,2,0,2,144.0339851809285
2024-01-08,2024-02-28,2024-03-05,6,Deluxe,direct,51,0.7456862701210125,2,0,2,178.91082268328242
2024-10-08,2024-10-20,2024-10-22,2,Suite,direct,12,0.9017871971020619,6,1,10,285.71225895339904
2023-07-07,2023-09-06,2023-09-09,3,Standard,expedia,61,0.6316326906538773,2,0,9,95.30189986167136
2023-04-27,2023-07-23,2023-07-30,7,Standard,booking.com,87,0.9475161649029482,6,1,7,89.38971097765814
2024-08-02,2024-08-20,2024-08-26,6,Standard,direct,18,0.9414749556680388,1,0,8,116.97677557835725
2023-09-26,2023-11-21,2023-11-29,8,Suite,direct,56,0.6168348902944829,1,0,11,229.54133419656225
2023-09-26,2023-12-04,2023-12-10,6,Suite,direct,69,0.9418567034428638,0,0,12,198.14254416014666
2023-06-06,2023-08-26,2023-09-03,8,Standard,expedia,81,0.8811361555951818,5,1,8,115.54740400754619
2023-07-26,2023-08-22,2023-08-29,7,Deluxe,direct,27,0.8810819475287652,1,0,8,204.06010846687775
2023-01-15,2023-03-11,2023-03-19,8,Standard,airbnb,55,0.8574237379736984,5,1,3,77.53265574550058
2024-08-26,2024-09-06,2024-09-13,7,Suite,booking.com,11,0.6541832790774507,4,0,9,299.52280414786173
2024-05-05,2024-06-06,2024-06-15,9,Suite,direct,32,0.8927800139118873,3,0,6,331.2354599061461
2024-07-05,2024-07-23,2024-07-27,4,Standard,direct,18,0.8661445498817385,1,0,7,146.77333230047094
2024-12-01,2024-12-05,2024-12-11,6,Standard,expedia,4,0.6064256671297822,3,0,12,161.5164164997506
2023-02-19,2023-03-01,2023-03-02,1,Deluxe,airbnb,10,0.6983875552458587,2,0,3,183.23534361321197
2024-02-03,2024-04-07,2024-04-10,3,Suite,expedia,64,0.7223630049353211,6,1,4,238.8164567755337
2023-06-22,2023-07-13,2023-07-17,4,Deluxe,airbnb,21,0.5674325028513543,3,0,7,281.5266901360305
2024-02-11,2024-03-05,2024-03-14,9,Standard,airbnb,23,0.9116360978412764,1,0,3,111.4968980129301
2023-07-21,2023-09-12,2023-09-20,8,Deluxe,airbnb,53,0.5160616173403839,1,0,9,160.64300558545668
2023-09-08,2023-12-04,2023-12-10,6,Deluxe,expedia,87,0.6834753485521328,0,0,12,144.40551635676263
2024-10-08,2024-10-19,2024-10-23,4,Suite,airbnb,11,0.5388935348549319,5,1,10,396.8960293118353
2024-02-06,2024-02-14,2024-02-21,7,Deluxe,booking.com,8,0.6521453933347929,2,0,2,227.79108397823754
2024-06-10,2024-08-22,2024-08-25,3,Suite,direct,73,0.6363037331689754,3,0,8,300.26214461104877
2023-03-26,2023-04-03,2023-04-12,9,Suite,expedia,8,0.774347114612139,0,0,4,283.55299752090036
2023-11-24,2024-01-22,2024-01-31,9,Standard,airbnb,59,0.8431366230312306,0,0,1,99.53580183849856
2023-05-20,2023-05-28,2023-06-02,5,Suite,airbnb,8,0.865921507077014,6,1,5,297.80107303014347
2024-08-13,2024-08-28,2024-08-31,3,Suite,direct,15,0.5078018075492793,2,0,8,470.9379287211491
2024-12-16,2024-12-27,2025-01-02,6,Standard,expedia,11,0.5535780513721333,4,0,12,173.11097400428358
2023-10-20,2023-12-10,2023-12-12,2,Suite,airbnb,51,0.9448132630182569,6,1,12,256.80610141674407
2023-08-22,2023-09-09,2023-09-14,5,Deluxe,direct,18,0.8009182202354548,5,1,9,190.61944826582814
2023-02-09,2023-04-25,2023-05-01,6,Suite,booking.com,75,0.8741999224546424,1,0,4,172.4372372839972
2023-02-18,2023-04-29,2023-04-30,1,Suite,expedia,70,0.7279154948608847,5,1,4,225.90627727280878
2023-05-05,2023-07-10,2023-07-17,7,Standard,airbnb,66,0.8333826177981022,0,0,7,101.11323757669234
2023-10-29,2023-12-23,2023-12-26,3,Standard,expedia,55,0.5168498017407631,5,1,12,130.0215404584833
2023-03-25,2023-04-12,2023-04-21,9,Standard,direct,18,0.7559193896613237,2,0,4,81.43161723261842
2024-10-07,2024-11-18,2024-11-27,9,Deluxe,direct,42,0.5788076762481382,0,0,11,167.49639302349877
2024-08-22,2024-09-22,2024-09-24,2,Suite,direct,31,0.7766610795088301,6,1,9,302.5678022665286
2023-07-28,2023-10-24,2023-10-31,7,Deluxe,booking.com,88,0.9328531982776581,1,0,10,87.70485697584402
2023-11-10,2024-01-17,2024-01-19,2,Deluxe,booking.com,68,0.5969612986680066,2,0,1,154.7563622809063
2024-10-19,2024-12-17,2024-12-23,6,Suite,direct,59,0.7427043839458629,1,0,12,241.9847178400417
2023-12-18,2024-02-03,2024-02-07,4,Suite,expedia,47,0.5351853635999865,5,1,2,376.44026654636866
2023-05-18,2023-08-09,2023-08-11,2,Deluxe,airbnb,83,0.9480860648542876,2,0,8,104.44378318127748
2023-08-27,2023-10-14,2023-10-23,9,Suite,expedia,48,0.8360638594437394,5,1,10,234.99094965227516
2024-12-08,2025-01-09,2025-01-18,9,Standard,airbnb,32,0.7582004563375292,3,0,1,112.59252103795664
2023-05-14,2023-06-01,2023-06-02,1,Suite,booking.com,18,0.9276706927292072,3,0,6,343.8151847215268
2024-06-07,2024-08-01,2024-08-04,3,Suite,direct,55,0.729774907637247,3,0,8,323.2230140232789
2023-01-09,2023-03-25,2023-03-31,6,Deluxe,direct,75,0.9119213341283985,5,1,3,108.7698543099197
2023-02-21,2023-05-10,2023-05-16,6,Suite,direct,78,0.8087050052197701,2,0,5,168.8463725366132
2024-03-29,2024-04-11,2024-04-16,5,Standard,airbnb,13,0.8278817550050619,3,0,4,107.12156626018768
2023-11-22,2023-12-11,2023-12-14,3,Suite,airbnb,19,0.9491500847080971,0,0,12,272.45029400005365
2023-11-02,2023-11-12,2023-11-20,8,Deluxe,direct,10,0.8928933947706881,6,1,11,168.1477397505121
2024-05-14,2024-07-30,2024-08-03,4,Suite,direct,77,0.7393409398028717,1,0,7,269.037743780763
2023-11-04,2023-11-12,2023-11-17,5,Suite,booking.com,8,0.855634622153101,6,1,11,290.41222573657114
2024-06-28,2024-08-23,2024-08-27,4,Deluxe,direct,56,0.649673229048106,4,0,8,181.39053217000293
2023-12-29,2024-02-02,2024-02-03,1,Standard,direct,35,0.9131503820091127,4,0,2,100.67961821338662
2024-04-01,2024-06-29,2024-06-30,1,Deluxe,booking.com,89,0.7873056257545967,5,1,6,174.38117230659446
2024-03-21,2024-06-17,2024-06-18,1,Standard,airbnb,88,0.7690521553218598,0,0,6,93.84984890463922
2024-04-23,2024-07-03,2024-07-10,7,Deluxe,expedia,71,0.8900630049831979,2,0,7,164.0970702118778
2023-02-12,2023-03-08,2023-03-15,7,Standard,expedia,24,0.5785596640557649,2,0,3,116.07622657816964
2024-07-08,2024-08-22,2024-08-28,6,Deluxe,airbnb,45,0.8180127135171833,3,0,8,194.19584091630117
2023-12-27,2024-03-03,2024-03-06,3,Suite,expedia,67,0.6307090018412383,6,1,3,257.0331760305391
2023-07-28,2023-08-03,2023-08-12,9,Deluxe,airbnb,6,0.7663389285251365,3,0,8,245.22690614007337
2024-04-05,2024-06-23,2024-06-24,1,Deluxe,direct,79,0.6930515692427409,6,1,6,201.61004177721148
2023-09-25,2023-12-15,2023-12-16,1,Deluxe,airbnb,81,0.7537042003143091,4,0,12,117.73396596544642
2024-07-10,2024-09-27,2024-10-01,4,Deluxe,airbnb,79,0.5594609115560544,4,0,9,127.12972701042432
2023-01-25,2023-03-11,2023-03-17,6,Deluxe,expedia,45,0.7184177697668312,5,1,3,173.19680044405808
2024-06-26,2024-08-22,2024-08-24,2,Standard,expedia,57,0.8232037972743906,3,0,8,117.10861135444041
2023-03-22,2023-06-18,2023-06-27,9,Standard,airbnb,88,0.5057587033862007,6,1,6,128.97753659694564
2024-07-27,2024-09-28,2024-10-05,7,Standard,expedia,63,0.8037420258804434,5,1,9,72.86051578018802
2023-03-20,2023-06-17,2023-06-21,4,Deluxe,direct,89,0.8768231848846861,5,1,6,162.92486077496986
2024-11-23,2024-12-03,2024-12-05,2,Standard,airbnb,10,0.578422461639345,1,0,12,156.4459486569577
2024-01-18,2024-04-10,2024-04-15,5,Suite,airbnb,83,0.773224004485096,2,0,4,170.81216552029466
2024-06-27,2024-07-31,2024-08-08,8,Suite,airbnb,34,0.9002102321441152,2,0,7,307.4293348439487
2023-03-09,2023-05-22,2023-05-29,7,Suite,direct,74,0.8942185084547316,0,0,5,148.76450438533325
2024-02-16,2024-03-17,2024-03-26,9,Deluxe,booking.com,30,0.7225510372163948,6,1,3,182.11866416183085
2024-01-02,2024-02-10,2024-02-18,8,Suite,airbnb,39,0.8693940049911899,5,1,2,292.98308568488756
2024-08-26,2024-10-09,2024-10-10,1,Suite,booking.com,44,0.8841076333403859,2,0,10,191.89617876544267
2023-08-21,2023-09-07,2023-09-14,7,Suite,airbnb,17,0.9240893020420985,3,0,9,209.8354789306075
2023-02-23,2023-04-12,2023-04-17,5,Suite,booking.com,48,0.58732878990709,2,0,4,250.35749521771652
2023-02-04,2023-02-21,2023-02-28,7,Suite,direct,17,0.9154597105658542,1,0,2,283.49923944688635
2024-08-31,2024-09-20,2024-09-26,6,Deluxe,expedia,20,0.7547452070097,4,0,9,165.104367752421
2024-04-04,2024-05-10,2024-05-13,3,Suite,airbnb,36,0.6137241785023565,4,0,5,264.79283600555186
2023-11-21,2023-12-29,2023-12-30,1,Standard,expedia,38,0.7089897493574872,4,0,12,108.82239294417516
2024-01-28,2024-03-09,2024-03-17,8,Deluxe,expedia,41,0.5579126189203207,5,1,3,201.80872768410225
2024-09-06,2024-09-09,2024-09-11,2,Deluxe,airbnb,3,0.633542188475614,0,0,9,195.71495362620243
2023-10-27,2024-01-15,2024-01-21,6,Deluxe,expedia,80,0.5835568475375765,0,0,1,143.6724383912034
2024-12-21,2025-03-04,2025-03-13,9,Deluxe,direct,73,0.8022772270719294,1,0,3,116.49554574719367
2024-02-23,2024-02-26,2024-02-28,2,Suite,airbnb,3,0.7058925800380598,0,0,2,359.57594623608264
2023-02-03,2023-02-20,2023-02-21,1,Standard,expedia,17,0.7530657817606707,0,0,2,123.44366910082138
2023-09-11,2023-11-08,2023-11-11,3,Suite,expedia,58,0.7873218342766749,2,0,11,198.75186038322707
2023-08-13,2023-08-20,2023-08-25,5,Suite,expedia,7,0.5653502680268114,6,1,8,573.9479790059821
2023-04-10,2023-06-28,2023-06-29,1,Deluxe,expedia,79,0.880980024397681,2,0,6,139.3701361620836
2023-02-08,2023-05-06,2023-05-15,9,Suite,booking.com,87,0.826294858627524,5,1,5,168.66280285773212
2023-01-09,2023-04-07,2023-04-15,8,Suite,expedia,88,0.8771102528575998,4,0,4,142.82511045443252
2023-11-16,2023-12-14,2023-12-22,8,Suite,airbnb,28,0.5100518253915298,3,0,12,346.9498044519497
2023-05-25,2023-06-02,2023-06-07,5,Standard,booking.com,8,0.625621194564186,4,0,6,168.3272408234445
2023-12-14,2024-01-26,2024-02-04,9,Standard,direct,43,0.8586522234216831,4,0,1,96.42873593488397
2024-10-02,2024-12-13,2024-12-14,1,Standard,direct,72,0.6751626952181013,4,0,12,109.8467132883622
2023-06-06,2023-08-08,2023-08-16,8,Suite,direct,63,0.6008066470621811,1,0,8,326.25779032817127
2023-06-26,2023-08-01,2023-08-08,7,Suite,direct,36,0.5513306551442078,1,0,8,436.60465420862226
2024-03-05,2024-03-30,2024-04-02,3,Suite,airbnb,25,0.852194026241183,5,1,3,277.94204209953
2024-06-27,2024-08-10,2024-08-16,6,Standard,direct,44,0.6294422001298196,5,1,8,187.163326629368
2024-03-17,2024-04-07,2024-04-13,6,Suite,expedia,21,0.7210380072243328,6,1,4,325.0187703079449
2024-01-10,2024-01-16,2024-01-18,2,Suite,booking.com,6,0.6207668189810053,1,0,1,382.0186031774895
2024-01-07,2024-03-26,2024-03-31,5,Standard,direct,79,0.8553319826139317,1,0,3,49.0324422776414
2023-03-27,2023-04-11,2023-04-14,3,Suite,direct,15,0.9324880601230078,1,0,4,215.07657354566578
2024-05-04,2024-06-28,2024-07-05,7,Deluxe,airbnb,55,0.8779651642004647,4,0,6,162.52292050166747
2024-06-05,2024-08-13,2024-08-17,4,Standard,airbnb,69,0.9360032090100449,1,0,8,106.19919462958002
2024-07-19,2024-09-04,2024-09-06,2,Suite,direct,47,0.7000423570020027,2,0,9,242.15253778275934
2024-06-06,2024-07-09,2024-07-16,7,Deluxe,expedia,33,0.6745585917398165,1,0,7,222.19103769983357
2024-06-21,2024-09-15,2024-09-18,3,Standard,direct,86,0.8032451149062216,6,1,9,82.03439787950234
2023-06-23,2023-09-06,2023-09-14,8,Suite,airbnb,75,0.7656801725900861,2,0,9,185.79208228556712
2024-11-15,2024-12-02,2024-12-07,5,Standard,booking.com,17,0.6976557314334184,0,0,12,122.24774512142544
2023-09-04,2023-11-06,2023-11-07,1,Standard,airbnb,63,0.7359821041892665,0,0,11,70.96590043297458
2024-05-13,2024-05-16,2024-05-20,4,Deluxe,direct,3,0.8969202553474691,3,0,5,162.27957527522193
2023-05-01,2023-05-03,2023-05-05,2,Suite,booking.com,2,0.5611243728776507,2,0,5,326.25083676528925
2024-07-22,2024-07-25,2024-07-31,6,Standard,direct,3,0.9011860285983231,3,0,7,140.76042243604348
2024-10-15,2024-11-10,2024-11-19,9,Deluxe,airbnb,26,0.7877108523163177,6,1,11,179.09105176398788
2024-01-16,2024-03-31,2024-04-05,5,Suite,booking.com,75,0.8372632754015132,6,1,3,195.03044717033768
2023-02-21,2023-03-15,2023-03-22,7,Deluxe,airbnb,22,0.8160851904893784,2,0,3,149.1333408201527
2023-06-14,2023-07-21,2023-07-26,5,Suite,direct,37,0.8156339874465015,4,0,7,334.18916586299775
2023-05-04,2023-05-29,2023-06-07,9,Deluxe,direct,25,0.6285177315242487,0,0,5,160.1056616815344
2023-07-12,2023-09-12,2023-09-19,7,Suite,booking.com,62,0.8694820157667382,1,0,9,171.7518065900794
2023-09-17,2023-09-19,2023-09-27,8,Suite,expedia,2,0.6304889877706694,1,0,9,315.8075894621448
2024-06-06,2024-08-31,2024-09-08,8,Deluxe,direct,86,0.8175678442173313,5,1,8,173.82308533680975
2024-05-25,2024-06-21,2024-06-23,2,Deluxe,direct,27,0.6227472679356888,4,0,6,263.35025878883346
2023-01-14,2023-04-04,2023-04-08,4,Deluxe,direct,80,0.7103270081075086,1,0,4,94.71797655675498
2024-12-23,2025-01-12,2025-01-21,9,Suite,booking.com,20,0.923960895422681,6,1,1,308.86791676463815
2023-06-10,2023-08-31,2023-09-07,7,Deluxe,direct,82,0.6876125719551217,3,0,8,177.74626610083135
2023-01-24,2023-02-03,2023-02-07,4,Standard,expedia,10,0.752767821313607,4,0,2,138.24551975658895
2024-10-12,2024-11-01,2024-11-07,6,Suite,airbnb,20,0.6011654248490806,4,0,11,284.52561709535644
2023-12-22,2024-03-06,2024-03-12,6,Deluxe,direct,75,0.9204752807319367,2,0,3,98.0102608592047
2023-08-10,2023-08-24,2023-08-26,2,Deluxe,booking.com,14,0.7184197319745034,3,0,8,248.22569297522935
2024-03-18,2024-03-29,2024-04-03,5,Suite,direct,11,0.5501762885617903,4,0,3,313.56761217976225
2023-11-02,2023-12-07,2023-12-15,8,Standard,booking.com,35,0.8490060764461937,3,0,12,100.37287423906984
2024-04-03,2024-04-05,2024-04-06,1,Suite,expedia,2,0.8857389040883297,4,0,4,257.7855000080142
2023-07-06,2023-09-13,2023-09-17,4,Deluxe,expedia,69,0.5646104765725299,2,0,9,135.00429684847103
2023-10-16,2023-11-05,2023-11-08,3,Standard,airbnb,20,0.6540785273614436,6,1,11,136.49580123017842
2023-05-26,2023-06-07,2023-06-10,3,Deluxe,airbnb,12,0.5727518443661201,2,0,6,275.0752312138877
2023-09-14,2023-11-20,2023-11-22,2,Suite,airbnb,67,0.9331195592219825,0,0,11,156.2139972742104
2023-12-29,2023-12-31,2024-01-09,9,Standard,booking.com,2,0.5035437601247034,6,1,12,201.238960815515
2023-09-20,2023-12-13,2023-12-17,4,Standard,direct,84,0.532506990679067,2,0,12,80.58479349756894
2024-03-29,2024-04-11,2024-04-14,3,Standard,booking.com,13,0.8293228352934282,3,0,4,104.73052343411284
2023-05-10,2023-07-12,2023-07-18,6,Deluxe,booking.com,63,0.8783735400125248,2,0,7,148.89699986140383
2024-05-10,2024-07-09,2024-07-10,1,Suite,expedia,60,0.7410873861810372,1,0,7,314.11465048128633
2023-10-15,2023-11-16,2023-11-21,5,Suite,direct,32,0.7442463849637854,3,0,11,246.16110472690457
2024-03-24,2024-05-08,2024-05-10,2,Suite,airbnb,45,0.6602526584806998,2,0,5,233.71692936568863
2024-10-05,2024-12-26,2024-12-29,3,Standard,expedia,82,0.6202576886841573,3,0,12,88.99370775842962
2023-11-15,2024-01-21,2024-01-22,1,Suite,expedia,67,0.6568143629792429,6,1,1,315.6252996313119
2023-12-21,2024-01-23,2024-01-26,3,Standard,expedia,33,0.5916769122718407,1,0,1,131.93757951253
2024-02-23,2024-05-13,2024-05-17,4,Deluxe,booking.com,80,0.9075284946326249,0,0,5,88.90664795556353
2023-04-01,2023-05-10,2023-05-19,9,Suite,booking.com,39,0.7908387552343761,2,0,5,213.44410216070358
2024-11-13,2025-01-04,2025-01-10,6,Deluxe,expedia,52,0.7555893062880529,5,1,1,183.92319289485218
2023-06-20,2023-09-07,2023-09-09,2,Suite,direct,79,0.762163488491931,3,0,9,171.26985344673437
2024-10-25,2024-12-27,2024-12-28,1,Deluxe,booking.com,63,0.6460695547044777,4,0,12,157.29649376687095
2024-04-12,2024-04-18,2024-04-27,9,Standard,booking.com,6,0.5895290887967416,3,0,4,111.6740416529216
2024-10-27,2024-10-28,2024-10-31,3,Deluxe,airbnb,1,0.7912491941777429,0,0,10,162.48120329994242
2024-04-05,2024-04-29,2024-05-03,4,Suite,airbnb,24,0.704551911007904,0,0,4,268.13947711650803
2023-04-30,2023-05-20,2023-05-24,4,Suite,direct,20,0.7399316677739174,5,1,5,314.274663661668
2024-02-24,2024-03-11,2024-03-17,6,Suite,airbnb,16,0.8934184450245597,0,0,3,230.66385359344838
2024-07-22,2024-09-07,2024-09-10,3,Suite,expedia,47,0.8612815211492753,5,1,9,242.54505143549815
2024-10-12,2024-12-27,2025-01-04,8,Deluxe,booking.com,76,0.5487243015369269,4,0,12,147.212914582869
2023-08-16,2023-11-08,2023-11-15,7,Suite,expedia,84,0.7539520215837384,2,0,11,155.80351322624307
2023-03-26,2023-05-07,2023-05-11,4,Deluxe,direct,42,0.7772742908755248,6,1,5,153.61163703551716
2024-04-21,2024-06-12,2024-06-17,5,Suite,expedia,52,0.627961388577375,2,0,6,346.7316006189537
2024-08-30,2024-10-03,2024-10-05,2,Standard,booking.com,34,0.7543711675258293,3,0,10,96.49772391886661
2023-01-30,2023-02-06,2023-02-09,3,Standard,booking.com,7,0.5603415412293239,0,0,2,161.95264198274862
2023-11-17,2024-01-21,2024-01-25,4,Deluxe,direct,65,0.9449553459785188,6,1,1,136.18544010632644
2024-07-01,2024-09-16,2024-09-22,6,Suite,booking.com,77,0.7372184609978913,0,0,9,173.70363758122127
2024-07-15,2024-08-22,2024-08-31,9,Standard,airbnb,38,0.6181378174193815,3,0,8,160.12950377069964
2024-08-28,2024-11-15,2024-11-24,9,Standard,direct,79,0.5173237782330142,4,0,11,81.9852838288265
2024-06-23,2024-08-16,2024-08-25,9,Standard,expedia,54,0.7958244904396767,4,0,8,109.63821972580578
2024-12-23,2025-01-01,2025-01-07,6,Deluxe,direct,9,0.7184109133355409,2,0,1,200.18738221775445
2024-05-09,2024-05-30,2024-06-01,2,Standard,booking.com,21,0.8311398906969827,3,0,5,83.76729071162926
2024-10-31,2024-11-26,2024-12-04,8,Deluxe,airbnb,26,0.835827122015786,1,0,11,146.50660486415958
2023-04-30,2023-07-27,2023-08-01,5,Deluxe,expedia,88,0.5357057954491496,3,0,7,167.60118437614148
2024-07-08,2024-07-25,2024-07-29,4,Standard,booking.com,17,0.7958379997357478,3,0,7,150.06350338184882
2023-02-10,2023-03-11,2023-03-14,3,Standard,airbnb,29,0.8139321863605079,5,1,3,100.59592286351597
2024-07-23,2024-08-03,2024-08-07,4,Deluxe,airbnb,11,0.7041657913767818,5,1,8,314.609132337368
2024-02-12,2024-05-03,2024-05-12,9,Suite,airbnb,81,0.5968629243858952,4,0,5,195.3876402154074
2024-12-10,2025-02-27,2025-03-06,7,Deluxe,booking.com,79,0.7272554419402859,3,0,2,125.90480889953152
2024-02-15,2024-04-07,2024-04-15,8,Standard,airbnb,52,0.7134252534459553,6,1,4,101.42626577308667
2024-03-28,2024-04-17,2024-04-23,6,Standard,airbnb,20,0.686450167312007,2,0,4,103.72103174450862
2023-03-02,2023-05-30,2023-06-05,6,Standard,direct,89,0.8173725706427779,1,0,5,43.254476205881005
2024-11-27,2025-02-17,2025-02-23,6,Standard,booking.com,82,0.9272922350394077,0,0,2,90.44926536760914
2024-07-13,2024-08-27,2024-09-04,8,Suite,expedia,45,0.8024621234435347,1,0,8,325.98001309437126
2023-07-16,2023-10-09,2023-10-16,7,Deluxe,booking.com,85,0.524990047936535,0,0,10,111.80420529158864
2024-05-07,2024-05-17,2024-05-23,6,Standard,booking.com,10,0.9035741671777445,4,0,5,99.77755303794862
2023-02-19,2023-02-20,2023-02-21,1,Standard,direct,1,0.515169026208507,0,0,2,166.90714848696186
2024-10-13,2024-11-14,2024-11-21,7,Standard,booking.com,32,0.6704214288984836,3,0,11,120.93662041684246
2024-09-21,2024-10-02,2024-10-06,4,Deluxe,direct,11,0.5070262455593584,2,0,10,200.6093672067078
2024-07-13,2024-09-09,2024-09-17,8,Suite,direct,58,0.5637725801710236,0,0,9,236.87609567630068
2023-03-04,2023-05-26,2023-05-30,4,Standard,expedia,83,0.8726011880605029,4,0,5,42.0512687782974
2023-12-03,2024-02-25,2024-02-29,4,Deluxe,direct,84,0.6145032090663438,6,1,2,151.14862928275204
2024-03-23,2024-06-04,2024-06-08,4,Suite,booking.com,73,0.7382801863955625,1,0,6,279.52057423281065
2024-10-15,2024-11-19,2024-11-25,6,Standard,booking.com,35,0.7051897177651907,1,0,11,96.43347903644523
2023-11-15,2024-02-01,2024-02-08,7,Standard,booking.com,78,0.8346829964710241,3,0,2,81.142185599961
2024-12-26,2025-01-15,2025-01-20,5,Suite,direct,20,0.7215010329315128,2,0,1,315.87772113794375
2023-05-19,2023-06-09,2023-06-15,6,Standard,airbnb,21,0.5327891187614653,4,0,6,187.6422293969954
2023-01-29,2023-04-01,2023-04-03,2,Suite,expedia,62,0.5639694617696487,5,1,4,273.2618753008016
2023-06-17,2023-06-28,2023-07-07,9,Standard,direct,11,0.7285648637573221,2,0,6,159.70023815150026
2024-04-01,2024-04-20,2024-04-23,3,Standard,airbnb,19,0.5169413867047522,5,1,4,158.9056449124687
2024-07-04,2024-08-19,2024-08-22,3,Suite,booking.com,46,0.6628193147422525,0,0,8,374.6620318739162
2024-03-05,2024-05-06,2024-05-11,5,Suite,airbnb,62,0.8605443092846671,0,0,5,176.64664078655125
2024-11-08,2024-11-30,2024-12-07,7,Deluxe,direct,22,0.5176102670150738,5,1,11,224.79173423613466
2024-05-03,2024-05-16,2024-05-19,3,Standard,expedia,13,0.7859382590841495,3,0,5,91.58391773514094
2024-04-13,2024-05-14,2024-05-20,6,Deluxe,direct,31,0.5327900080053646,1,0,5,185.94669535456495
2024-11-21,2025-02-18,2025-02-27,9,Suite,airbnb,89,0.7966206168769774,1,0,2,168.71252229739207
2023-03-15,2023-03-28,2023-03-29,1,Deluxe,expedia,13,0.5140800055702521,1,0,3,185.22373920781052
2024-06-20,2024-08-01,2024-08-02,1,Deluxe,expedia,42,0.9355307256285297,3,0,8,160.98868926763922
2024-11-25,2024-12-31,2025-01-01,1,Standard,direct,36,0.6508698447023022,1,0,12,133.40015178957992
2023-12-19,2024-02-14,2024-02-18,4,Deluxe,expedia,57,0.6414533900148152,2,0,2,170.6028273640145
2023-04-03,2023-04-22,2023-04-25,3,Standard,expedia,19,0.7097235954845993,5,1,4,141.1225473382144
2024-12-14,2025-02-24,2025-03-03,7,Suite,airbnb,72,0.5346910426174621,0,0,2,270.67727101263546
2024-10-27,2024-12-20,2024-12-21,1,Deluxe,expedia,54,0.6247738873710116,4,0,12,165.0856704108139
2023-03-18,2023-04-06,2023-04-11,5,Deluxe,direct,19,0.5190337125685396,3,0,4,203.97886771125178
2023-07-26,2023-09-25,2023-10-04,9,Deluxe,booking.com,61,0.5487080260806468,0,0,9,137.25002229921148
2024-07-08,2024-07-10,2024-07-18,8,Standard,airbnb,2,0.5315224860591948,2,0,7,210.5365237563858
2023-04-28,2023-05-06,2023-05-12,6,Standard,booking.com,8,0.5591429875919496,5,1,5,149.62156817899066
2024-04-11,2024-04-30,2024-05-05,5,Standard,direct,19,0.7657909865786945,1,0,4,122.08150138190807
2023-06-08,2023-08-29,2023-09-05,7,Deluxe,direct,82,0.8803943418285634,1,0,8,115.53681227898538
2023-12-03,2023-12-09,2023-12-15,6,Standard,airbnb,6,0.7390374810151419,5,1,12,144.20523881243062
2023-07-26,2023-10-23,2023-10-26,3,Deluxe,direct,89,0.5612732797753887,0,0,10,111.64087906880198
2023-01-30,2023-03-31,2023-04-04,4,Standard,booking.com,60,0.7564184736260829,4,0,3,84.49971067363836
2024-11-29,2025-01-09,2025-01-12,3,Standard,direct,41,0.531337328031666,3,0,1,109.64809635884791
2023-09-04,2023-10-27,2023-11-01,5,Suite,direct,53,0.557886475958019,4,0,10,249.43802283188552
2024-05-03,2024-05-15,2024-05-19,4,Suite,expedia,12,0.8037886234252954,2,0,5,278.44375759258975
2023-03-23,2023-05-14,2023-05-21,7,Suite,booking.com,52,0.8660549648613918,6,1,5,221.81004108242774
2024-11-23,2024-12-21,2024-12-25,4,Deluxe,booking.com,28,0.8506276632985426,5,1,12,186.1102731261019
2024-07-17,2024-10-14,2024-10-17,3,Standard,airbnb,89,0.7580913063592325,0,0,10,67.12772214734143
2023-08-27,2023-10-23,2023-10-27,4,Suite,direct,57,0.8967017801158041,0,0,10,185.8380659909378
2023-06-21,2023-07-02,2023-07-11,9,Standard,direct,11,0.793080707775081,6,1,7,161.73240877688218
2024-11-16,2025-02-05,2025-02-08,3,Suite,booking.com,81,0.7223682166445661,2,0,2,191.94175063789322
2023-10-06,2023-12-28,2023-12-29,1,Suite,expedia,83,0.8596263336898315,3,0,12,194.23677285720464
2023-11-18,2024-01-26,2024-02-01,6,Suite,airbnb,69,0.878170732695529,4,0,1,188.14842842726173
2024-09-13,2024-10-27,2024-11-04,8,Suite,booking.com,44,0.6448269657602698,6,1,10,288.25624266008515
2023-02-23,2023-02-28,2023-03-09,9,Deluxe,expedia,5,0.5932862843272712,1,0,2,234.81517891979558
2023-07-21,2023-09-09,2023-09-14,5,Standard,expedia,50,0.6911538168185853,5,1,9,101.08900318396074
2023-07-28,2023-10-16,2023-10-19,3,Deluxe,direct,80,0.8391850841233806,0,0,10,93.89896244672698
2024-09-21,2024-10-13,2024-10-20,7,Suite,booking.com,22,0.5301308239568736,6,1,10,377.9726932074829
2023-06-12,2023-06-23,2023-06-27,4,Standard,airbnb,11,0.6423438496936773,4,0,6,178.06227634574006
2023-04-14,2023-05-13,2023-05-17,4,Deluxe,direct,29,0.67150027550017,5,1,5,178.55671856340257
2024-02-02,2024-02-25,2024-03-01,5,Suite,airbnb,23,0.5230730968163602,6,1,2,453.98613337086357
2024-05-19,2024-06-20,2024-06-21,1,Deluxe,expedia,32,0.8544826507889047,3,0,6,196.5526088512385
2023-04-12,2023-04-30,2023-05-04,4,Suite,airbnb,18,0.5610837061041686,6,1,4,353.60918950448354
2024-01-08,2024-02-04,2024-02-05,1,Standard,expedia,27,0.6180447730736356,6,1,2,157.1973259253154
2023-03-30,2023-04-19,2023-04-26,7,Deluxe,booking.com,20,0.6677022270591281,2,0,4,163.37092232326196
2023-01-18,2023-04-12,2023-04-20,8,Suite,airbnb,84,0.5605394026940607,2,0,4,200.70741230574424
2024-04-02,2024-06-28,2024-06-30,2,Deluxe,direct,87,0.7915381218760513,4,0,6,143.77296457987552
2023-01-06,2023-01-14,2023-01-15,1,Deluxe,booking.com,8,0.5545127769393274,5,1,1,269.6742012487307
2023-09-18,2023-11-29,2023-11-30,1,Suite,direct,72,0.7030273268350933,2,0,11,205.534905767416
2024-09-03,2024-10-03,2024-10-07,4,Deluxe,expedia,30,0.6645980162200185,3,0,10,169.58345185104457
2023-11-30,2024-01-22,2024-01-30,8,Deluxe,direct,53,0.9047539986292039,0,0,1,148.68647855228687
2024-05-14,2024-06-14,2024-06-19,5,Suite,direct,31,0.8241159732443986,4,0,6,347.4157671420736
2024-05-12,2024-07-05,2024-07-13,8,Suite,direct,54,0.5014124326482435,4,0,7,378.53072027318365
2024-11-07,2024-12-29,2025-01-01,3,Standard,direct,52,0.8166221980110002,6,1,12,117.35663554574728
2023-11-14,2023-12-05,2023-12-11,6,Standard,expedia,21,0.774414405376854,1,0,12,100.32490915705561
2023-04-28,2023-05-08,2023-05-16,8,Standard,airbnb,10,0.7175157054877782,0,0,5,105.79991452465761
2023-01-15,2023-03-28,2023-04-02,5,Suite,direct,72,0.8160771653752731,1,0,3,169.27334397521304
2024-12-14,2025-01-25,2025-01-30,5,Suite,expedia,42,0.8194459876270641,5,1,1,322.8280149099884
2024-11-17,2024-12-28,2025-01-06,9,Suite,direct,41,0.5362440177889802,5,1,12,391.2204209966788
2023-05-11,2023-07-01,2023-07-10,9,Standard,direct,51,0.7776428801603068,5,1,7,151.94114219157785
2024-11-15,2024-12-31,2025-01-07,7,Deluxe,airbnb,46,0.6969420887014639,1,0,12,164.581751282821
2023-10-23,2023-12-19,2023-12-22,3,Deluxe,airbnb,57,0.6602597312864726,1,0,12,158.6335791663667
2024-06-18,2024-08-29,2024-08-31,2,Suite,direct,72,0.6097795768663526,3,0,8,303.70943033950556
2023-04-22,2023-07-12,2023-07-21,9,Deluxe,airbnb,81,0.5167954597012404,2,0,7,161.85371033887276
2023-07-08,2023-07-17,2023-07-21,4,Deluxe,booking.com,9,0.7377429907850418,0,0,7,243.22371355368026
2024-03-28,2024-04-11,2024-04-14,3,Standard,direct,14,0.802300282065053,3,0,4,96.59097030748175
2024-08-25,2024-10-14,2024-10-16,2,Deluxe,booking.com,50,0.6190021966390961,0,0,10,155.3746577992777
2023-06-22,2023-06-25,2023-07-04,9,Standard,booking.com,3,0.7204872292562191,6,1,6,198.03120483203088
2023-10-28,2024-01-15,2024-01-17,2,Deluxe,booking.com,79,0.5051063105156606,0,0,1,133.38922821579698
2024-10-11,2024-12-21,2024-12-26,5,Suite,expedia,71,0.854406541871569,5,1,12,244.67391981953833
2024-05-10,2024-05-25,2024-05-31,6,Deluxe,airbnb,15,0.8634230354391809,5,1,5,175.5897417941122
2024-06-21,2024-07-19,2024-07-21,2,Standard,airbnb,28,0.6618228632695811,4,0,7,152.60885270628722
2023-03-28,2023-05-31,2023-06-05,5,Deluxe,expedia,64,0.8105623821368444,2,0,5,104.72509221067696
2024-10-07,2024-11-30,2024-12-06,6,Deluxe,direct,54,0.572146470300992,5,1,11,162.46965357264096
2023-10-17,2023-11-10,2023-11-19,9,Standard,airbnb,24,0.643745238845238,4,0,11,121.9022226528146
2024-03-18,2024-04-25,2024-04-30,5,Deluxe,direct,38,0.5678705606702416,3,0,4,168.6412035086531
2023-10-10,2023-12-28,2023-12-29,1,Standard,expedia,79,0.8200193824771412,3,0,12,70.6024660279818
2023-06-30,2023-09-04,2023-09-07,3,Standard,direct,66,0.7872223266051849,0,0,9,63.452671562776366
2024-10-09,2024-11-11,2024-11-12,1,Deluxe,booking.com,33,0.8019720489435667,0,0,11,148.3242321324341
2023-07-26,2023-10-07,2023-10-13,6,Deluxe,direct,73,0.9357371140494533,5,1,10,125.35657422477733
2024-01-19,2024-02-25,2024-02-29,4,Suite,booking.com,37,0.9001740334782214,6,1,2,286.377554067366
2023-07-15,2023-09-13,2023-09-18,5,Suite,booking.com,60,0.7723388137368473,2,0,9,203.1377251843686
2023-04-19,2023-06-26,2023-06-30,4,Standard,airbnb,68,0.5512637575465971,0,0,6,145.38181662466653
2024-02-09,2024-04-06,2024-04-07,1,Suite,direct,57,0.7273148916242081,5,1,4,248.59700627348883
2023-11-26,2023-12-20,2023-12-23,3,Deluxe,expedia,24,0.5584240168113833,2,0,12,207.8029724273791
2023-01-27,2023-01-31,2023-02-03,3,Deluxe,booking.com,4,0.777760665889432,1,0,1,178.93255374863196
2024-11-14,2024-12-08,2024-12-10,2,Deluxe,airbnb,24,0.6687918521529598,6,1,12,232.126176341904
2023-05-07,2023-07-05,2023-07-12,7,Suite,expedia,59,0.8296093415059412,2,0,7,290.0777962483496
2024-02-22,2024-04-09,2024-04-13,4,Standard,booking.com,47,0.5665197994685313,1,0,4,115.18623786047748
2023-11-10,2024-01-20,2024-01-27,7,Suite,direct,71,0.702068338185491,5,1,1,276.16269290499696
2024-02-27,2024-05-20,2024-05-21,1,Suite,airbnb,83,0.8306221596105547,0,0,5,156.83736002243973
2024-10-15,2024-12-20,2024-12-28,8,Deluxe,expedia,66,0.6242470903495382,4,0,12,154.06366085182623
2023-03-28,2023-06-23,2023-06-24,1,Suite,direct,87,0.6794198576465278,4,0,6,234.96921255873931
2024-01-01,2024-03-20,2024-03-21,1,Suite,expedia,79,0.88457699939398,2,0,3,143.4455188874321
2023-11-18,2023-12-19,2023-12-22,3,Deluxe,airbnb,31,0.8124001994877796,1,0,12,167.77692596742648
2024-08-07,2024-09-24,2024-09-26,2,Suite,direct,48,0.6286974085160526,1,0,9,226.15868890911602
2023-10-08,2023-10-16,2023-10-24,8,Standard,airbnb,8,0.7263086800119818,0,0,10,116.81325049841226
2024-04-24,2024-07-05,2024-07-14,9,Deluxe,booking.com,72,0.9207263264904846,4,0,7,128.56284416364696
2024-11-19,2025-01-17,2025-01-23,6,Deluxe,direct,59,0.7031403465219939,4,0,1,149.46977203431555
2023-05-10,2023-05-26,2023-05-30,4,Standard,airbnb,16,0.8923239822717586,4,0,5,95.65410789785687
2023-10-08,2023-11-03,2023-11-06,3,Deluxe,direct,26,0.8161319329147272,4,0,11,137.7036517361217
2023-08-08,2023-08-28,2023-08-29,1,Suite,booking.com,20,0.6745086536898717,0,0,8,406.8724516863797
2023-01-14,2023-03-08,2023-03-14,6,Standard,booking.com,53,0.9445953274763992,2,0,3,70.86461672340525
2023-05-19,2023-07-28,2023-08-02,5,Deluxe,direct,70,0.9397180511046421,4,0,7,135.3087709832849
2023-01-04,2023-02-10,2023-02-19,9,Suite,direct,37,0.8316534206416804,4,0,2,274.79706462522677
2023-02-19,2023-03-30,2023-03-31,1,Standard,airbnb,39,0.5272168366808192,3,0,3,130.14122619921883
2024-04-07,2024-06-30,2024-07-06,6,Deluxe,airbnb,84,0.9309081065785678,6,1,6,143.27019816548687
2023-06-21,2023-07-20,2023-07-29,9,Deluxe,direct,29,0.5241143366695509,3,0,7,289.7009414490534
2024-05-21,2024-07-22,2024-07-23,1,Suite,expedia,62,0.8727130726409438,0,0,7,268.3091752477997
2024-06-23,2024-07-29,2024-08-06,8,Deluxe,booking.com,36,0.9067212822834878,0,0,7,193.59027759207808
2024-08-17,2024-10-12,2024-10-15,3,Standard,direct,56,0.888708332012854,5,1,10,80.55530533956637
2024-08-30,2024-11-25,2024-11-29,4,Standard,airbnb,87,0.7930203485538494,0,0,11,70.51672769875606
2024-10-13,2025-01-09,2025-01-16,7,Deluxe,direct,88,0.627711771056692,3,0,1,134.73528463986358
2023-01-13,2023-02-25,2023-02-27,2,Standard,booking.com,43,0.8460615622570001,5,1,2,131.0266117109888
2024-02-12,2024-05-10,2024-05-13,3,Deluxe,direct,88,0.7708580201163924,4,0,5,91.84950700523312
2023-02-16,2023-04-21,2023-04-28,7,Standard,booking.com,64,0.7067413118622652,4,0,4,74.95662418385471
2023-08-12,2023-10-21,2023-10-26,5,Suite,expedia,70,0.87847347718481,5,1,10,197.24028314172295
2024-04-01,2024-04-11,2024-04-15,4,Suite,booking.com,10,0.6701094886118694,3,0,4,277.6615789637362
2024-08-15,2024-11-03,2024-11-08,5,Suite,expedia,80,0.7636484869222315,6,1,11,221.15238424990102
2024-02-01,2024-02-24,2024-03-04,9,Suite,airbnb,23,0.6017815645984846,5,1,2,406.94858999109556
2024-07-21,2024-09-12,2024-09-15,3,Suite,airbnb,53,0.9349864860796177,3,0,9,174.1022305155381
2024-06-07,2024-06-27,2024-07-06,9,Deluxe,booking.com,20,0.9141676756637049,3,0,6,195.55544582110076
2024-08-12,2024-09-19,2024-09-27,8,Standard,direct,38,0.8082398285497402,3,0,9,101.06044549261574
2023-04-13,2023-04-24,2023-04-26,2,Deluxe,booking.com,11,0.8772546900963014,0,0,4,152.1003591103842
2023-12-10,2024-02-13,2024-02-22,9,Suite,booking.com,65,0.7295942243358953,1,0,2,229.93407506799358
2024-06-23,2024-07-28,2024-08-04,7,Standard,airbnb,35,0.7067099750727951,6,1,7,169.18517097445607
2023-09-18,2023-09-28,2023-09-29,1,Suite,booking.com,10,0.7442360218760125,3,0,9,276.39221840854697
2023-01-18,2023-03-25,2023-03-31,6,Suite,booking.com,66,0.760262939438668,5,1,3,228.83761452650828
2023-08-05,2023-09-15,2023-09-20,5,Deluxe,expedia,41,0.7320562025971176,4,0,9,132.38999080007918
2023-03-18,2023-03-21,2023-03-28,7,Deluxe,booking.com,3,0.5445075167784525,1,0,3,196.58464115654976
2024-03-09,2024-04-30,2024-05-05,5,Suite,direct,52,0.8146041476708354,1,0,4,193.6847709984148
2023-09-18,2023-11-28,2023-12-01,3,Deluxe,airbnb,71,0.5195823805366784,1,0,11,146.42613073337856
2024-09-10,2024-11-13,2024-11-14,1,Standard,expedia,64,0.8194950695373566,2,0,11,74.1750388753411
2024-01-26,2024-03-31,2024-04-06,6,Deluxe,booking.com,65,0.6825873193526827,6,1,3,164.3434063132753
2023-03-26,2023-05-08,2023-05-15,7,Suite,direct,43,0.6651479915711195,0,0,5,241.56402281901404
2024-05-07,2024-06-03,2024-06-04,1,Deluxe,booking.com,27,0.5781443733211926,0,0,6,266.1870221986096
2023-08-17,2023-10-13,2023-10-18,5,Standard,direct,57,0.7208722083302537,4,0,10,93.3802321654219
2023-01-30,2023-02-04,2023-02-06,2,Suite,expedia,5,0.5063128245254747,5,1,2,482.1742913798232
2023-07-04,2023-09-04,2023-09-07,3,Suite,direct,62,0.721490578479086,0,0,9,190.98930443266798
2023-10-05,2023-11-28,2023-11-30,2,Suite,direct,54,0.5937501485888176,1,0,11,248.63028490273052
2024-05-04,2024-06-05,2024-06-13,8,Suite,airbnb,32,0.7355968147906401,2,0,6,379.153595280549
2023-04-04,2023-04-11,2023-04-19,8,Standard,airbnb,7,0.7909778312911455,1,0,4,113.29629421685907
2023-05-28,2023-06-15,2023-06-16,1,Deluxe,expedia,18,0.6027299981257292,3,0,6,277.4763618399814
2024-05-21,2024-08-02,2024-08-08,6,Standard,expedia,73,0.8122160027082701,4,0,8,113.10857127543925
2024-08-18,2024-09-08,2024-09-12,4,Standard,expedia,21,0.7632122003362127,6,1,9,134.11990066806368
2023-05-16,2023-07-03,2023-07-06,3,Deluxe,expedia,48,0.7657670458424005,0,0,7,186.785358002013
2023-04-02,2023-05-04,2023-05-10,6,Deluxe,booking.com,32,0.8111674684897522,3,0,5,133.11715222778423
2023-03-25,2023-06-15,2023-06-23,8,Suite,airbnb,82,0.6656290363687231,3,0,6,279.28502806656763
2023-12-17,2024-03-15,2024-03-18,3,Deluxe,direct,89,0.5348006630122546,4,0,3,111.6573913276603
2023-03-25,2023-04-23,2023-04-24,1,Standard,airbnb,29,0.6687884240060139,6,1,4,126.67211258607233
2024-07-02,2024-09-08,2024-09-13,5,Standard,direct,68,0.7060260182220757,6,1,9,98.24982448952372
2024-11-01,2025-01-12,2025-01-17,5,Standard,expedia,72,0.6624342820283514,6,1,1,101.0011076606175
2024-08-05,2024-08-19,2024-08-21,2,Suite,expedia,14,0.5418943538544775,0,0,8,473.1960907218913
2024-05-22,2024-05-26,2024-06-03,8,Suite,booking.com,4,0.6856573418994529,6,1,5,373.6955964346628
2024-10-07,2025-01-01,2025-01-09,8,Standard,booking.com,86,0.5641442269906579,2,0,1,98.51367248536333
2024-02-06,2024-03-09,2024-03-10,1,Deluxe,direct,32,0.7136920873342416,5,1,3,182.78186356581065
2024-02-15,2024-02-27,2024-03-06,8,Suite,airbnb,12,0.5544639944954244,1,0,2,378.86230629192096
2024-07-13,2024-07-24,2024-07-26,2,Suite,airbnb,11,0.8343744440454239,2,0,7,384.6434785618511
2024-05-07,2024-06-02,2024-06-06,4,Standard,expedia,26,0.592644860437871,6,1,6,202.23121216507172
2024-02-02,2024-04-03,2024-04-09,6,Suite,expedia,61,0.7431816436662102,2,0,4,204.48434539809932
2024-01-01,2024-01-10,2024-01-12,2,Standard,direct,9,0.8647574148182087,2,0,1,113.63061407206273
2024-10-30,2024-12-12,2024-12-19,7,Suite,airbnb,43,0.7164293291635591,3,0,12,293.93701525464263
2024-11-19,2025-01-29,2025-01-31,2,Deluxe,direct,71,0.6728032060232997,2,0,1,137.34889147568492
2024-02-09,2024-04-10,2024-04-13,3,Standard,airbnb,61,0.5429832407667333,2,0,4,87.83064887775808
2024-08-25,2024-11-16,2024-11-22,6,Suite,airbnb,83,0.6749599013300847,5,1,11,210.05055502830226
2024-08-09,2024-09-24,2024-10-03,9,Suite,expedia,46,0.5537598801317569,1,0,9,268.40622318989534
2024-07-07,2024-08-01,2024-08-02,1,Suite,direct,25,0.8472315508498671,3,0,8,354.2054832663247
2023-11-03,2024-01-05,2024-01-07,2,Standard,expedia,63,0.5456113327463123,4,0,1,115.90145810178683
2024-05-06,2024-06-05,2024-06-07,2,Suite,direct,30,0.556484079141065,2,0,6,418.93875082640255
2023-03-20,2023-04-18,2023-04-22,4,Suite,direct,29,0.757540851547209,1,0,4,242.4773011326495
2024-02-17,2024-03-25,2024-03-28,3,Deluxe,expedia,37,0.5638478837172266,0,0,3,166.28908649015077
2023-10-14,2023-12-13,2023-12-19,6,Suite,direct,60,0.7864552136624708,2,0,12,229.77081526146972
2023-11-04,2023-11-08,2023-11-17,9,Standard,expedia,4,0.7143756625318212,2,0,11,137.7206743373957
2024-02-10,2024-05-07,2024-05-15,8,Standard,airbnb,87,0.8129367844273535,1,0,5,55.92781762389613
2023-11-25,2024-01-28,2024-02-05,8,Deluxe,airbnb,64,0.8403969622036305,6,1,1,144.74119021639888
2024-08-09,2024-09-24,2024-09-30,6,Standard,booking.com,46,0.634086217404445,1,0,9,112.35525769350379
2023-10-24,2023-10-28,2023-11-03,6,Standard,booking.com,4,0.6215066254572092,5,1,10,144.08982203276543
2023-04-11,2023-06-01,2023-06-07,6,Standard,booking.com,51,0.9461558542864328,3,0,6,106.39797510136431
2024-02-19,2024-03-11,2024-03-14,3,Deluxe,expedia,21,0.677495744942828,0,0,3,159.59304103880385
2024-06-04,2024-08-14,2024-08-17,3,Standard,expedia,71,0.8011777642290101,2,0,8,109.70068328756535
2023-05-18,2023-07-11,2023-07-18,7,Suite,direct,54,0.9208334316803883,1,0,7,255.06183547836713
2024-07-16,2024-09-15,2024-09-22,7,Suite,expedia,61,0.7099194114292412,6,1,9,244.12845966551092
2023-07-22,2023-10-18,2023-10-23,5,Deluxe,airbnb,88,0.8772984567388515,2,0,10,65.05910669594084
2023-11-05,2023-12-07,2023-12-10,3,Suite,direct,32,0.9300923051915726,3,0,12,245.63964309436096
2023-11-13,2023-12-02,2023-12-10,8,Standard,direct,19,0.8337534852887962,5,1,12,168.37638365319833
2023-01-02,2023-02-23,2023-03-04,9,Suite,booking.com,52,0.858768986932607,3,0,2,238.31798730400325
2024-02-21,2024-04-10,2024-04-11,1,Deluxe,airbnb,49,0.6279597975693257,2,0,4,145.8197297663384
2023-02-18,2023-03-31,2023-04-06,6,Deluxe,airbnb,41,0.6363811169099785,4,0,3,148.80634223194323
2024-12-09,2024-12-14,2024-12-21,7,Standard,direct,5,0.9403760797793099,5,1,12,126.44464910191856
2023-06-26,2023-07-23,2023-07-25,2,Suite,expedia,27,0.8079339130675813,6,1,7,413.5315589340222
2023-12-07,2024-02-01,2024-02-03,2,Deluxe,direct,56,0.8038480263648698,3,0,2,166.28093741715654
2023-01-30,2023-04-18,2023-04-27,9,Suite,airbnb,78,0.5598163988372579,1,0,4,215.7933307899472
2023-05-12,2023-08-09,2023-08-11,2,Suite,direct,89,0.9357642952683065,2,0,8,202.3237354872221
2023-06-06,2023-08-01,2023-08-05,4,Standard,booking.com,56,0.7518633923136103,1,0,8,117.89579256602619
2024-12-11,2025-01-19,2025-01-20,1,Suite,booking.com,39,0.6976358723501843,6,1,1,336.81607042690104
2024-06-29,2024-08-27,2024-08-31,4,Suite,direct,59,0.7282450834963154,1,0,8,307.0423390290793
2023-08-10,2023-09-02,2023-09-08,6,Deluxe,expedia,23,0.8310029082411575,5,1,9,167.85512382177401
2024-08-31,2024-09-23,2024-09-25,2,Standard,expedia,23,0.8103572093496729,0,0,9,85.23073884125907
2023-08-21,2023-09-11,2023-09-13,2,Suite,airbnb,21,0.9041506699730515,0,0,9,221.77113141230848
2023-05-11,2023-06-14,2023-06-18,4,Deluxe,airbnb,34,0.5905725549823408,2,0,6,224.50089272266754
2024-01-10,2024-03-16,2024-03-21,5,Standard,expedia,66,0.5101226443414554,5,1,3,116.44243459377134
2024-11-24,2025-01-23,2025-01-24,1,Deluxe,direct,60,0.8278214779404478,3,0,1,132.11085881482774
2023-12-19,2024-03-01,2024-03-06,5,Suite,direct,73,0.5010299446298007,4,0,3,218.9401279344898
2023-01-16,2023-03-20,2023-03-27,7,Deluxe,booking.com,63,0.5071674695632538,0,0,3,143.5570660636213
2023-10-05,2023-11-02,2023-11-10,8,Standard,direct,28,0.5682829332198479,3,0,11,105.21372361145542
2023-01-11,2023-02-07,2023-02-15,8,Suite,direct,27,0.8219911246508307,1,0,2,272.5897724461542
2023-12-03,2023-12-28,2023-12-31,3,Standard,direct,25,0.5150405778208518,3,0,12,126.87904372100373
2023-02-08,2023-04-08,2023-04-10,2,Deluxe,expedia,59,0.8382767101285619,5,1,4,126.86051693356156
2024-12-08,2025-02-25,2025-03-03,6,Standard,booking.com,79,0.7492213457582406,1,0,2,67.38102906151408
2023-12-29,2024-02-02,2024-02-10,8,Standard,booking.com,35,0.8542538726068565,4,0,2,115.07665763216183
2024-03-13,2024-04-17,2024-04-18,1,Standard,airbnb,35,0.9109368639603187,2,0,4,82.9272251213974
2024-11-11,2024-12-22,2024-12-26,4,Suite,expedia,41,0.6871316888973025,6,1,12,351.1240854924127
2023-04-10,2023-07-06,2023-07-07,1,Deluxe,airbnb,87,0.7238587134178048,3,0,7,140.51047221345237
2024-03-03,2024-04-08,2024-04-13,5,Standard,direct,36,0.8066973795346055,0,0,4,84.04094849390299
2024-10-19,2025-01-15,2025-01-17,2,Standard,direct,88,0.7131144860299886,2,0,1,87.61001340339733
2024-12-29,2025-01-17,2025-01-21,4,Standard,booking.com,19,0.930737232520966,4,0,1,124.23119825167845
2024-09-10,2024-12-05,2024-12-10,5,Standard,airbnb,86,0.6042147703641875,3,0,12,89.94908893254042
2024-01-20,2024-03-01,2024-03-09,8,Suite,expedia,41,0.6644901902953909,4,0,3,236.86568570299858
2023-08-19,2023-11-10,2023-11-15,5,Deluxe,booking.com,83,0.7856530327356555,4,0,11,88.86866092554867
2023-10-01,2023-11-25,2023-12-01,6,Deluxe,booking.com,55,0.8156070622644498,5,1,11,143.4690858051701
2023-07-27,2023-08-10,2023-08-13,3,Suite,direct,14,0.7870475737691887,3,0,8,371.3838854336035
2023-10-15,2023-11-08,2023-11-14,6,Deluxe,booking.com,24,0.7521952377900427,2,0,11,152.24319749707885
2023-09-05,2023-11-17,2023-11-18,1,Standard,airbnb,73,0.5865899126039767,4,0,11,92.10822677797195
2024-03-15,2024-04-15,2024-04-22,7,Suite,airbnb,31,0.8307342709777061,0,0,4,218.86781012351193
2024-07-30,2024-08-08,2024-08-10,2,Suite,direct,9,0.5721711561891991,3,0,8,485.5865811043417
2023-11-02,2023-11-26,2023-12-01,5,Suite,expedia,24,0.878165686446725,6,1,11,272.5618135390453
2024-05-25,2024-08-14,2024-08-16,2,Deluxe,booking.com,81,0.6873226623251727,2,0,8,181.33860500080058
2023-08-05,2023-08-09,2023-08-17,8,Suite,airbnb,4,0.8481208523635401,2,0,8,378.00212409049584
2023-10-26,2023-11-08,2023-11-16,8,Deluxe,booking.com,13,0.7767712146982589,2,0,11,150.66225351924948
2024-04-18,2024-07-14,2024-07-23,9,Standard,booking.com,87,0.7703380145335784,6,1,7,122.28856662702329
2023-12-26,2024-03-04,2024-03-08,4,Standard,expedia,69,0.8694073381563396,0,0,3,71.722975871073
2023-08-06,2023-10-04,2023-10-05,1,Standard,expedia,59,0.5451496103801676,2,0,10,100.24549758529312
2023-11-03,2023-11-06,2023-11-07,1,Deluxe,direct,3,0.5726146898216824,0,0,11,203.5032280430747
2024-03-14,2024-05-05,2024-05-08,3,Suite,expedia,52,0.7140306443243799,6,1,5,273.1703500262447
2023-09-05,2023-09-20,2023-09-28,8,Suite,expedia,15,0.801603281007774,2,0,9,258.90979303540354
2024-09-24,2024-09-28,2024-10-06,8,Deluxe,booking.com,4,0.7884369228820537,5,1,9,188.26642149653122
2023-07-07,2023-09-30,2023-10-01,1,Suite,airbnb,85,0.5125294011487608,5,1,9,240.99272948354567
2023-06-30,2023-09-19,2023-09-26,7,Deluxe,direct,81,0.7619432218785716,1,0,9,99.73568718159446
2023-01-17,2023-02-19,2023-02-24,5,Standard,booking.com,33,0.5558531101142173,6,1,2,144.73106147602564
2023-11-24,2024-01-22,2024-01-25,3,Deluxe,airbnb,59,0.5979491066348458,0,0,1,158.71758096462062
2023-10-18,2023-11-19,2023-11-28,9,Standard,direct,32,0.6930913355415922,6,1,11,109.87177143685425
2024-05-06,2024-07-15,2024-07-21,6,Standard,direct,70,0.8901518947261758,0,0,7,85.52097025456504
2023-02-08,2023-04-03,2023-04-12,9,Deluxe,booking.com,54,0.741841048686734,0,0,4,120.46612832379918
2023-05-08,2023-08-03,2023-08-11,8,Suite,direct,87,0.93171238326349,3,0,8,204.516219070991
2024-10-24,2024-11-06,2024-11-11,5,Standard,airbnb,13,0.7742880530125493,2,0,11,122.75700283847023
2023-11-14,2024-02-02,2024-02-03,1,Standard,airbnb,80,0.6032757140059524,4,0,2,91.25413677924887
2024-10-13,2024-11-08,2024-11-17,9,Standard,airbnb,26,0.8102812115217997,4,0,11,98.04368051504129
2023-08-30,2023-09-10,2023-09-13,3,Deluxe,booking.com,11,0.5762665249869607,6,1,9,246.62465897161064
2024-05-07,2024-05-19,2024-05-24,5,Standard,expedia,12,0.5349625347162712,6,1,5,147.15441732146135
2023-03-18,2023-06-14,2023-06-22,8,Standard,booking.com,88,0.7651028093849964,2,0,6,95.61516672735857
2023-10-10,2023-12-14,2023-12-23,9,Standard,airbnb,65,0.827289731738593,3,0,12,88.92787429754132
2023-09-10,2023-10-18,2023-10-23,5,Deluxe,airbnb,38,0.9410663970305343,2,0,10,117.9587664443743
2023-05-17,2023-06-16,2023-06-22,6,Suite,booking.com,30,0.7940412204831838,4,0,6,348.4697998366802
2023-05-04,2023-07-16,2023-07-24,8,Deluxe,expedia,73,0.8907534243225272,6,1,7,174.99898073557875
2024-05-02,2024-05-04,2024-05-09,5,Deluxe,booking.com,2,0.5765869996274402,5,1,5,238.84891191412007
2023-05-27,2023-06-16,2023-06-23,7,Deluxe,direct,20,0.9097869409407238,4,0,6,213.21616680487224
2023-07-17,2023-10-02,2023-10-03,1,Deluxe,direct,77,0.7809048545840949,0,0,10,116.74666961960081
2023-02-24,2023-05-21,2023-05-29,8,Standard,booking.com,86,0.7712708614720847,6,1,5,66.94686744121903
2023-12-22,2024-02-14,2024-02-23,9,Suite,booking.com,54,0.7225894541067386,2,0,2,258.08273146669745
2024-07-11,2024-08-03,2024-08-09,6,Suite,airbnb,23,0.5385450672126602,5,1,8,541.7591722555719
2023-11-04,2023-11-23,2023-11-26,3,Deluxe,booking.com,19,0.7438258419806908,3,0,11,143.7607887218285
2024-02-18,2024-02-19,2024-02-25,6,Standard,direct,1,0.903208078518645,0,0,2,119.46071523703552
2023-04-19,2023-06-03,2023-06-06,3,Deluxe,booking.com,45,0.5939018809343244,5,1,6,283.30667478898704
2024-12-21,2025-01-23,2025-01-30,7,Standard,booking.com,33,0.8365920045742238,3,0,1,111.06241351560845
2024-11-27,2025-02-24,2025-02-25,1,Suite,booking.com,89,0.806680183389366,0,0,2,161.2130323113721
2023-08-08,2023-10-23,2023-10-31,8,Suite,airbnb,76,0.7508725102329776,0,0,10,182.69127824438212
2023-07-05,2023-08-22,2023-08-26,4,Deluxe,airbnb,48,0.8579385086714129,1,0,8,176.30997716928667
2023-12-14,2024-02-10,2024-02-18,8,Deluxe,airbnb,58,0.7023258419176255,5,1,2,183.59896825222702
2023-10-25,2023-11-07,2023-11-13,6,Deluxe,expedia,13,0.9478297421473507,1,0,11,136.2435976581963
2023-12-14,2023-12-29,2024-01-05,7,Standard,direct,15,0.929420219902862,4,0,12,115.00707099489343
2023-05-05,2023-07-10,2023-07-19,9,Deluxe,expedia,66,0.9118502408796789,0,0,7,151.52159618745293
2024-03-10,2024-04-28,2024-05-04,6,Suite,booking.com,49,0.6710628747286014,6,1,4,267.2825758013425
2024-02-04,2024-03-11,2024-03-16,5,Standard,expedia,36,0.5466162771124513,0,0,3,125.0706038775044
2023-02-03,2023-04-15,2023-04-21,6,Deluxe,direct,71,0.5672196235257023,5,1,4,155.31857321712315
2023-03-19,2023-04-16,2023-04-17,1,Standard,direct,28,0.5073519523234554,6,1,4,129.16702488836552
2024-01-14,2024-02-24,2024-02-29,5,Deluxe,booking.com,41,0.5300030553940326,5,1,2,239.16916583246237
2024-02-13,2024-04-21,2024-04-29,8,Deluxe,booking.com,68,0.7757270586436401,6,1,4,135.79690070460347
2023-02-01,2023-03-17,2023-03-21,4,Standard,expedia,44,0.561361341440241,4,0,3,83.81141796026418
2024-07-25,2024-10-10,2024-10-15,5,Deluxe,direct,77,0.5287480927917333,3,0,10,111.12991152317137
2023-03-26,2023-05-09,2023-05-11,2,Deluxe,booking.com,44,0.7045362596680531,1,0,5,153.2518127427407
2023-10-16,2023-12-19,2023-12-27,8,Standard,airbnb,64,0.8299258268004732,1,0,12,71.91643723072036
2023-12-11,2024-01-31,2024-02-09,9,Deluxe,direct,51,0.8017200573719445,2,0,1,149.28347326932933
2023-03-28,2023-06-09,2023-06-18,9,Suite,direct,73,0.7582702570621849,4,0,6,278.80781220415304
2024-08-07,2024-10-06,2024-10-07,1,Deluxe,airbnb,60,0.5344375517823817,6,1,10,169.14310648015487
2023-07-24,2023-08-09,2023-08-14,5,Suite,airbnb,16,0.6713731649387984,2,0,8,435.51308961187254
2024-01-14,2024-02-13,2024-02-22,9,Suite,expedia,30,0.5998455621813024,1,0,2,327.39246486563684
2024-02-15,2024-02-28,2024-03-01,2,Deluxe,expedia,13,0.8852339927576036,2,0,2,176.3713438906371
2023-07-10,2023-09-06,2023-09-12,6,Standard,airbnb,58,0.8588338901433701,2,0,9,65.50512544765549
2023-02-07,2023-02-26,2023-03-04,6,Deluxe,airbnb,19,0.9282244867318794,6,1,2,189.21217712081662
2023-10-29,2023-11-18,2023-11-19,1,Standard,booking.com,20,0.7599156540741674,5,1,11,114.484009952799
2024-11-07,2024-12-17,2024-12-25,8,Suite,airbnb,40,0.6051609560097314,1,0,12,305.7499596063377
2024-11-15,2024-12-05,2024-12-13,8,Suite,booking.com,20,0.6961215446951934,3,0,12,324.9499315624735
2024-02-05,2024-03-29,2024-04-01,3,Deluxe,direct,53,0.6146891687757121,4,0,3,125.72653026348897
2024-02-18,2024-04-14,2024-04-16,2,Standard,direct,56,0.7659785324572774,6,1,4,92.37800973231897
2024-10-02,2024-11-20,2024-11-26,6,Suite,direct,49,0.586919814016989,2,0,11,250.95446410711662
2024-09-10,2024-10-20,2024-10-25,5,Standard,booking.com,40,0.6807941237641858,6,1,10,112.92179267825813
2024-06-12,2024-08-12,2024-08-19,7,Standard,expedia,61,0.788377562117571,0,0,8,125.00432806233438
2023-04-17,2023-06-07,2023-06-08,1,Standard,booking.com,51,0.5331200235531858,2,0,6,155.54143266595628
2023-10-19,2023-12-26,2024-01-01,6,Standard,booking.com,68,0.7672318804214542,1,0,12,94.89465629311705
2023-10-16,2024-01-05,2024-01-14,9,Suite,booking.com,81,0.6878095905232497,4,0,1,217.40530647497522
2024-04-03,2024-04-29,2024-05-08,9,Deluxe,booking.com,26,0.5304410333060042,0,0,4,182.3596305483915
2024-05-15,2024-05-21,2024-05-22,1,Deluxe,expedia,6,0.8325508650384628,1,0,5,162.25293292206905
2024-01-25,2024-02-26,2024-03-05,8,Standard,airbnb,32,0.9488982861677271,0,0,2,93.54252195201717
2023-08-09,2023-09-13,2023-09-22,9,Standard,booking.com,35,0.9083380059894224,2,0,9,92.1258621905655
2024-07-29,2024-10-05,2024-10-06,1,Standard,airbnb,68,0.7138734958390466,5,1,10,86.17054400004369
2024-04-25,2024-05-14,2024-05-19,5,Deluxe,expedia,19,0.5461417656614274,1,0,5,184.89879883231234
2023-02-26,2023-03-29,2023-04-04,6,Standard,direct,31,0.8516363928948694,2,0,3,81.33109528364089
2024-04-21,2024-07-11,2024-07-18,7,Standard,booking.com,81,0.89492188180134,3,0,7,104.70770581257584
2024-06-21,2024-06-30,2024-07-09,9,Suite,booking.com,9,0.6286268143478334,6,1,6,551.8511609757808
2024-11-18,2024-12-23,2025-01-01,9,Suite,expedia,35,0.5713120386523268,0,0,12,338.92320528765055
2023-11-17,2024-01-07,2024-01-14,7,Standard,airbnb,51,0.8672183513752083,6,1,1,105.76606989698206
2024-12-08,2025-02-19,2025-02-22,3,Deluxe,direct,73,0.7178402250946047,2,0,2,126.7014049982063
2023-01-29,2023-03-15,2023-03-17,2,Suite,expedia,45,0.5144298973405173,2,0,3,272.0156093527971
2024-11-24,2024-12-20,2024-12-27,7,Suite,direct,26,0.7471947259684941,4,0,12,319.5356462431398
2024-08-11,2024-10-06,2024-10-14,8,Standard,expedia,56,0.5851509476628054,6,1,10,133.27387848348397
2024-01-21,2024-03-31,2024-04-04,4,Suite,direct,70,0.5369390302942136,6,1,3,268.2205847085485
2024-06-19,2024-08-20,2024-08-23,3,Suite,airbnb,62,0.8870706395385777,1,0,8,258.6555843939788
2024-07-20,2024-09-12,2024-09-21,9,Standard,airbnb,54,0.8313951150625998,3,0,9,79.09836250658573
2024-05-27,2024-07-27,2024-08-03,7,Suite,expedia,61,0.6510106857438654,5,1,7,393.5962607686281
2024-05-02,2024-05-23,2024-05-29,6,Suite,expedia,21,0.8575550887500775,3,0,5,235.49291797338728
2024-11-06,2024-12-09,2024-12-13,4,Deluxe,expedia,33,0.6572235232148801,0,0,12,196.1340339529769
2023-06-17,2023-08-08,2023-08-17,9,Standard,airbnb,52,0.599290247629582,1,0,8,139.89669329528132
2023-10-11,2023-12-10,2023-12-19,9,Deluxe,booking.com,60,0.8369833182681302,6,1,12,156.10350180438803
2023-03-06,2023-04-03,2023-04-07,4,Standard,direct,28,0.7914155771431434,0,0,4,100.49120132507178
2024-03-22,2024-05-16,2024-05-17,1,Suite,direct,55,0.7983987713507286,3,0,5,185.61094128742246
2023-09-13,2023-09-30,2023-10-03,3,Standard,direct,17,0.6783955155156703,5,1,9,130.39871145020572
2023-09-13,2023-10-31,2023-11-03,3,Suite,direct,48,0.7802808489622939,1,0,10,206.73929051706284
2024-08-25,2024-09-09,2024-09-14,5,Suite,direct,15,0.9386914071164782,0,0,9,232.0569731746257
2023-07-21,2023-07-29,2023-08-01,3,Suite,airbnb,8,0.7544278732344112,5,1,7,475.9528311027017
2023-07-15,2023-07-29,2023-07-30,1,Standard,airbnb,14,0.7346028747953104,5,1,7,198.62412028297604
2024-05-21,2024-05-27,2024-05-30,3,Deluxe,airbnb,6,0.6006494411394785,0,0,5,191.87409289515324
2023-09-10,2023-11-11,2023-11-19,8,Suite,airbnb,62,0.5003542782622272,5,1,11,271.99202192936036
2023-12-19,2024-02-20,2024-02-25,5,Deluxe,airbnb,63,0.5205172218914902,1,0,2,174.01228748800364
2024-12-11,2025-02-05,2025-02-10,5,Standard,airbnb,56,0.5799123105718073,2,0,2,94.76322624024799
2024-10-07,2024-12-09,2024-12-16,7,Deluxe,direct,63,0.544170212774944,0,0,12,166.36952139027628
2023-06-01,2023-08-21,2023-08-24,3,Suite,booking.com,81,0.6454201634218775,0,0,8,286.87865645249553
2023-04-21,2023-06-12,2023-06-19,7,Deluxe,expedia,52,0.7179107842576115,0,0,6,191.38798455220748
2023-05-25,2023-07-12,2023-07-16,4,Deluxe,expedia,48,0.9201270824361122,2,0,7,164.76616767925876
2024-11-04,2024-12-26,2025-01-03,8,Deluxe,expedia,52,0.6480162364674729,3,0,12,176.58689339665102
2024-09-29,2024-10-28,2024-11-04,7,Suite,airbnb,29,0.5459908049089743,0,0,10,290.75573136384776
2024-10-12,2024-11-02,2024-11-05,3,Standard,airbnb,21,0.7858744587517789,5,1,11,118.80887342743267
2023-12-16,2024-01-10,2024-01-17,7,Deluxe,expedia,25,0.6733551301996582,2,0,1,206.92451390360335
2024-09-15,2024-10-06,2024-10-13,7,Deluxe,expedia,21,0.5888646208517122,6,1,10,203.2088575416726
2024-06-25,2024-07-17,2024-07-24,7,Suite,airbnb,22,0.6217660320872906,2,0,7,430.30613097018704
2024-02-05,2024-03-25,2024-03-31,6,Suite,booking.com,49,0.5110602214860289,0,0,3,268.3702386748326
2024-07-01,2024-08-29,2024-09-01,3,Suite,booking.com,59,0.7977589252283381,3,0,8,279.14846762179036
2024-06-22,2024-08-29,2024-09-04,6,Standard,airbnb,68,0.8150145896974992,3,0,8,96.12949767203081
2024-03-25,2024-04-28,2024-04-30,2,Standard,expedia,34,0.6039658714368698,6,1,4,132.0021522687841
2024-04-20,2024-06-23,2024-06-30,7,Standard,booking.com,64,0.597931186012434,6,1,6,147.63891372618505
2023-06-03,2023-07-25,2023-08-02,8,Suite,airbnb,52,0.6000359011653142,1,0,7,373.7577285083375
2023-08-14,2023-10-02,2023-10-08,6,Deluxe,expedia,49,0.7817595646280432,0,0,10,131.45829248162016
2023-08-01,2023-08-10,2023-08-17,7,Deluxe,booking.com,9,0.5034390488136151,3,0,8,299.3807623906586
2023-09-03,2023-10-30,2023-11-02,3,Suite,booking.com,57,0.5603723619928975,0,0,10,256.6901623397963
2023-09-14,2023-10-06,2023-10-08,2,Deluxe,airbnb,22,0.5926775816406222,4,0,10,200.48761342578695
2023-10-11,2024-01-02,2024-01-03,1,Suite,direct,83,0.5344611264741203,1,0,1,242.33617766602188
2023-01-21,2023-03-11,2023-03-15,4,Standard,expedia,49,0.9121254628279294,5,1,3,109.41635430634338
2024-09-18,2024-09-19,2024-09-23,4,Standard,direct,1,0.6774326376757971,3,0,9,124.84597387367874
2024-04-07,2024-05-23,2024-06-01,9,Deluxe,airbnb,46,0.6569451925056277,3,0,5,130.173687613567
2024-03-08,2024-05-31,2024-06-06,6,Standard,booking.com,84,0.6581673094105185,4,0,5,86.02562854539666
2023-06-14,2023-09-02,2023-09-03,1,Standard,booking.com,80,0.9181980471280105,5,1,9,55.50583114454163
2023-08-13,2023-08-28,2023-08-29,1,Suite,booking.com,15,0.904094810817096,0,0,8,347.07835546129024
2024-06-14,2024-08-07,2024-08-09,2,Suite,expedia,54,0.7904084773169529,2,0,8,314.1832758566802
2024-12-13,2025-03-04,2025-03-11,7,Suite,airbnb,81,0.7339165631546393,1,0,3,181.3227414289582
2024-10-25,2024-11-22,2024-11-27,5,Deluxe,booking.com,28,0.7948828695576929,4,0,11,135.85122762946474
2023-01-16,2023-03-09,2023-03-16,7,Standard,expedia,52,0.6580396419590987,3,0,3,79.65337621681199
2023-01-23,2023-03-25,2023-03-30,5,Suite,booking.com,61,0.6800846717253988,5,1,3,247.9095253220699
2023-09-09,2023-09-16,2023-09-17,1,Deluxe,booking.com,7,0.8560509381242953,5,1,9,184.48570832544328
2023-12-05,2024-02-12,2024-02-20,8,Suite,airbnb,69,0.9425744047169138,0,0,2,196.84901005156712
2023-02-21,2023-04-21,2023-04-30,9,Standard,booking.com,59,0.8767206911478111,4,0,4,75.3758361837821
2024-08-23,2024-10-25,2024-10-28,3,Standard,airbnb,63,0.9128721811617542,4,0,10,61.43600544258251
2023-02-05,2023-02-08,2023-02-10,2,Suite,airbnb,3,0.5567303844196667,2,0,2,392.48222923806014
2024-02-11,2024-04-16,2024-04-23,7,Suite,airbnb,65,0.6925307164131924,1,0,4,205.21412032622965
2023-02-15,2023-04-01,2023-04-04,3,Deluxe,direct,45,0.5295238339890835,5,1,4,185.09131072359995
2023-03-26,2023-05-07,2023-05-09,2,Suite,airbnb,42,0.6076343304558791,6,1,5,313.1746531182669
2023-06-05,2023-08-19,2023-08-20,1,Standard,direct,75,0.8300676950064798,5,1,8,121.25662102986753
2023-11-05,2023-12-12,2023-12-16,4,Standard,direct,37,0.6518141317822291,1,0,12,108.49849550684071
2023-12-11,2024-01-18,2024-01-25,7,Standard,expedia,38,0.515990599706273,3,0,1,135.03918534463068
2023-07-22,2023-08-06,2023-08-11,5,Deluxe,airbnb,15,0.7673836340677169,6,1,8,272.6848745531853
2024-09-24,2024-12-16,2024-12-21,5,Deluxe,expedia,83,0.7942133077979021,0,0,12,120.03110201206403
2024-11-16,2024-12-19,2024-12-20,1,Standard,airbnb,33,0.5452219881073781,3,0,12,124.33554538564084
2024-06-11,2024-08-12,2024-08-16,4,Suite,direct,62,0.9301083537542105,0,0,8,256.84359946350304
2023-02-28,2023-05-21,2023-05-24,3,Suite,airbnb,82,0.5146166546547231,6,1,5,248.33258370690658
2024-05-18,2024-06-13,2024-06-16,3,Suite,booking.com,26,0.6957424151198399,3,0,6,404.4744537555581
2023-06-15,2023-06-16,2023-06-17,1,Suite,airbnb,1,0.5424249114028342,4,0,6,499.7360203561479
2024-02-15,2024-04-05,2024-04-11,6,Suite,direct,50,0.646921474688501,4,0,4,238.14019016522997
2024-12-03,2024-12-09,2024-12-10,1,Suite,booking.com,6,0.6164486789960447,0,0,12,388.9613554231241
2023-03-08,2023-04-14,2023-04-20,6,Standard,airbnb,37,0.803752173974374,4,0,4,84.38404856794226
2023-03-14,2023-04-25,2023-05-02,7,Deluxe,booking.com,42,0.8143793218182598,1,0,4,116.94643704874626
2024-07-09,2024-09-03,2024-09-08,5,Deluxe,airbnb,56,0.6861167057573251,1,0,9,147.13562437700264
2024-08-04,2024-10-25,2024-10-31,6,Deluxe,airbnb,82,0.7050317014404048,4,0,10,105.17447350742044
2024-12-22,2025-03-03,2025-03-11,8,Suite,direct,71,0.6431831861194102,0,0,3,197.5654174393333
2024-08-23,2024-09-05,2024-09-10,5,Suite,booking.com,13,0.5011093397338641,3,0,9,314.6711830617516
2024-07-20,2024-08-08,2024-08-15,7,Deluxe,direct,19,0.887687716203333,3,0,8,212.561459032272
2023-07-12,2023-08-17,2023-08-23,6,Standard,expedia,36,0.6021755533207178,3,0,8,165.92162344449338
2024-08-04,2024-08-14,2024-08-19,5,Standard,booking.com,10,0.7387254656560626,2,0,8,164.43009840546372
2024-08-28,2024-09-03,2024-09-07,4,Deluxe,booking.com,6,0.522770648823046,1,0,9,198.13747892824858
2023-02-02,2023-03-07,2023-03-09,2,Deluxe,direct,33,0.8514080450436952,1,0,3,118.81439285739059
2024-12-01,2024-12-12,2024-12-21,9,Deluxe,airbnb,11,0.9295911921188937,3,0,12,160.4820113643553
2024-07-17,2024-10-01,2024-10-08,7,Standard,expedia,76,0.5253242098382986,1,0,10,88.67369065809662
2023-10-04,2023-12-18,2023-12-20,2,Deluxe,direct,75,0.8477292943989876,0,0,12,129.440901587178
2024-07-20,2024-08-30,2024-09-02,3,Suite,direct,41,0.8145395543118528,4,0,8,315.2046913088068
2024-04-03,2024-04-24,2024-05-03,9,Standard,booking.com,21,0.5017135878340192,2,0,4,111.63648119240408
2023-10-06,2023-10-28,2023-11-01,4,Deluxe,booking.com,22,0.6604221528893982,5,1,10,183.52336197181444
2023-09-12,2023-10-23,2023-10-25,2,Deluxe,booking.com,41,0.9241079126687335,0,0,10,117.99661302929835
2024-11-12,2024-12-06,2024-12-12,6,Standard,booking.com,24,0.5827885018127279,4,0,12,138.5669662907281
2023-03-13,2023-05-19,2023-05-20,1,Suite,direct,67,0.5843055277995987,4,0,5,233.6198946891158
2023-07-26,2023-10-02,2023-10-09,7,Deluxe,booking.com,68,0.8373082054553254,0,0,10,104.44470238526472
2024-07-19,2024-07-23,2024-07-24,1,Suite,expedia,4,0.7477068357518843,1,0,7,437.17418375257273
2024-11-16,2024-12-07,2024-12-12,5,Deluxe,booking.com,21,0.6815512350589908,5,1,12,227.58489207956907
2023-09-03,2023-09-16,2023-09-21,5,Deluxe,expedia,13,0.5523447898059098,5,1,9,234.66377676411668
2024-07-02,2024-07-13,2024-07-19,6,Suite,airbnb,11,0.5063147363365609,5,1,7,592.705689319048
2023-03-16,2023-03-23,2023-03-28,5,Deluxe,booking.com,7,0.7618325635822079,3,0,3,158.4898314363189
2024-01-20,2024-01-22,2024-01-23,1,Standard,booking.com,2,0.5567561944221676,0,0,1,149.71589155017017
2023-12-12,2024-01-13,2024-01-19,6,Deluxe,direct,32,0.5846100121918012,5,1,1,236.81367822603656
2023-02-20,2023-04-06,2023-04-13,7,Deluxe,expedia,45,0.668651851703253,3,0,4,164.0318267495222
2023-10-27,2023-12-19,2023-12-20,1,Standard,direct,53,0.8828303334172032,1,0,12,91.15239959637516
2023-08-14,2023-09-18,2023-09-21,3,Standard,airbnb,35,0.5057010464093634,0,0,9,126.94630890042937
2024-12-20,2024-12-22,2024-12-27,5,Suite,expedia,2,0.6570833915973422,6,1,12,443.8543585087263
2024-07-01,2024-07-07,2024-07-16,9,Standard,direct,6,0.5406613732883923,6,1,7,234.8454113942059
2023-03-04,2023-03-21,2023-03-23,2,Deluxe,booking.com,17,0.8250855914785136,1,0,3,139.5901008004243
2024-06-20,2024-08-16,2024-08-19,3,Standard,airbnb,57,0.6488656504983067,4,0,8,126.1376507375032
2023-03-14,2023-05-29,2023-05-31,2,Deluxe,direct,76,0.5987650567973881,0,0,5,123.96823867778588
2024-11-17,2025-01-12,2025-01-21,9,Standard,booking.com,56,0.8585659259296643,6,1,1,132.37727357268753
2023-01-21,2023-04-18,2023-04-24,6,Standard,expedia,87,0.7611653062410613,1,0,4,76.56593258443415
2023-07-20,2023-08-17,2023-08-20,3,Deluxe,expedia,28,0.9049650398156711,3,0,8,211.8303533072854
2024-11-16,2024-11-20,2024-11-29,9,Deluxe,airbnb,4,0.5612059235998816,2,0,11,194.09508420535158
2023-04-24,2023-07-14,2023-07-16,2,Suite,expedia,81,0.8399933524314362,4,0,7,229.76105901680035
2023-07-02,2023-09-15,2023-09-16,1,Deluxe,expedia,75,0.8322398635826725,4,0,9,122.88643517507847
2024-01-27,2024-04-04,2024-04-13,9,Suite,expedia,68,0.7621177531771475,3,0,4,180.9973326992617
2024-04-04,2024-04-17,2024-04-24,7,Standard,direct,13,0.6081237980911465,2,0,4,133.54935298243393
2024-05-22,2024-06-21,2024-06-24,3,Suite,airbnb,30,0.6080004422475053,4,0,6,413.47836423357757
2023-05-31,2023-06-26,2023-06-29,3,Suite,airbnb,26,0.6193424853927741,0,0,6,415.9397128821439
2023-12-10,2023-12-28,2024-01-04,7,Suite,direct,18,0.5803474161807401,3,0,12,355.19933806692853
2024-12-08,2024-12-25,2024-12-26,1,Standard,airbnb,17,0.7306685347141618,2,0,12,128.95363980640641
2024-01-12,2024-02-15,2024-02-23,8,Suite,direct,34,0.5583082737293645,3,0,2,332.7599846796622
2023-02-26,2023-05-07,2023-05-09,2,Suite,direct,70,0.8124014360691385,6,1,5,209.35180763107712
2024-12-23,2025-02-11,2025-02-20,9,Standard,direct,50,0.58037051518037,1,0,2,136.52666506016098
2023-09-30,2023-10-25,2023-10-30,5,Deluxe,booking.com,25,0.8206300548039762,2,0,10,159.7383009741243
2023-09-20,2023-11-28,2023-12-06,8,Suite,expedia,69,0.5119153977526976,1,0,11,219.9264935455227
2023-05-01,2023-07-06,2023-07-10,4,Standard,booking.com,66,0.5693548048319951,3,0,7,118.83531569399698
2024-11-03,2024-12-22,2024-12-28,6,Deluxe,booking.com,49,0.6755562286803217,6,1,12,191.9095167613551
2023-11-20,2024-01-04,2024-01-06,2,Suite,direct,45,0.7352773621404938,3,0,1,265.6858580222852
2024-12-21,2025-02-02,2025-02-08,6,Standard,booking.com,43,0.6037184548693273,6,1,2,163.0095439551001
2024-05-16,2024-08-12,2024-08-13,1,Suite,airbnb,88,0.5563869834036153,0,0,8,271.0012836361908
2023-01-19,2023-03-10,2023-03-15,5,Suite,airbnb,50,0.6030250651179874,4,0,3,245.40149031860975
2024-08-16,2024-10-23,2024-10-30,7,Suite,airbnb,68,0.6788556034638298,2,0,10,202.53454297664956
2023-07-02,2023-07-05,2023-07-11,6,Standard,direct,3,0.5350539859415598,2,0,7,195.62156757380518
2024-03-02,2024-03-24,2024-03-31,7,Standard,airbnb,22,0.7761261338277065,6,1,3,123.49160101303146
2024-12-28,2025-01-29,2025-01-30,1,Suite,expedia,32,0.5409053936452725,2,0,1,353.9518866151956
2023-06-13,2023-06-17,2023-06-22,5,Suite,airbnb,4,0.5157892993487212,5,1,6,618.9347019450391
2023-07-14,2023-09-20,2023-09-22,2,Suite,airbnb,68,0.8267480594490451,2,0,9,185.13936995069977
2023-01-29,2023-02-04,2023-02-11,7,Suite,direct,6,0.7838532222316199,5,1,2,388.6965529628257
2023-06-07,2023-08-12,2023-08-16,4,Standard,expedia,66,0.7940391896056438,5,1,8,137.2693757556217
2023-12-04,2024-02-06,2024-02-10,4,Suite,direct,64,0.6249402174172058,1,0,2,263.6799953909754
2023-03-04,2023-05-17,2023-05-20,3,Deluxe,airbnb,74,0.756737654249729,2,0,5,116.31425331040155
2024-03-12,2024-03-14,2024-03-18,4,Standard,booking.com,2,0.754431712811926,3,0,3,81.1547676922626
2024-08-12,2024-10-10,2024-10-11,1,Standard,direct,59,0.5175127777568058,3,0,10,103.76705308913772
2024-03-14,2024-03-23,2024-03-29,6,Suite,booking.com,9,0.5348899496197169,5,1,3,384.9357157012292
2023-07-22,2023-09-09,2023-09-15,6,Suite,booking.com,49,0.719881314590616,5,1,9,269.66796018649427
2024-03-23,2024-05-30,2024-06-06,7,Deluxe,airbnb,68,0.7176514279119287,3,0,5,128.45580390174683
2024-09-29,2024-11-27,2024-12-05,8,Suite,airbnb,59,0.7303334374013186,2,0,11,188.06240164162037
2023-03-15,2023-03-27,2023-03-28,1,Standard,expedia,12,0.7251488156534676,0,0,3,102.1205182850492
2023-04-22,2023-04-24,2023-04-28,4,Standard,direct,2,0.9051474846932365,0,0,4,107.22795548925919
2024-02-19,2024-04-08,2024-04-13,5,Standard,expedia,49,0.8591910950206949,0,0,4,89.17669475305595
2024-01-10,2024-02-04,2024-02-13,9,Standard,expedia,25,0.7469266497314075,6,1,2,140.5308732041766
2024-03-27,2024-05-09,2024-05-17,8,Deluxe,direct,43,0.5758182539807549,3,0,5,175.30639039402098
2023-11-30,2024-01-10,2024-01-15,5,Standard,direct,41,0.5354503853988177,2,0,1,119.4080457197137
2023-05-05,2023-07-26,2023-07-31,5,Standard,expedia,82,0.9158044414618227,2,0,7,80.56645297723233
2024-11-22,2025-01-06,2025-01-14,8,Deluxe,booking.com,45,0.9110077369900439,0,0,1,123.86364522281823
2023-12-02,2024-02-27,2024-03-05,7,Suite,airbnb,87,0.8746767638480691,1,0,2,163.46485859276115
2023-08-21,2023-10-30,2023-11-01,2,Standard,expedia,70,0.5722796010335306,0,0,10,85.42113388490863
2024-07-31,2024-08-23,2024-08-31,8,Suite,booking.com,23,0.5069256347119956,4,0,8,480.52446776765544
2024-11-05,2024-11-13,2024-11-16,3,Suite,expedia,8,0.7400574698361512,2,0,11,277.0576320174423
2023-07-05,2023-09-19,2023-09-21,2,Standard,airbnb,76,0.5944530060442491,1,0,9,59.26687607245309
2024-09-30,2024-11-23,2024-11-28,5,Deluxe,airbnb,54,0.7434226476900901,5,1,11,154.92318746995753
2024-04-21,2024-06-13,2024-06-21,8,Suite,booking.com,53,0.5666271087774704,3,0,6,346.0440297384814
2023-04-16,2023-04-23,2023-04-27,4,Suite,booking.com,7,0.9405836854441614,6,1,4,284.45968463442046
2024-05-08,2024-05-11,2024-05-17,6,Standard,expedia,3,0.9199789486925419,5,1,5,116.21921508703578
2024-03-01,2024-05-28,2024-06-04,7,Deluxe,booking.com,88,0.6701347939711846,1,0,5,101.4807092479309
2023-02-10,2023-04-26,2023-05-03,7,Suite,booking.com,75,0.7439572317109133,2,0,4,171.00217061860965
2023-04-28,2023-07-12,2023-07-15,3,Suite,airbnb,75,0.8628711698468464,2,0,7,229.83982841846338
2023-11-23,2024-01-04,2024-01-06,2,Deluxe,expedia,42,0.720024306713927,3,0,1,189.26106568022902
2024-03-22,2024-06-13,2024-06-20,7,Deluxe,direct,83,0.8492188661082911,3,0,6,147.02792203495213
2023-12-23,2024-01-01,2024-01-07,6,Suite,booking.com,9,0.7886247421839201,0,0,1,315.31982376792877
2024-07-09,2024-07-23,2024-08-01,9,Suite,airbnb,14,0.6930131331960363,1,0,7,420.06287218029604
2024-12-11,2025-03-02,2025-03-09,7,Suite,direct,81,0.6540914757855203,6,1,3,213.8346312122688
2024-03-12,2024-04-07,2024-04-13,6,Deluxe,expedia,26,0.579250125511021,6,1,4,215.76720507876777
2023-12-09,2024-03-05,2024-03-09,4,Standard,direct,87,0.9476748172806632,1,0,3,42.63963701554199
2024-05-26,2024-06-09,2024-06-14,5,Suite,airbnb,14,0.7165346442972527,6,1,6,499.1879183285374
2024-08-31,2024-11-23,2024-11-26,3,Suite,direct,84,0.5217540206863305,5,1,11,234.8270321535486
2024-10-30,2024-11-21,2024-11-23,2,Deluxe,direct,22,0.9412697202936257,3,0,11,109.9490354264563
2024-08-31,2024-11-12,2024-11-13,1,Deluxe,expedia,73,0.8358873319219101,1,0,11,85.90692772610662
2024-08-28,2024-09-06,2024-09-09,3,Suite,airbnb,9,0.7107130043959714,4,0,9,291.2812783122964
2023-11-08,2023-11-25,2023-12-03,8,Suite,direct,17,0.5519857591759572,5,1,11,348.85833555071633
2024-08-08,2024-08-30,2024-09-08,9,Standard,airbnb,22,0.5944411859548077,4,0,8,178.7633781617834
2024-08-13,2024-10-22,2024-10-30,8,Standard,booking.com,70,0.7499027325941945,1,0,10,69.82539142269432
2023-10-04,2023-12-14,2023-12-18,4,Deluxe,booking.com,71,0.8798722041489162,3,0,12,108.35935678488654
2023-07-05,2023-07-23,2023-07-30,7,Standard,direct,18,0.7048230493620453,6,1,7,193.4692985248112
2024-08-10,2024-09-03,2024-09-10,7,Standard,booking.com,24,0.7910801226509865,1,0,9,89.68816010105573
2024-06-28,2024-07-12,2024-07-16,4,Standard,booking.com,14,0.6732437163250118,4,0,7,170.74324330214225
2024-04-16,2024-06-13,2024-06-18,5,Suite,expedia,58,0.7029036562050172,3,0,6,314.01309124002194
2023-06-27,2023-06-29,2023-07-03,4,Suite,airbnb,2,0.8286147772672074,3,0,6,389.1054761925042
2024-04-10,2024-05-23,2024-06-01,9,Deluxe,airbnb,43,0.5665299622847944,3,0,5,166.80573978976366
2023-11-04,2023-12-22,2023-12-25,3,Suite,direct,48,0.7634083273960938,4,0,12,242.98657594777748
2024-08-21,2024-10-28,2024-11-06,9,Deluxe,booking.com,68,0.503202973942947,0,0,10,146.56303122037983
2024-05-09,2024-05-14,2024-05-17,3,Deluxe,direct,5,0.6379428428452378,1,0,5,168.8973887453049
2024-09-12,2024-09-26,2024-10-01,5,Deluxe,direct,14,0.772319633122001,3,0,9,153.97949564392502
2023-05-23,2023-07-20,2023-07-29,9,Suite,expedia,58,0.7242516507231869,3,0,7,298.4759976029149
2023-05-21,2023-08-17,2023-08-24,7,Standard,direct,88,0.88756225101281,3,0,8,73.02551339073995
2024-04-22,2024-05-04,2024-05-05,1,Standard,booking.com,12,0.572594791665655,5,1,5,144.3407726308842
2024-03-24,2024-06-08,2024-06-12,4,Deluxe,booking.com,76,0.5962398505820719,5,1,6,204.33572145310762
2024-03-03,2024-03-28,2024-04-04,7,Standard,direct,25,0.6218776476174716,3,0,3,100.20924832213765
2023-09-29,2023-10-09,2023-10-17,8,Standard,direct,10,0.9178477811497208,0,0,10,89.66336779958034
2023-08-30,2023-10-20,2023-10-23,3,Deluxe,airbnb,51,0.8828853499936962,4,0,10,103.4476981816233
2023-08-13,2023-08-24,2023-08-26,2,Deluxe,booking.com,11,0.7775775301106249,3,0,8,235.12203143322145
2023-08-05,2023-09-20,2023-09-29,9,Standard,airbnb,46,0.6156467730368825,2,0,9,97.28144734565663
2023-01-28,2023-03-28,2023-03-30,2,Suite,airbnb,59,0.5636041532039847,1,0,3,215.41242407706258
2024-02-28,2024-03-24,2024-03-31,7,Deluxe,airbnb,25,0.6092086796870154,6,1,3,184.97125453465637
2024-11-20,2025-02-12,2025-02-17,5,Suite,expedia,84,0.6584766369613101,2,0,2,215.003398187079
2023-09-11,2023-11-20,2023-11-22,2,Suite,booking.com,70,0.5036291428349383,0,0,11,231.8903840671866
2023-01-03,2023-04-02,2023-04-07,5,Suite,airbnb,89,0.672215321539237,6,1,4,202.18519401199762
2024-09-29,2024-12-08,2024-12-09,1,Standard,expedia,70,0.7558305086307344,6,1,12,90.17396730130152
2024-06-28,2024-07-28,2024-07-31,3,Deluxe,direct,30,0.6729069413168763,6,1,7,272.42982026132523
2023-04-09,2023-06-06,2023-06-14,8,Deluxe,booking.com,58,0.8083040550024787,1,0,6,170.49134120011468
2024-07-21,2024-08-03,2024-08-06,3,Deluxe,booking.com,13,0.8417956150150179,5,1,8,256.9143611469382
2023-11-01,2024-01-11,2024-01-20,9,Suite,airbnb,71,0.6964356411099937,3,0,1,239.15498764818778
2023-05-17,2023-06-05,2023-06-11,6,Deluxe,expedia,19,0.6537739575819864,0,0,6,254.97499761189238
2024-05-11,2024-06-30,2024-07-05,5,Standard,expedia,50,0.6462694885604209,6,1,6,186.15612607872686
2023-10-21,2024-01-16,2024-01-21,5,Standard,airbnb,87,0.6063802040714826,1,0,1,71.00622484363882
2024-12-04,2025-02-13,2025-02-22,9,Standard,expedia,71,0.5158537681298919,3,0,2,91.2766863001188
2024-10-16,2025-01-01,2025-01-09,8,Deluxe,booking.com,77,0.5234428309375925,2,0,1,148.88969105183622
2023-10-22,2023-11-09,2023-11-11,2,Deluxe,direct,18,0.5729375082672334,3,0,11,186.26314073159452
2024-03-19,2024-04-28,2024-05-04,6,Deluxe,booking.com,40,0.5793465889424063,6,1,4,186.84990137342623
2024-08-05,2024-09-25,2024-09-29,4,Standard,airbnb,51,0.5944324293586282,2,0,9,97.04122822730386
2023-10-27,2024-01-18,2024-01-19,1,Standard,expedia,83,0.7697174097432747,3,0,1,96.22288020297341
2024-02-02,2024-02-19,2024-02-25,6,Suite,expedia,17,0.790050314590708,0,0,2,311.1801070892237
2023-09-29,2023-11-11,2023-11-13,2,Deluxe,expedia,43,0.7652061426243025,5,1,11,158.69756285943924
2024-11-16,2025-01-20,2025-01-29,9,Standard,direct,65,0.766476649423468,0,0,1,85.04966284837847
2024-08-08,2024-09-08,2024-09-15,7,Suite,booking.com,31,0.8033955862042599,6,1,9,271.1556637868633
2024-10-17,2024-11-01,2024-11-06,5,Suite,airbnb,15,0.8956778607938405,4,0,11,235.89637308410042
2024-10-09,2024-12-10,2024-12-19,9,Standard,airbnb,62,0.6777152794964827,1,0,12,109.42206992058348
2024-11-08,2024-12-02,2024-12-04,2,Standard,expedia,24,0.615887931402163,0,0,12,134.86551278348648
2024-01-15,2024-04-08,2024-04-16,8,Deluxe,expedia,84,0.8719731587226744,0,0,4,86.9769624520976
2023-10-05,2023-12-28,2023-12-29,1,Deluxe,booking.com,84,0.8727257320149201,3,0,12,86.00415021118654
2024-08-03,2024-10-21,2024-10-26,5,Suite,airbnb,79,0.6502702272946744,0,0,10,190.70801130452887
2024-10-27,2024-12-21,2024-12-29,8,Suite,airbnb,55,0.5699240607842657,5,1,12,329.13494967266024
2023-04-23,2023-06-20,2023-06-29,9,Standard,direct,58,0.6509016729592777,1,0,6,134.54779677514534
2023-09-29,2023-12-15,2023-12-16,1,Standard,booking.com,77,0.5793202250634104,4,0,12,98.56774160768731
2023-09-09,2023-11-02,2023-11-04,2,Suite,direct,54,0.6754655858093042,3,0,11,235.44632472690975
2023-01-03,2023-02-23,2023-03-02,7,Standard,airbnb,51,0.5577491817313255,3,0,2,125.65781248203874
2024-07-29,2024-09-14,2024-09-18,4,Suite,direct,47,0.5747219348266427,5,1,9,278.29562329303445
2024-05-09,2024-06-06,2024-06-15,9,Standard,direct,28,0.5063766381211602,3,0,6,183.58192493958964
2023-07-25,2023-09-09,2023-09-12,3,Suite,airbnb,46,0.5098303260295455,5,1,9,317.1850590712437
2024-11-20,2025-01-28,2025-01-31,3,Suite,airbnb,69,0.7638681677017265,1,0,1,221.03525283715177
2023-06-21,2023-09-01,2023-09-10,9,Deluxe,expedia,72,0.7506973152415901,4,0,9,111.12437934772754
2024-06-22,2024-08-18,2024-08-19,1,Suite,booking.com,57,0.9458175975712514,6,1,8,307.0842119058102
2023-07-07,2023-07-25,2023-07-27,2,Deluxe,airbnb,18,0.5586632555250957,1,0,7,277.01257480749115
2023-07-02,2023-07-15,2023-07-19,4,Suite,direct,13,0.854453397964396,5,1,7,451.570290356779
2024-04-19,2024-06-08,2024-06-14,6,Standard,airbnb,50,0.9351792483380306,5,1,6,130.52904354761472
2023-12-24,2023-12-25,2023-12-27,2,Suite,booking.com,1,0.7473978732172137,0,0,12,348.19199720496454
2023-03-06,2023-05-02,2023-05-09,7,Suite,expedia,57,0.7422416194250183,1,0,5,212.86404541980204
2024-05-04,2024-06-21,2024-06-25,4,Standard,booking.com,48,0.8778860198141569,4,0,6,124.63006103651668
2023-08-22,2023-10-13,2023-10-14,1,Suite,airbnb,52,0.9131276134491169,4,0,10,175.81969780221968
2024-07-28,2024-09-29,2024-10-08,9,Standard,direct,63,0.5017111063558489,6,1,9,111.30648879468004
2024-10-28,2024-11-04,2024-11-08,4,Standard,expedia,7,0.6934024321649881,0,0,11,126.46330256842388
2023-12-21,2024-01-21,2024-01-27,6,Suite,booking.com,31,0.6368347958641414,6,1,1,379.225205604347
2023-11-01,2023-12-10,2023-12-12,2,Suite,booking.com,39,0.7706290990823966,6,1,12,322.6823239873896
2023-12-10,2024-02-22,2024-02-27,5,Deluxe,airbnb,74,0.501637218894884,3,0,2,139.03632006547937
2024-08-11,2024-08-12,2024-08-16,4,Deluxe,booking.com,1,0.9399554471154006,0,0,8,215.22358895747092
2023-03-29,2023-06-16,2023-06-21,5,Suite,booking.com,79,0.5318479416617139,4,0,6,319.8333113054002
2023-12-31,2024-02-21,2024-02-25,4,Suite,expedia,52,0.835517116097996,2,0,2,224.28143510712025
2024-11-01,2025-01-05,2025-01-13,8,Standard,booking.com,65,0.7444059635377904,6,1,1,121.95759382240772
2024-01-20,2024-03-04,2024-03-12,8,Deluxe,airbnb,44,0.7586596683271767,0,0,3,150.56610136638156
2023-07-02,2023-09-13,2023-09-17,4,Deluxe,expedia,73,0.6320103308401864,2,0,9,127.46432370310477
2024-09-01,2024-11-11,2024-11-14,3,Standard,booking.com,71,0.686232797503967,0,0,11,87.24743742363977
2024-05-12,2024-06-18,2024-06-27,9,Deluxe,airbnb,37,0.8711784262686618,1,0,6,184.68016793135806
2023-10-12,2023-12-12,2023-12-20,8,Deluxe,airbnb,61,0.8092971855122686,1,0,12,144.478654274911
2024-01-28,2024-04-17,2024-04-23,6,Suite,booking.com,80,0.7319331085223939,2,0,4,174.82233067121226
2024-04-02,2024-04-27,2024-05-03,6,Deluxe,airbnb,25,0.6412560010016053,5,1,4,204.06948237321063
2024-03-31,2024-05-20,2024-05-21,1,Suite,expedia,50,0.8227788000259745,0,0,5,194.27444385176852
2023-11-30,2023-12-09,2023-12-13,4,Suite,direct,9,0.7209709328767888,5,1,12,396.96695963145646
2024-01-13,2024-02-05,2024-02-09,4,Suite,expedia,23,0.6932778565125541,0,0,2,314.93475141347335
2024-01-17,2024-02-17,2024-02-24,7,Suite,booking.com,31,0.8478158783307516,5,1,2,326.7685952152861
2023-08-07,2023-08-08,2023-08-13,5,Standard,direct,1,0.6246180538525872,1,0,8,175.70796711210198
2023-06-23,2023-07-11,2023-07-20,9,Suite,expedia,18,0.9165805416929262,1,0,7,335.67414200908456
2024-05-26,2024-06-18,2024-06-22,4,Standard,direct,23,0.9320396362233876,1,0,6,134.43619359743155
2024-04-15,2024-07-01,2024-07-08,7,Standard,expedia,77,0.7406724487617042,0,0,7,114.07073087849729
2024-12-09,2025-02-18,2025-02-25,7,Standard,expedia,71,0.8846934739081455,1,0,2,88.81516642107941
2024-05-04,2024-06-15,2024-06-20,5,Suite,booking.com,42,0.823338200155454,5,1,6,377.71895683900203
2024-03-22,2024-06-07,2024-06-13,6,Suite,direct,77,0.5905775696357425,4,0,6,307.9456444732658
2024-04-25,2024-06-13,2024-06-15,2,Suite,airbnb,49,0.5184449934925672,3,0,6,401.91313736782604
2023-09-27,2023-10-21,2023-10-28,7,Suite,booking.com,24,0.7080378129118106,5,1,10,315.72693118028417
2024-03-20,2024-04-13,2024-04-21,8,Suite,direct,24,0.890872094043717,5,1,4,282.43202902481573
2023-06-24,2023-08-17,2023-08-22,5,Deluxe,expedia,54,0.5210664508485889,3,0,8,233.95177822972363
2024-11-26,2025-02-05,2025-02-08,3,Standard,direct,71,0.5963564238761231,2,0,2,111.42904300940465
2024-10-01,2024-11-07,2024-11-10,3,Suite,direct,37,0.5386205574514022,3,0,11,265.8407858916214
2024-03-27,2024-05-01,2024-05-05,4,Standard,airbnb,35,0.5438591811556712,2,0,5,122.01745363786297
2023-02-27,2023-03-30,2023-04-06,7,Standard,expedia,31,0.8760083817365517,3,0,3,88.62840694927888
2024-09-16,2024-12-08,2024-12-14,6,Deluxe,booking.com,83,0.7848086620085359,6,1,12,138.5205528796854
2024-12-22,2025-01-10,2025-01-12,2,Deluxe,airbnb,19,0.9300193421438729,4,0,1,173.1641208837015
2023-10-03,2023-12-14,2023-12-21,7,Standard,direct,72,0.9403193744189711,3,0,12,78.10256152352422
2024-05-11,2024-07-11,2024-07-18,7,Suite,airbnb,61,0.6975516500206543,3,0,7,318.0756960429796
2023-04-22,2023-06-09,2023-06-13,4,Deluxe,booking.com,48,0.7501528039362483,4,0,6,209.08401026733657
2024-05-15,2024-05-23,2024-06-01,9,Deluxe,airbnb,8,0.947361912692143,3,0,5,145.45227075523263
2023-01-10,2023-03-30,2023-04-07,8,Deluxe,airbnb,79,0.6447253629448209,3,0,3,120.75283816482667
2024-11-25,2025-02-06,2025-02-14,8,Deluxe,booking.com,73,0.8660204267847921,3,0,2,120.0896170910518
2024-03-26,2024-06-07,2024-06-12,5,Standard,direct,73,0.5786792920858439,4,0,6,113.87716355101449
2023-06-19,2023-08-25,2023-09-02,8,Suite,booking.com,67,0.5197554415873725,4,0,8,357.3532617726198
2023-11-24,2024-01-19,2024-01-26,7,Deluxe,booking.com,56,0.6219297202292927,4,0,1,164.7533119884768
2024-06-22,2024-07-08,2024-07-09,1,Suite,airbnb,16,0.8713571822526907,0,0,7,363.32412102455606
2023-07-11,2023-08-21,2023-08-30,9,Standard,expedia,41,0.6468501543770505,0,0,8,147.2699617765854
2024-01-04,2024-02-26,2024-03-03,6,Standard,direct,53,0.5267161569038076,0,0,2,125.72350161623638
2023-04-27,2023-07-06,2023-07-13,7,Suite,direct,70,0.8134245618645395,3,0,7,243.43929273589404
2023-05-13,2023-06-05,2023-06-09,4,Deluxe,expedia,23,0.8659261782598222,0,0,6,178.9197804563858
2023-07-30,2023-08-01,2023-08-07,6,Standard,airbnb,2,0.7487584582176783,1,0,8,153.34341006540413
2024-11-26,2025-01-15,2025-01-22,7,Standard,direct,50,0.7438570172056752,2,0,1,98.0718132576209
2024-06-22,2024-08-12,2024-08-17,5,Suite,expedia,51,0.9302478812121655,0,0,8,263.09140240968577
2024-10-12,2024-12-23,2024-12-26,3,Standard,direct,72,0.7850394816834305,0,0,12,102.03260659239088
2024-07-12,2024-09-25,2024-10-01,6,Deluxe,airbnb,75,0.7604817418595593,2,0,9,104.33410748449235
2024-11-23,2025-02-17,2025-02-23,6,Standard,booking.com,86,0.6051220680522635,0,0,2,82.86423637057779
2024-10-14,2025-01-02,2025-01-05,3,Suite,airbnb,80,0.6421038053367552,3,0,1,229.82946445130744
2023-09-08,2023-09-22,2023-09-26,4,Standard,direct,14,0.5613674758237079,4,0,9,111.47823702699128
2024-10-08,2024-10-24,2024-10-29,5,Suite,direct,16,0.7501711905470015,3,0,10,273.4587311694595
2023-10-28,2023-10-30,2023-11-08,9,Deluxe,expedia,2,0.9453298930285605,0,0,10,142.34162405586758
2024-08-23,2024-10-02,2024-10-10,8,Suite,airbnb,40,0.6071225130393629,2,0,10,258.6586303669876
2023-05-17,2023-07-17,2023-07-23,6,Suite,airbnb,61,0.7876160025855605,0,0,7,310.6143437280174
2024-06-06,2024-07-04,2024-07-07,3,Suite,expedia,28,0.7780824673831435,3,0,7,358.37100469126597
2023-01-23,2023-01-31,2023-02-05,5,Deluxe,direct,8,0.8183876741308893,1,0,1,196.5714064994687
2024-06-02,2024-08-27,2024-09-02,6,Deluxe,booking.com,86,0.8225698661592559,1,0,8,123.70430348321744
2024-09-12,2024-12-06,2024-12-13,7,Standard,direct,85,0.698772410577476,4,0,12,76.52702565191052
2023-06-10,2023-06-18,2023-06-24,6,Standard,expedia,8,0.7927471581000004,6,1,6,185.7056620325772
2023-04-29,2023-07-03,2023-07-10,7,Standard,booking.com,65,0.8067282552609658,0,0,7,120.48115231588525
2024-12-29,2025-02-27,2025-03-04,5,Standard,airbnb,60,0.71515215536017,3,0,2,121.26551839100118
2023-01-11,2023-02-26,2023-03-02,4,Standard,booking.com,46,0.8215701313795398,6,1,2,106.58170686171243
2024-03-14,2024-05-09,2024-05-18,9,Deluxe,direct,56,0.7765491816189213,3,0,5,109.85844105455747
2024-03-24,2024-06-12,2024-06-14,2,Suite,airbnb,80,0.7679363780473061,2,0,6,261.78704322758045
2024-11-05,2024-12-02,2024-12-03,1,Standard,booking.com,27,0.8004257021617802,0,0,12,142.0484056951544
2024-04-15,2024-06-09,2024-06-14,5,Suite,booking.com,55,0.8215823593169002,6,1,6,368.9665602523591
2023-02-14,2023-02-18,2023-02-26,8,Deluxe,expedia,4,0.7702742037770495,5,1,2,236.14386272092904
2023-01-22,2023-01-29,2023-01-31,2,Deluxe,expedia,7,0.9378122876742789,6,1,1,217.528475882464
2024-10-04,2024-10-19,2024-10-23,4,Deluxe,booking.com,15,0.8736549301598078,5,1,10,186.5332574022703
2023-01-05,2023-02-21,2023-02-25,4,Standard,expedia,47,0.8458596539977968,1,0,2,93.92076795319588
2023-07-01,2023-09-19,2023-09-27,8,Standard,airbnb,80,0.8434260317026239,1,0,9,71.17431671198018
2023-05-12,2023-07-23,2023-07-24,1,Deluxe,airbnb,72,0.7858795739144981,6,1,7,175.14037551759225
2024-09-20,2024-10-16,2024-10-21,5,Standard,airbnb,26,0.883567462783639,2,0,10,83.56987067235923
2024-06-30,2024-07-03,2024-07-04,1,Suite,booking.com,3,0.5385007979324657,2,0,7,500.34431991729184
2023-03-07,2023-05-09,2023-05-11,2,Suite,direct,63,0.5067402779636333,1,0,5,249.28379359597596
2024-06-23,2024-08-29,2024-09-05,7,Suite,direct,67,0.7616660165381106,3,0,8,289.8369223218522
2024-02-14,2024-02-27,2024-03-03,5,Standard,direct,13,0.6198399845816097,1,0,2,172.10333604804632
2023-01-07,2023-01-20,2023-01-28,8,Deluxe,airbnb,13,0.6788982285830882,4,0,1,210.2867266348807
2024-12-24,2025-01-29,2025-02-07,9,Standard,expedia,36,0.9101883518847464,2,0,1,89.73388013042363
2023-03-26,2023-06-21,2023-06-30,9,Standard,airbnb,87,0.9423298381682428,2,0,6,90.5458767028076
2024-01-31,2024-03-03,2024-03-04,1,Suite,expedia,32,0.8443161994075183,6,1,3,267.74041092715794
2023-11-09,2023-12-28,2024-01-02,5,Suite,booking.com,49,0.7667526148704811,3,0,12,266.5729179741243
2024-02-06,2024-03-28,2024-03-31,3,Suite,expedia,51,0.942009802413583,3,0,3,170.8197784117449
2024-10-04,2024-11-10,2024-11-11,1,Deluxe,expedia,37,0.9304351545503258,6,1,11,156.37837978314008
2024-06-12,2024-06-27,2024-06-28,1,Standard,direct,15,0.657352912132185,3,0,6,164.0690240715165
2024-11-07,2025-01-01,2025-01-09,8,Deluxe,direct,55,0.9400245563239025,2,0,1,126.74960516036009
2023-07-05,2023-09-25,2023-09-30,5,Deluxe,direct,82,0.6641289751395913,0,0,9,99.62281735530192
2024-03-18,2024-05-13,2024-05-15,2,Deluxe,booking.com,56,0.7219559438721781,0,0,5,133.62174202998494
2024-12-28,2025-03-14,2025-03-20,6,Suite,direct,76,0.5013705423631624,4,0,3,207.83607200366444
2024-09-04,2024-11-14,2024-11-18,4,Standard,expedia,71,0.5607234417026348,3,0,11,83.54048919731888
2024-09-25,2024-12-15,2024-12-22,7,Suite,airbnb,81,0.823767688410286,6,1,12,238.6190123664573
2024-03-03,2024-04-08,2024-04-12,4,Suite,direct,36,0.5713600373439834,0,0,4,246.84397213118598
2023-07-20,2023-08-28,2023-09-06,9,Suite,booking.com,39,0.5180771605061731,0,0,8,426.5140810209831
2023-02-26,2023-03-18,2023-03-23,5,Suite,airbnb,20,0.74604941688671,5,1,3,302.6014711721952
2024-06-06,2024-06-13,2024-06-22,9,Deluxe,expedia,7,0.5346670848325116,3,0,6,288.03423685711925
2023-09-15,2023-09-29,2023-10-06,7,Standard,direct,14,0.5697599648106411,4,0,9,121.55033146976709
2023-05-22,2023-07-27,2023-07-28,1,Suite,airbnb,66,0.7578471953063978,3,0,7,285.52626350481813
2024-04-30,2024-06-06,2024-06-10,4,Standard,booking.com,37,0.7969221683250591,3,0,6,137.05233952477428
2024-06-01,2024-07-13,2024-07-15,2,Deluxe,booking.com,42,0.6216255040679148,5,1,7,268.05826973678387
2024-01-30,2024-04-15,2024-04-23,8,Suite,booking.com,76,0.736301011355155,0,0,4,183.1036427076667
2023-01-29,2023-03-04,2023-03-08,4,Standard,direct,34,0.6620949260665496,5,1,3,111.45661568917559
2024-12-12,2025-02-20,2025-02-26,6,Suite,direct,70,0.6551212295907215,3,0,2,247.1275974206419
2024-05-25,2024-06-10,2024-06-18,8,Deluxe,expedia,16,0.5564335774414241,0,0,6,273.72987104147376
2024-04-20,2024-05-16,2024-05-24,8,Suite,airbnb,26,0.5254039983065127,3,0,5,287.2067440516807
2024-06-14,2024-06-16,2024-06-20,4,Standard,airbnb,2,0.687103125896288,6,1,6,222.07416031267923
2024-03-31,2024-06-16,2024-06-20,4,Deluxe,direct,77,0.7101815849647571,6,1,6,184.30019906514207
2024-04-26,2024-06-11,2024-06-19,8,Suite,direct,46,0.91222420611372,1,0,6,306.7504929850367
2024-09-22,2024-11-14,2024-11-18,4,Deluxe,booking.com,53,0.789575631181741,3,0,11,105.78691142604428
2024-07-05,2024-08-02,2024-08-06,4,Suite,direct,28,0.5228190926975984,4,0,8,431.247353025621
2024-02-10,2024-03-04,2024-03-08,4,Deluxe,direct,23,0.8172638724016353,0,0,3,144.45880617641177
2023-09-18,2023-12-15,2023-12-19,4,Deluxe,expedia,88,0.8850992627217213,4,0,12,122.25371177547805
2023-06-13,2023-07-05,2023-07-07,2,Standard,airbnb,22,0.6301384424789198,2,0,7,166.3182754594382
2023-03-30,2023-04-27,2023-05-04,7,Deluxe,expedia,28,0.7424704275575948,3,0,4,142.7270394832508
2023-11-13,2023-12-22,2023-12-31,9,Suite,booking.com,39,0.7561246244024206,4,0,12,271.2226222072659
2024-11-16,2025-01-27,2025-02-05,9,Standard,airbnb,72,0.8674171893620889,0,0,1,67.7992462905536
2023-09-22,2023-10-08,2023-10-16,8,Standard,airbnb,16,0.5062742865504816,6,1,10,151.01750120477203
2023-11-23,2023-12-19,2023-12-24,5,Suite,expedia,26,0.7709130170080838,1,0,12,307.2707992840213
2023-11-04,2023-12-28,2024-01-06,9,Suite,direct,54,0.896763797056477,3,0,12,235.96331705511793
2024-12-13,2025-02-02,2025-02-05,3,Suite,direct,51,0.7586714334639957,6,1,2,313.73678245986747
2024-10-05,2024-12-25,2024-12-26,1,Deluxe,direct,81,0.9066626208458395,2,0,12,127.88218997153534
2024-05-11,2024-05-25,2024-06-02,8,Deluxe,expedia,14,0.5496970051462279,5,1,5,240.66601741349785
2023-05-18,2023-06-14,2023-06-15,1,Deluxe,booking.com,27,0.5570751319584956,2,0,6,260.82527191386833
2024-09-09,2024-09-24,2024-09-27,3,Suite,expedia,15,0.6799523387715122,1,0,9,276.82735588379154
2024-06-18,2024-08-09,2024-08-13,4,Standard,expedia,52,0.6651685290017582,4,0,8,136.91879031973198
2024-09-24,2024-12-18,2024-12-25,7,Suite,airbnb,85,0.5286007658242099,2,0,12,236.29948966983915
2024-06-21,2024-08-28,2024-09-05,8,Standard,direct,68,0.5277387918944699,2,0,8,143.65486151920737
2023-05-30,2023-06-03,2023-06-12,9,Suite,expedia,4,0.635054868273089,5,1,6,565.943003538032
2024-09-13,2024-11-06,2024-11-11,5,Suite,direct,54,0.784937169091795,2,0,11,211.04955715996627
2023-11-12,2024-01-10,2024-01-11,1,Suite,booking.com,59,0.7963794698974682,2,0,1,220.21612863438335
2023-03-02,2023-03-14,2023-03-17,3,Deluxe,expedia,12,0.6807240761245064,1,0,3,153.55539729687627
2024-10-01,2024-12-22,2024-12-26,4,Deluxe,direct,82,0.9449472089753639,6,1,12,124.30060225225468
2023-10-27,2024-01-17,2024-01-26,9,Deluxe,booking.com,82,0.717440052460223,2,0,1,107.65504727719998
2024-12-21,2025-01-15,2025-01-18,3,Suite,airbnb,25,0.857489784631264,2,0,1,285.8041662330224
2023-10-20,2023-12-22,2023-12-25,3,Standard,direct,63,0.5201123882318596,4,0,12,120.85918290984128
2024-12-10,2025-01-06,2025-01-12,6,Standard,direct,27,0.8561308236293148,0,0,1,110.63504905506012
2024-08-30,2024-10-22,2024-10-28,6,Suite,airbnb,53,0.608583961949871,1,0,10,253.78917706757807
2024-05-10,2024-06-25,2024-07-02,7,Deluxe,direct,46,0.8365869207937162,1,0,6,187.6676974034038
2024-04-02,2024-04-20,2024-04-26,6,Suite,booking.com,18,0.778307087875076,5,1,4,312.4511382569163
2024-10-07,2024-12-11,2024-12-19,8,Deluxe,airbnb,65,0.6054476743313614,2,0,12,150.84169670236318
2023-01-12,2023-01-15,2023-01-21,6,Deluxe,direct,3,0.722237423769958,6,1,1,246.04448128191098
2023-06-25,2023-08-31,2023-09-03,3,Standard,airbnb,67,0.9122278893663651,3,0,8,106.1563717370381
2024-03-30,2024-05-20,2024-05-27,7,Suite,booking.com,51,0.9117451408584952,0,0,5,182.40739562108706
2023-04-19,2023-05-08,2023-05-15,7,Suite,airbnb,19,0.8418733167056738,0,0,5,231.91231150877647
2024-12-13,2025-01-08,2025-01-09,1,Suite,airbnb,26,0.5912889818685996,2,0,1,340.4689367939016
2023-07-04,2023-08-11,2023-08-16,5,Deluxe,booking.com,38,0.9404750267346855,4,0,8,174.4094536933817
2023-08-15,2023-10-23,2023-11-01,9,Suite,booking.com,69,0.8529584323932005,0,0,10,190.47354850703164
2024-08-25,2024-10-12,2024-10-21,9,Standard,expedia,48,0.880035443858155,5,1,10,78.70930233508042
2024-06-23,2024-07-05,2024-07-07,2,Suite,direct,12,0.7286806563371333,4,0,7,412.69342227930724
2024-03-29,2024-04-23,2024-04-29,6,Standard,expedia,25,0.9341568446925175,1,0,4,99.7559805143438
2023-07-03,2023-09-02,2023-09-07,5,Suite,direct,61,0.6978347077493711,5,1,9,247.56626190407832
2023-08-28,2023-09-20,2023-09-27,7,Deluxe,direct,23,0.7182729967619252,2,0,9,148.8451916491042
2023-12-15,2024-02-11,2024-02-20,9,Standard,airbnb,58,0.7786045383619224,6,1,2,112.358246808343
2023-09-01,2023-10-29,2023-11-05,7,Deluxe,direct,58,0.7255331279751263,6,1,10,172.085365458572
2024-04-05,2024-06-06,2024-06-12,6,Suite,airbnb,62,0.5180758199778724,3,0,6,350.9864119025876
2024-11-28,2025-02-18,2025-02-21,3,Standard,expedia,82,0.8937341724200867,1,0,2,76.24740494123323
2024-10-31,2024-12-29,2024-12-31,2,Standard,airbnb,59,0.9358475239073168,6,1,12,89.54928724451587
2023-04-02,2023-05-18,2023-05-27,9,Standard,expedia,46,0.9418974783342502,3,0,5,72.2773804136782
2024-02-13,2024-04-13,2024-04-16,3,Deluxe,airbnb,60,0.765664338279713,5,1,4,155.0645815826766
2023-02-08,2023-04-06,2023-04-13,7,Standard,booking.com,57,0.8707654487222299,3,0,4,85.2247739605989
2023-10-08,2023-10-27,2023-11-03,7,Suite,airbnb,19,0.6726464962814405,4,0,10,245.86112036876906
2023-02-15,2023-03-28,2023-04-03,6,Deluxe,direct,41,0.709595583412836,1,0,3,143.9581543956916
2024-05-31,2024-06-03,2024-06-12,9,Deluxe,booking.com,3,0.75896360005411,0,0,6,258.1535903060202
2024-10-30,2024-12-26,2024-12-31,5,Standard,expedia,57,0.5245666943304557,3,0,12,127.60625128728265
2023-07-16,2023-09-10,2023-09-11,1,Standard,airbnb,56,0.6658850463169619,6,1,9,105.58782523310245
2023-12-30,2024-01-10,2024-01-19,9,Standard,booking.com,11,0.5102715180173361,2,0,1,154.16235495484258
2023-04-23,2023-06-22,2023-06-27,5,Suite,direct,60,0.5804624938285109,3,0,6,359.53492190369246
2023-07-22,2023-09-09,2023-09-14,5,Standard,expedia,49,0.7293210122750842,5,1,9,99.58567857346199
2024-03-19,2024-05-20,2024-05-22,2,Suite,booking.com,62,0.5010927553019049,0,0,5,230.47354278310243
2024-06-06,2024-08-22,2024-08-29,7,Deluxe,booking.com,77,0.5367588239041358,3,0,8,181.4756034292595
2024-01-03,2024-02-25,2024-03-03,7,Suite,booking.com,53,0.8635586185873912,6,1,2,265.05827219735613
2024-10-02,2024-10-17,2024-10-26,9,Standard,airbnb,15,0.9214382411932509,3,0,10,73.12171906959844
2024-10-11,2024-10-19,2024-10-25,6,Suite,expedia,8,0.9346332247847888,5,1,10,266.31927880112977
2024-10-23,2024-11-26,2024-11-28,2,Standard,booking.com,34,0.5164927772581671,1,0,11,106.79178627898166
2023-11-17,2024-02-08,2024-02-16,8,Deluxe,direct,83,0.7237017871975683,3,0,2,127.35702547140595
2024-08-18,2024-09-07,2024-09-14,7,Deluxe,expedia,20,0.6682135305605814,5,1,9,209.9624440314145
2023-06-09,2023-06-26,2023-07-04,8,Suite,airbnb,17,0.8448677582682711,0,0,6,371.56578715149533
2023-04-20,2023-04-30,2023-05-03,3,Deluxe,airbnb,10,0.5000244984899747,6,1,4,249.22268711393718
2023-03-07,2023-03-27,2023-03-30,3,Standard,booking.com,20,0.6233062973251075,0,0,3,133.82470369367348
2023-12-28,2024-01-11,2024-01-16,5,Suite,booking.com,14,0.881242974104674,3,0,1,293.3782223713027
2023-02-22,2023-05-04,2023-05-12,8,Standard,airbnb,71,0.9485421229789361,3,0,5,77.38127419145403
2024-04-21,2024-04-24,2024-04-30,6,Deluxe,direct,3,0.7802894024457951,2,0,4,165.30834853022634
2023-03-24,2023-06-20,2023-06-25,5,Suite,airbnb,88,0.8842193963608262,1,0,6,215.7491877064015
2023-05-27,2023-08-19,2023-08-25,6,Deluxe,expedia,84,0.5245562034684826,5,1,8,216.9449034949707
2023-04-06,2023-05-27,2023-06-02,6,Deluxe,airbnb,51,0.5370118766029235,5,1,5,185.29517183663287
2023-09-10,2023-11-28,2023-12-02,4,Suite,airbnb,79,0.7225226478786924,1,0,11,174.84339104301517
2024-02-26,2024-03-15,2024-03-22,7,Standard,direct,18,0.808414060859696,4,0,3,100.0140378477475
2023-05-12,2023-05-25,2023-05-31,6,Suite,direct,13,0.7288489501089385,3,0,5,267.88822578136035
2023-12-05,2024-01-09,2024-01-16,7,Standard,airbnb,35,0.5741631956873626,1,0,1,125.46972758443786
2024-03-28,2024-05-10,2024-05-19,9,Suite,airbnb,43,0.8943927940323884,4,0,5,183.32973528709164
2024-12-04,2025-02-23,2025-03-04,9,Deluxe,booking.com,81,0.7512574800331658,6,1,2,164.81903269170522
2023-08-05,2023-09-23,2023-09-25,2,Deluxe,airbnb,49,0.8119360367600374,5,1,9,145.7399364308188
2023-01-04,2023-03-10,2023-03-12,2,Deluxe,booking.com,65,0.559041803227763,4,0,3,131.03378558458087
2024-11-01,2024-11-29,2024-12-03,4,Suite,booking.com,28,0.772095179237781,4,0,11,227.57432907087232
2023-07-28,2023-08-14,2023-08-19,5,Suite,expedia,17,0.9206407610078189,0,0,8,338.3068319274304
2023-02-17,2023-03-22,2023-03-31,9,Suite,expedia,33,0.8870221147342374,2,0,3,217.49759153179625
2024-08-31,2024-09-06,2024-09-15,9,Suite,airbnb,6,0.7610480772780853,4,0,9,271.2687834809926
2024-10-20,2024-11-27,2024-12-03,6,Suite,direct,38,0.5659271027252469,2,0,11,267.6013334269265
2023-03-27,2023-06-20,2023-06-26,6,Suite,booking.com,85,0.7335261864728456,1,0,6,261.31278772935855
2023-04-09,2023-05-18,2023-05-20,2,Standard,direct,39,0.6842918703356426,3,0,5,109.44470654386697
2024-11-08,2024-12-26,2024-12-31,5,Deluxe,airbnb,48,0.7951863542347841,3,0,12,161.36819867190044
2024-02-25,2024-05-21,2024-05-28,7,Standard,booking.com,86,0.7407014773994973,1,0,5,72.38467124086239
2023-05-17,2023-07-04,2023-07-07,3,Suite,booking.com,48,0.6286851961286843,1,0,7,353.9985827373444
2024-07-05,2024-07-29,2024-08-04,6,Standard,airbnb,24,0.5538829957588761,0,0,7,164.86027137301218
2024-11-16,2025-02-04,2025-02-12,8,Standard,expedia,80,0.8098610607078032,1,0,2,76.09346841951084
2023-12-30,2024-01-02,2024-01-09,7,Standard,airbnb,3,0.7430674507760371,1,0,1,137.43452506942515
2024-11-21,2024-12-17,2024-12-21,4,Deluxe,airbnb,26,0.8236427298101526,1,0,12,176.4507324320523
2024-08-16,2024-09-30,2024-10-01,1,Standard,booking.com,45,0.6252675093602726,0,0,9,94.30064512977692
2023-12-27,2024-02-18,2024-02-27,9,Standard,airbnb,53,0.9018815336158317,6,1,2,109.14884294490166
2024-06-11,2024-08-17,2024-08-18,1,Suite,direct,67,0.8241296375323912,5,1,8,315.775652435514
2023-02-06,2023-04-15,2023-04-23,8,Suite,direct,68,0.9385748289649265,5,1,4,183.71079094046652
2023-12-05,2023-12-24,2024-01-01,8,Standard,airbnb,19,0.8595097913065497,6,1,12,135.31628145625723
2024-11-09,2025-01-19,2025-01-26,7,Suite,direct,71,0.7519008984926059,6,1,1,269.30984807720534
2024-02-15,2024-05-12,2024-05-17,5,Suite,booking.com,87,0.9299738282020739,6,1,5,153.49431841548764
2023-07-06,2023-07-15,2023-07-20,5,Suite,direct,9,0.9326959031183295,5,1,7,413.31632383187997
2024-11-30,2025-02-22,2025-03-01,7,Deluxe,expedia,84,0.799193064141382,5,1,2,155.2861184486228
2024-03-06,2024-03-21,2024-03-30,9,Deluxe,airbnb,15,0.7479386151897001,3,0,3,184.0552583174337
2024-08-24,2024-10-26,2024-11-02,7,Standard,booking.com,63,0.8658192693447079,5,1,10,78.20178883902165
2024-09-17,2024-09-24,2024-09-28,4,Suite,booking.com,7,0.7718062484186026,1,0,9,253.49911111853288
2024-03-07,2024-05-31,2024-06-05,5,Deluxe,airbnb,85,0.5843844612537108,4,0,5,92.73698620551578
2024-06-06,2024-08-08,2024-08-12,4,Suite,direct,63,0.5950857620945313,3,0,8,335.15556083679473
2023-06-01,2023-06-24,2023-07-03,9,Standard,direct,23,0.5245639839213364,5,1,6,234.48644697640518
2024-05-03,2024-05-11,2024-05-12,1,Deluxe,expedia,8,0.8084401162198289,5,1,5,195.1550549044461
2024-02-01,2024-04-06,2024-04-12,6,Deluxe,booking.com,65,0.5442177753354168,5,1,4,143.78933502567514
2024-05-23,2024-08-10,2024-08-19,9,Deluxe,airbnb,79,0.5223897107416653,5,1,8,221.31350327901438
2023-05-26,2023-06-29,2023-07-06,7,Standard,expedia,34,0.7039197198351668,3,0,6,139.36694105073434
2023-03-09,2023-05-02,2023-05-07,5,Standard,airbnb,54,0.5807408996006493,1,0,5,106.62082655061683
2023-08-09,2023-10-25,2023-10-27,2,Deluxe,direct,77,0.6976641687698255,2,0,10,120.7866809994692
2023-01-04,2023-01-09,2023-01-10,1,Deluxe,airbnb,5,0.8815057617077269,0,0,1,173.41879156165305
2024-12-28,2025-01-19,2025-01-26,7,Deluxe,booking.com,22,0.691256756947844,6,1,1,221.71273921618965
2024-09-07,2024-09-19,2024-09-23,4,Suite,expedia,12,0.7231930130894609,3,0,9,297.6425892556045
2023-03-24,2023-03-28,2023-04-02,5,Standard,booking.com,4,0.8854207961295462,1,0,3,105.07727846308201
2024-01-20,2024-02-27,2024-02-28,1,Deluxe,expedia,38,0.7032120769171728,1,0,2,173.36210195070913
2023-07-06,2023-07-26,2023-07-29,3,Standard,expedia,20,0.5953807285838993,2,0,7,175.89227088056347
2023-03-15,2023-05-11,2023-05-13,2,Suite,airbnb,57,0.7443218119083357,3,0,5,202.93432458352834
2023-06-15,2023-08-27,2023-08-30,3,Suite,booking.com,73,0.6500612134093018,6,1,8,373.7214133190723
2024-05-29,2024-07-28,2024-07-29,1,Standard,direct,60,0.515628632686604,6,1,7,159.48833512588277
2024-12-16,2025-01-25,2025-01-28,3,Deluxe,airbnb,40,0.6083654037596486,5,1,1,220.58262903591395
2023-11-19,2024-01-12,2024-01-17,5,Standard,expedia,54,0.9450817350360425,4,0,1,72.82051195105758
2023-03-01,2023-05-12,2023-05-15,3,Suite,airbnb,72,0.600110900633793,4,0,5,198.18620554037236
2024-02-27,2024-04-14,2024-04-16,2,Deluxe,expedia,47,0.6799027045658532,6,1,4,174.50890819523707
2024-03-26,2024-05-03,2024-05-04,1,Deluxe,airbnb,38,0.7960277779131545,4,0,5,123.22405590025663
2023-03-05,2023-04-17,2023-04-26,9,Standard,booking.com,43,0.732204797010309,0,0,4,86.25309064182332
2024-06-23,2024-07-14,2024-07-21,7,Deluxe,direct,21,0.7718198771033578,6,1,7,271.8291593737171
2023-04-08,2023-04-19,2023-04-22,3,Standard,airbnb,11,0.6702597857368562,2,0,4,107.68646210897818
2024-06-19,2024-08-09,2024-08-13,4,Standard,expedia,51,0.7716923960573849,4,0,8,116.3616473753774
2023-09-07,2023-10-04,2023-10-11,7,Standard,booking.com,27,0.502599302003298,2,0,10,142.99830796612625
2024-03-04,2024-04-08,2024-04-10,2,Deluxe,booking.com,35,0.509759928221252,0,0,4,157.7811270620303
2023-03-06,2023-04-19,2023-04-20,1,Deluxe,expedia,44,0.9473995141333833,2,0,4,97.47467761358556
2023-03-26,2023-06-12,2023-06-14,2,Deluxe,expedia,78,0.7116304674407194,0,0,6,173.72484508956552
2023-07-03,2023-09-25,2023-09-30,5,Suite,airbnb,84,0.5184139338432904,0,0,9,190.12262984576515
2024-09-25,2024-10-10,2024-10-13,3,Standard,direct,15,0.748012849644157,3,0,10,108.24945587628659
2023-06-15,2023-08-28,2023-08-29,1,Suite,airbnb,74,0.5460967595003904,0,0,8,319.1747490908472
2023-09-07,2023-10-31,2023-11-05,5,Suite,airbnb,54,0.7917255738398852,1,0,10,205.2310516912997
2024-12-14,2025-02-05,2025-02-11,6,Standard,booking.com,53,0.6616058095017702,2,0,2,129.78841301507023
2024-09-08,2024-11-06,2024-11-09,3,Suite,airbnb,59,0.8673515842297955,2,0,11,191.9808742916097
2023-01-18,2023-04-12,2023-04-13,1,Deluxe,booking.com,84,0.7707689393951465,2,0,4,98.19585384436854
2023-10-19,2023-10-31,2023-11-01,1,Standard,direct,12,0.8554777819446577,1,0,10,80.44862372396443
2023-11-04,2023-11-10,2023-11-18,8,Deluxe,booking.com,6,0.8798057563645425,4,0,11,156.60104745784147
2023-09-18,2023-10-04,2023-10-10,6,Standard,expedia,16,0.6555477974239435,2,0,10,110.38458934734172
2024-09-06,2024-10-11,2024-10-18,7,Deluxe,airbnb,35,0.6728436071154016,4,0,10,154.056284511824
2023-02-16,2023-03-22,2023-03-25,3,Suite,airbnb,34,0.510878970481317,2,0,3,274.32567191738696
2023-02-11,2023-05-04,2023-05-08,4,Suite,booking.com,82,0.8206850153553704,3,0,5,161.40302850201732
2024-07-02,2024-09-06,2024-09-07,1,Deluxe,airbnb,66,0.5124785042243087,4,0,9,149.52649361114797
2023-05-06,2023-07-29,2023-08-02,4,Standard,expedia,84,0.9018861798136566,5,1,7,91.96994016894836
2023-03-13,2023-05-29,2023-06-06,8,Standard,expedia,77,0.6386328031085186,0,0,5,61.581517024655085
2024-10-01,2024-11-18,2024-11-22,4,Deluxe,direct,48,0.6536071389547122,0,0,11,143.40569985280138
2024-07-21,2024-08-02,2024-08-04,2,Suite,airbnb,12,0.6668131434355001,4,0,8,450.55099413662293
2023-07-18,2023-10-03,2023-10-10,7,Standard,booking.com,77,0.8503160330408037,1,0,10,68.02278516286141
2024-06-09,2024-08-04,2024-08-10,6,Suite,direct,56,0.5751065481105634,6,1,8,437.01564794579957
2024-01-06,2024-03-13,2024-03-15,2,Standard,direct,67,0.6429655343466169,2,0,3,65.94477711403577
2023-12-13,2024-01-27,2024-02-05,9,Suite,expedia,45,0.5451770832963627,5,1,1,371.5559253932456
2023-01-28,2023-04-06,2023-04-13,7,Suite,expedia,68,0.9435409187258303,3,0,4,162.68645837094385
2023-09-06,2023-11-14,2023-11-17,3,Standard,direct,69,0.8608083882871144,1,0,11,85.10604131319101
2023-07-15,2023-08-28,2023-09-06,9,Standard,booking.com,44,0.7988767899497728,0,0,8,133.86437584870697
2024-08-21,2024-09-07,2024-09-14,7,Suite,airbnb,17,0.6101305934171641,5,1,9,340.9815994600248
2024-07-21,2024-10-08,2024-10-14,6,Deluxe,expedia,79,0.5164764777723398,1,0,10,109.64403971325349
2023-10-07,2023-12-29,2024-01-02,4,Suite,booking.com,83,0.8085546580198015,4,0,12,180.35965381923978
2023-10-15,2023-12-03,2023-12-04,1,Standard,airbnb,49,0.5355606138009453,6,1,12,125.99955153645516
2024-10-20,2024-12-05,2024-12-10,5,Deluxe,booking.com,46,0.9004429587649988,3,0,12,150.0227999502673
2023-08-31,2023-09-18,2023-09-22,4,Suite,airbnb,18,0.7386518026104167,0,0,9,266.481720391887
2023-09-11,2023-09-20,2023-09-22,2,Deluxe,direct,9,0.6282771111668085,2,0,9,167.07557860766457
2024-09-02,2024-10-11,2024-10-13,2,Deluxe,direct,39,0.5776364469400386,4,0,10,174.10329913738144
2024-05-13,2024-08-01,2024-08-07,6,Standard,booking.com,80,0.8894585691811845,3,0,8,93.17942159798316
2023-07-17,2023-08-02,2023-08-06,4,Suite,booking.com,16,0.7335885534279976,2,0,8,385.85203954123
2023-08-22,2023-09-12,2023-09-19,7,Deluxe,booking.com,21,0.7988489889534656,1,0,9,155.7485078959599
2023-01-19,2023-02-19,2023-02-28,9,Suite,booking.com,31,0.6569992461786458,6,1,2,371.1208117405439
2023-02-14,2023-02-18,2023-02-22,4,Deluxe,direct,4,0.6673984438257715,5,1,2,259.57814222005265
2024-08-08,2024-09-07,2024-09-15,8,Suite,expedia,30,0.8111072740527873,5,1,9,280.5203818412564
2024-12-29,2025-03-04,2025-03-12,8,Standard,direct,65,0.8146966946166228,1,0,3,67.31750015096547
2024-05-06,2024-06-07,2024-06-11,4,Deluxe,direct,32,0.524891112965287,4,0,6,242.91799365556375
2023-04-09,2023-06-08,2023-06-15,7,Standard,airbnb,60,0.8447945458486674,3,0,6,113.98884959315505
2023-10-23,2024-01-09,2024-01-12,3,Suite,booking.com,78,0.7645621264490066,1,0,1,209.22028807259645
2024-05-13,2024-06-19,2024-06-24,5,Suite,airbnb,37,0.8143667205423122,2,0,6,333.5273747388278
2023-07-17,2023-09-24,2023-09-27,3,Standard,airbnb,69,0.8087296453000666,6,1,9,88.43858530260181
2023-09-13,2023-12-01,2023-12-08,7,Suite,booking.com,79,0.8446285468008309,4,0,12,184.20088719656488
2023-09-15,2023-12-03,2023-12-05,2,Standard,booking.com,79,0.8645124477733523,6,1,12,93.76919216132939
2024-04-01,2024-04-30,2024-05-03,3,Standard,airbnb,29,0.9383917873778298,1,0,4,81.07278288643178
2023-05-21,2023-06-29,2023-07-08,9,Standard,booking.com,39,0.7115321467861029,3,0,6,171.75645891866182
2024-04-20,2024-06-07,2024-06-15,8,Deluxe,airbnb,48,0.6172664435716241,4,0,6,195.16489726576975
2024-11-14,2025-01-25,2025-01-29,4,Standard,booking.com,72,0.9234826158214036,5,1,1,89.63171190193907
2023-07-28,2023-08-19,2023-08-22,3,Suite,booking.com,22,0.8698395552153699,5,1,8,403.2411077851496
2023-05-27,2023-07-01,2023-07-09,8,Standard,airbnb,35,0.676179058457388,5,1,7,173.04252992661813
2023-03-22,2023-04-01,2023-04-06,5,Suite,booking.com,10,0.7964640116292769,5,1,4,318.5627280356518
2024-05-17,2024-07-08,2024-07-15,7,Suite,booking.com,52,0.5557658263269759,0,0,7,364.5054259221146
2023-12-10,2024-01-21,2024-01-23,2,Deluxe,expedia,42,0.7239199166543284,6,1,1,194.69008378737013
2024-01-09,2024-03-19,2024-03-22,3,Deluxe,direct,70,0.9472435737451745,1,0,3,100.15467037783823
2023-05-09,2023-06-03,2023-06-06,3,Suite,expedia,25,0.8711031251987044,5,1,6,409.79211566390194
2024-04-03,2024-05-27,2024-05-31,4,Suite,booking.com,54,0.7522829288222332,0,0,5,206.4310311274831
2024-03-10,2024-05-07,2024-05-11,4,Deluxe,booking.com,58,0.5436454919245718,1,0,5,125.06572213305775
2023-08-17,2023-09-02,2023-09-07,5,Suite,airbnb,16,0.8698900323507573,5,1,9,283.11312602613714
2023-01-15,2023-03-27,2023-04-04,8,Suite,booking.com,71,0.7733379535162415,0,0,3,162.48334771606403
2023-11-14,2024-02-05,2024-02-13,8,Deluxe,booking.com,83,0.7749117846801485,0,0,2,120.68730582623122
2024-06-27,2024-09-20,2024-09-26,6,Standard,expedia,85,0.7272336457821593,4,0,9,64.62201683127964
2024-04-23,2024-04-24,2024-04-25,1,Standard,direct,1,0.5698285240696924,2,0,4,132.0573431927712
2024-08-27,2024-11-17,2024-11-23,6,Standard,booking.com,82,0.8990219312943708,6,1,11,63.49541139564361
2023-09-21,2023-11-24,2023-12-02,8,Standard,direct,64,0.6181812606901884,4,0,11,68.7114898595407
2024-01-20,2024-04-06,2024-04-08,2,Deluxe,booking.com,77,0.6074532099973916,5,1,4,144.3358067237411
2023-04-20,2023-06-26,2023-06-29,3,Deluxe,direct,67,0.9300902810297806,0,0,6,151.5053660960135
2024-12-14,2025-03-01,2025-03-03,2,Suite,direct,77,0.7606251427724027,5,1,3,197.8261586610334
2024-11-12,2024-12-28,2025-01-02,5,Deluxe,airbnb,46,0.5136522868944237,5,1,12,231.43006239636307
2023-05-21,2023-07-10,2023-07-14,4,Standard,direct,50,0.5035948549427918,0,0,7,150.12697362140926
2023-06-13,2023-07-25,2023-07-31,6,Suite,airbnb,42,0.844983373378714,1,0,7,308.3048954985292
2024-02-25,2024-03-25,2024-03-29,4,Deluxe,direct,29,0.6058596249865507,0,0,3,168.19676487013749
2023-02-25,2023-04-01,2023-04-09,8,Standard,expedia,35,0.8331401327649214,5,1,4,109.18825166985597
2024-05-25,2024-06-20,2024-06-23,3,Deluxe,airbnb,26,0.6879362278457308,3,0,6,252.53593734349863
2024-10-27,2024-11-09,2024-11-10,1,Standard,airbnb,13,0.8293128122255644,5,1,11,111.92161402037313
2023-06-23,2023-08-02,2023-08-06,4,Deluxe,expedia,40,0.5764561813255771,2,0,8,237.25231196590127
2023-03-06,2023-05-06,2023-05-12,6,Standard,direct,61,0.6152270532680393,5,1,5,101.58625642702616
2023-09-12,2023-11-30,2023-12-04,4,Standard,expedia,79,0.5658025959602779,3,0,11,77.22074045874253
2024-07-25,2024-09-06,2024-09-12,6,Deluxe,expedia,43,0.7925144951072571,4,0,9,141.04146275010692
2024-11-15,2025-01-30,2025-02-08,9,Standard,expedia,76,0.5767592866120012,3,0,1,99.54822148211429
2024-07-02,2024-09-09,2024-09-11,2,Suite,expedia,69,0.7308882067586064,0,0,9,189.6457021412221
2024-10-15,2024-11-23,2024-12-02,9,Deluxe,airbnb,39,0.8837374089231975,5,1,11,161.5290141432151
2023-07-24,2023-08-15,2023-08-22,7,Standard,direct,22,0.8755901970652868,1,0,8,119.75488002637948
2023-03-30,2023-04-21,2023-04-22,1,Suite,direct,22,0.7333643919892423,4,0,4,258.3440134844964
2023-01-10,2023-02-01,2023-02-10,9,Deluxe,direct,22,0.6143043821202017,2,0,2,222.32964781687963
2023-01-19,2023-04-17,2023-04-25,8,Suite,booking.com,88,0.7819728287596047,0,0,4,158.17755963159232
2023-02-26,2023-05-25,2023-06-02,8,Suite,expedia,88,0.7776100564002428,3,0,5,163.83494140091014
2024-07-26,2024-08-10,2024-08-18,8,Standard,expedia,15,0.903085754910625,5,1,8,176.2038472010873
2024-06-28,2024-07-30,2024-08-02,3,Suite,expedia,32,0.6633764436136161,1,0,7,390.08122900693735
2023-12-09,2024-01-07,2024-01-12,5,Suite,direct,29,0.5844040032751728,6,1,1,398.9514263933167
2024-11-08,2025-01-31,2025-02-01,1,Suite,direct,84,0.6476425261498634,4,0,1,216.0829592933106
2024-03-29,2024-06-25,2024-07-02,7,Deluxe,direct,88,0.6630109499213449,1,0,6,157.29204678912043
2023-03-26,2023-05-17,2023-05-24,7,Deluxe,direct,52,0.7723441731498921,2,0,5,120.08997858744274
2023-02-08,2023-02-28,2023-03-07,7,Deluxe,airbnb,20,0.8016989452210728,1,0,2,178.67474474338076
2023-11-10,2024-01-26,2024-01-27,1,Standard,direct,77,0.649803989605671,4,0,1,69.6396389167057
2023-05-18,2023-06-08,2023-06-11,3,Deluxe,airbnb,21,0.7191458691539514,3,0,6,229.86337334892653
2024-03-31,2024-06-08,2024-06-16,8,Deluxe,direct,69,0.5844352857048587,5,1,6,220.62356501024894
2024-10-31,2024-11-27,2024-12-02,5,Suite,booking.com,27,0.935679621094945,2,0,11,187.58396217793668
2024-09-27,2024-10-20,2024-10-29,9,Deluxe,direct,23,0.9401411511347366,6,1,10,153.66186076519796
2024-06-17,2024-07-28,2024-08-01,4,Standard,booking.com,41,0.7396214133809415,6,1,7,155.54461086033248
2024-08-14,2024-08-31,2024-09-01,1,Suite,expedia,17,0.5979097532658796,5,1,8,547.2184275868558
2023-08-28,2023-09-16,2023-09-23,7,Suite,expedia,19,0.9369921289162387,5,1,9,255.0071824224143
2023-06-05,2023-08-11,2023-08-18,7,Standard,booking.com,67,0.6536423955966701,4,0,8,110.93826893547812
2024-10-25,2024-11-30,2024-12-07,7,Deluxe,direct,36,0.5926385063184318,5,1,11,190.33518438604887
2024-10-28,2025-01-02,2025-01-09,7,Deluxe,direct,66,0.5098629561990936,3,0,1,186.7441374299881
2024-02-09,2024-05-01,2024-05-05,4,Deluxe,booking.com,82,0.9001645775964529,2,0,5,88.30272216374176
2024-09-09,2024-09-22,2024-09-25,3,Deluxe,booking.com,13,0.5983189275959865,6,1,9,221.10981800976356
2024-12-18,2025-02-23,2025-02-28,5,Deluxe,booking.com,67,0.5684899610560775,6,1,2,206.0868871716695
2024-06-28,2024-07-24,2024-08-01,8,Suite,direct,26,0.7634977466809829,2,0,7,361.8394879107993
2024-02-11,2024-05-03,2024-05-12,9,Deluxe,airbnb,82,0.5242222700523548,4,0,5,120.68272875436777
2024-06-07,2024-09-01,2024-09-03,2,Deluxe,booking.com,86,0.5695405349419611,6,1,9,139.7022467043553
2023-08-03,2023-10-02,2023-10-04,2,Suite,airbnb,60,0.6424462549937459,0,0,10,222.26631210364792
2024-05-16,2024-07-27,2024-08-01,5,Suite,direct,72,0.5288814500361484,5,1,7,398.28480249227096
2024-01-07,2024-03-05,2024-03-08,3,Deluxe,booking.com,58,0.7213949655212095,1,0,3,115.03203145385459
2024-10-25,2024-11-08,2024-11-13,5,Suite,direct,14,0.5969467245086552,4,0,11,306.2438333354116
2024-06-30,2024-07-13,2024-07-17,4,Standard,direct,13,0.8705970483224856,5,1,7,190.47200480071425
2023-05-04,2023-07-31,2023-08-09,9,Deluxe,airbnb,88,0.8234930630925241,0,0,7,133.18333056259047
2024-02-07,2024-03-20,2024-03-23,3,Standard,expedia,42,0.7915928236327241,2,0,3,102.48021986622373
2024-06-30,2024-09-13,2024-09-16,3,Deluxe,direct,75,0.6815985768432683,4,0,9,125.32554589509081
2024-09-07,2024-11-05,2024-11-09,4,Suite,booking.com,59,0.5609059331494403,1,0,11,230.02248999067382
2024-05-02,2024-06-04,2024-06-05,1,Standard,expedia,33,0.5309104163816036,1,0,6,189.37273324399905
2024-09-25,2024-11-06,2024-11-15,9,Deluxe,expedia,42,0.8379482120678807,2,0,11,122.29823049995488
2024-08-10,2024-08-11,2024-08-16,5,Standard,direct,1,0.560549969580461,6,1,8,257.9784362631112
2023-11-06,2023-12-27,2023-12-29,2,Deluxe,direct,51,0.8722855039119249,2,0,12,129.0018858067837
2024-12-02,2024-12-15,2024-12-18,3,Standard,airbnb,13,0.5602120982938539,6,1,12,172.100801488528
2023-09-20,2023-10-31,2023-11-05,5,Suite,booking.com,41,0.8008204112198893,1,0,10,214.28528024152945
2024-12-25,2025-01-12,2025-01-13,1,Deluxe,booking.com,18,0.8999509374392296,6,1,1,216.08384462824546
2024-01-04,2024-03-08,2024-03-15,7,Suite,direct,64,0.8298435090464205,4,0,3,195.6606374516528
2024-08-06,2024-08-22,2024-08-26,4,Suite,expedia,16,0.6214206061101509,3,0,8,437.2208017197506
2024-01-16,2024-01-23,2024-01-29,6,Deluxe,airbnb,7,0.8445316134750844,1,0,1,197.07396016189833
2023-10-30,2023-12-14,2023-12-21,7,Standard,airbnb,45,0.868770648783721,3,0,12,87.75654718404336
2023-10-24,2024-01-04,2024-01-05,1,Suite,direct,72,0.5883741263729909,3,0,1,265.07316015119363
2024-07-26,2024-09-02,2024-09-03,1,Suite,airbnb,38,0.8545758237241261,0,0,9,214.2870809124172
2024-03-05,2024-05-14,2024-05-16,2,Deluxe,booking.com,70,0.646444607927328,1,0,5,118.62400932053349
2024-08-11,2024-10-01,2024-10-03,2,Standard,expedia,51,0.7437950753503475,1,0,10,62.85314355020731
2023-09-05,2023-12-02,2023-12-04,2,Deluxe,direct,88,0.7881821371117264,5,1,12,127.98375667358044
2024-10-30,2024-11-14,2024-11-16,2,Standard,direct,15,0.9432997766886881,3,0,11,89.8315804513368
2024-07-25,2024-10-09,2024-10-15,6,Deluxe,airbnb,76,0.6583380771722744,2,0,10,136.538740148683
2023-12-29,2024-02-19,2024-02-24,5,Standard,booking.com,52,0.8574470671360976,0,0,2,86.23206313621709
2023-12-30,2024-03-06,2024-03-13,7,Suite,direct,67,0.5279891925813112,2,0,3,218.16302091120963
2023-10-23,2023-11-23,2023-11-28,5,Suite,expedia,31,0.7361224799308224,3,0,11,240.65796136846342
2024-08-27,2024-09-07,2024-09-08,1,Standard,expedia,11,0.8827366707412726,5,1,9,112.88137726567706
2023-08-08,2023-09-15,2023-09-24,9,Suite,direct,38,0.8884982489466293,4,0,9,206.36819353393565
2023-03-05,2023-03-29,2023-04-03,5,Deluxe,airbnb,24,0.5950754393775564,2,0,3,171.31808966059376
2024-05-14,2024-07-30,2024-08-03,4,Deluxe,airbnb,77,0.6739005686544656,1,0,7,151.146042352646
2023-01-06,2023-01-21,2023-01-28,7,Standard,booking.com,15,0.8616322491893118,5,1,1,125.26052793629498
2023-01-24,2023-04-02,2023-04-06,4,Deluxe,expedia,68,0.6610843841432879,6,1,4,168.4276061804128
2023-09-12,2023-10-01,2023-10-03,2,Suite,direct,19,0.5114890497574427,6,1,10,387.1498046457093
2024-07-28,2024-10-03,2024-10-07,4,Standard,booking.com,67,0.7144541428606551,3,0,10,78.66685224499194
2024-09-20,2024-11-16,2024-11-23,7,Suite,booking.com,57,0.5483085114558852,5,1,11,288.39362159469596
2023-02-17,2023-04-01,2023-04-04,3,Deluxe,booking.com,43,0.8518804393851366,5,1,4,157.19746634432062
2024-08-03,2024-09-23,2024-09-30,7,Standard,expedia,51,0.5195205096732202,0,0,9,105.8224771800861
2023-10-30,2023-11-10,2023-11-12,2,Deluxe,direct,11,0.797956114991747,4,0,11,153.12238713105043
2024-06-18,2024-07-02,2024-07-06,4,Standard,expedia,14,0.6285389333458522,1,0,7,168.7104999400334
2023-12-02,2024-02-27,2024-03-06,8,Deluxe,expedia,87,0.6014448864992616,1,0,2,150.67132158622564
2024-02-05,2024-03-12,2024-03-20,8,Deluxe,booking.com,36,0.6918819452379834,1,0,3,140.0769805948818
2023-05-31,2023-06-05,2023-06-13,8,Suite,booking.com,5,0.5367371675936057,0,0,6,483.05961989721106
2023-01-24,2023-02-02,2023-02-04,2,Deluxe,expedia,9,0.916148260086394,3,0,2,174.5663853137121
2024-03-20,2024-06-14,2024-06-21,7,Standard,airbnb,86,0.5827721915528704,4,0,6,122.34885598900871
2024-01-14,2024-04-07,2024-04-12,5,Suite,airbnb,84,0.6286312411339754,6,1,4,209.76033072569584
2023-08-27,2023-09-23,2023-09-28,5,Standard,expedia,27,0.6950804912408184,5,1,9,117.30573533337292
2024-03-27,2024-05-01,2024-05-02,1,Deluxe,direct,35,0.7150997935592541,2,0,5,145.74702120412326
2023-01-27,2023-03-08,2023-03-17,9,Standard,airbnb,40,0.5843578843188023,2,0,3,121.8386405734899
2023-07-22,2023-10-13,2023-10-20,7,Deluxe,expedia,83,0.8846160029841164,4,0,10,92.71147742795023
2024-09-04,2024-10-13,2024-10-19,6,Suite,booking.com,39,0.8177929756671951,6,1,10,257.03665605026805
2023-01-28,2023-04-04,2023-04-13,9,Suite,booking.com,66,0.7796587068287408,1,0,4,176.46316391672715
2024-04-03,2024-06-24,2024-06-27,3,Suite,direct,82,0.6936521636458006,0,0,6,258.45425369825534
2023-07-01,2023-08-10,2023-08-11,1,Deluxe,direct,40,0.8975347873634756,3,0,8,183.70108099695722
2024-06-08,2024-06-15,2024-06-22,7,Deluxe,direct,7,0.8661505198215218,5,1,6,262.79744907426664
2024-05-17,2024-06-04,2024-06-11,7,Deluxe,airbnb,18,0.5644134914526098,1,0,6,265.3794178785246
2023-03-08,2023-04-16,2023-04-21,5,Deluxe,direct,39,0.7702369654809487,6,1,4,139.79060337033246
2024-09-17,2024-11-05,2024-11-11,6,Standard,airbnb,49,0.5553821736187472,1,0,11,107.74140755032208
2024-12-17,2025-02-24,2025-03-03,7,Suite,airbnb,69,0.6562162710813538,0,0,2,220.30649465866847
2023-01-05,2023-01-06,2023-01-11,5,Standard,booking.com,1,0.9209210282907103,4,0,1,117.43734581315341
2024-09-05,2024-10-13,2024-10-18,5,Standard,expedia,38,0.7260300837956464,6,1,10,123.39281423180245
2024-04-30,2024-05-16,2024-05-25,9,Deluxe,booking.com,16,0.8730098065215515,3,0,5,133.84867216681673
2023-05-29,2023-08-02,2023-08-05,3,Suite,airbnb,65,0.5011381577280004,2,0,8,342.39054294155204
2023-07-29,2023-10-15,2023-10-19,4,Deluxe,direct,78,0.941052996888569,6,1,10,104.14238580569463
2023-05-17,2023-07-01,2023-07-06,5,Standard,booking.com,45,0.9078007656793602,5,1,7,127.91887803891234
2023-01-12,2023-02-22,2023-02-27,5,Deluxe,direct,41,0.7076206837815228,2,0,2,186.38413124472106
2023-09-22,2023-10-29,2023-11-01,3,Deluxe,airbnb,37,0.9203669795307565,6,1,10,136.98305026466866
2024-09-07,2024-11-18,2024-11-23,5,Standard,expedia,72,0.8619937182966378,0,0,11,63.93434500436458
2023-06-25,2023-07-05,2023-07-13,8,Deluxe,booking.com,10,0.5642730133638544,2,0,7,287.1783933616257
2023-12-29,2024-01-05,2024-01-12,7,Standard,airbnb,7,0.8866321710351482,4,0,1,120.19979161237916
2023-06-30,2023-09-17,2023-09-23,6,Suite,airbnb,79,0.8830499263941726,6,1,9,198.22887547302724
2023-09-08,2023-09-14,2023-09-18,4,Deluxe,booking.com,6,0.8249985451514459,3,0,9,143.0775316841405
2023-03-30,2023-05-20,2023-05-22,2,Standard,direct,51,0.7622085849546254,5,1,5,93.16552434803297
2023-04-11,2023-06-13,2023-06-18,5,Suite,expedia,63,0.9472287349609458,1,0,6,234.06633060553872
2023-10-12,2023-10-21,2023-10-27,6,Standard,expedia,9,0.5198782831917049,5,1,10,159.9442277498187
2024-05-21,2024-08-16,2024-08-19,3,Suite,expedia,87,0.8683607909546482,4,0,8,226.5499895687328
2024-11-03,2024-11-16,2024-11-18,2,Suite,expedia,13,0.8936926600494183,5,1,11,282.68553453830333
2023-03-05,2023-05-15,2023-05-19,4,Standard,airbnb,71,0.5233656903499069,0,0,5,100.52988291565927
2024-09-15,2024-11-14,2024-11-16,2,Deluxe,expedia,60,0.7564994833794274,3,0,11,115.37263694302465
2023-07-01,2023-07-04,2023-07-13,9,Deluxe,expedia,3,0.5827964633189302,1,0,7,307.2896764392471
2023-08-06,2023-10-05,2023-10-11,6,Deluxe,booking.com,60,0.9329294257542899,3,0,10,104.64953899148433
2024-09-18,2024-10-21,2024-10-29,8,Standard,airbnb,33,0.6275047128854985,0,0,10,114.9153267346466
2023-12-30,2024-01-10,2024-01-14,4,Standard,direct,11,0.6713257860115375,2,0,1,121.8501780310734
2023-09-03,2023-11-29,2023-12-04,5,Suite,airbnb,87,0.9146257446062469,2,0,11,138.76845156854984
2024-07-31,2024-09-16,2024-09-22,6,Suite,direct,47,0.5194659803248891,0,0,9,265.71568114240216
2023-02-24,2023-04-26,2023-04-30,4,Standard,airbnb,61,0.6484062074275313,2,0,4,96.32277793590212
2023-12-10,2024-02-03,2024-02-09,6,Deluxe,airbnb,55,0.6689861872930858,5,1,2,205.76185544227945
2024-12-20,2025-01-17,2025-01-19,2,Standard,booking.com,28,0.9426057125888134,4,0,1,102.59179488194668
2023-04-17,2023-04-29,2023-05-06,7,Deluxe,airbnb,12,0.5756508242893071,5,1,4,203.9462437534654
2024-11-14,2024-11-17,2024-11-20,3,Standard,airbnb,3,0.5805287113199438,6,1,11,162.36919525582587
2024-12-15,2025-02-23,2025-03-01,6,Suite,expedia,70,0.5380239899167854,6,1,2,340.47185863272256
2023-04-24,2023-07-12,2023-07-16,4,Deluxe,booking.com,79,0.678994719882537,2,0,7,179.5392663766644
2023-05-08,2023-05-23,2023-05-27,4,Deluxe,expedia,15,0.684805869251014,1,0,5,159.83034856232
2023-02-05,2023-04-10,2023-04-17,7,Standard,expedia,64,0.5323649285259462,0,0,4,101.75888802970208
2023-12-18,2024-01-05,2024-01-06,1,Deluxe,direct,18,0.8778889988351999,4,0,1,171.3324950997582
2023-07-07,2023-07-20,2023-07-26,6,Deluxe,expedia,13,0.9220817845283267,3,0,7,195.60265820675775
2023-09-18,2023-10-14,2023-10-21,7,Deluxe,expedia,26,0.6133536448145338,5,1,10,206.98871431865496
2024-02-14,2024-03-15,2024-03-22,7,Deluxe,booking.com,30,0.5011919185292553,4,0,3,186.38296486041685
2024-02-17,2024-05-02,2024-05-08,6,Suite,booking.com,75,0.5249226376996871,3,0,5,201.70183145486743
2024-05-19,2024-08-09,2024-08-12,3,Deluxe,direct,82,0.7179431524752622,4,0,8,170.24761647513938
2024-03-16,2024-04-27,2024-05-02,5,Deluxe,expedia,42,0.6972761857620713,5,1,4,166.02628784011355
2024-04-10,2024-05-13,2024-05-21,8,Standard,expedia,33,0.7052125322624065,0,0,5,88.0885640505918
2024-04-19,2024-06-02,2024-06-08,6,Suite,airbnb,44,0.7118111335626626,6,1,6,424.327353600971
2024-12-14,2025-03-07,2025-03-11,4,Standard,direct,83,0.7609779117061903,4,0,3,72.67748407112062
2023-06-13,2023-07-01,2023-07-07,6,Deluxe,booking.com,18,0.9198406260943024,5,1,7,250.77320023019814
2023-05-10,2023-06-03,2023-06-11,8,Deluxe,expedia,24,0.5690696847245208,5,1,6,311.7877576647816
2023-10-11,2024-01-05,2024-01-12,7,Suite,airbnb,86,0.5162982224528978,4,0,1,220.58177318301153
2023-10-12,2023-10-17,2023-10-25,8,Deluxe,booking.com,5,0.6630316449954394,1,0,10,175.81287217487414
2023-09-21,2023-10-11,2023-10-20,9,Standard,airbnb,20,0.8590464937172144,2,0,10,97.35505704492894
2024-06-15,2024-07-01,2024-07-03,2,Deluxe,booking.com,16,0.6803936836736612,0,0,7,237.427640687721
2024-10-29,2025-01-26,2025-01-29,3,Standard,expedia,89,0.7050680229319705,6,1,1,85.61600877187078
2024-10-19,2024-12-18,2024-12-23,5,Suite,airbnb,60,0.7321455623150881,2,0,12,267.14082830274964
2023-10-22,2023-11-09,2023-11-14,5,Standard,direct,18,0.8980656047119704,3,0,11,102.77331360675387
2023-03-11,2023-05-25,2023-06-02,8,Deluxe,expedia,75,0.7017824152213561,3,0,5,115.39190001300535
2024-11-11,2024-11-20,2024-11-28,8,Standard,direct,9,0.7998654788052109,2,0,11,103.40154072530906
2023-02-05,2023-02-26,2023-02-28,2,Standard,airbnb,21,0.5993920238589897,6,1,2,170.77559573798345
2024-12-26,2025-01-02,2025-01-11,9,Suite,direct,7,0.5958222431542957,3,0,1,364.17402816911203
2023-07-06,2023-09-10,2023-09-16,6,Suite,booking.com,66,0.8282046738456807,6,1,9,225.49498430559112
2024-12-04,2024-12-19,2024-12-21,2,Deluxe,direct,15,0.5996774829331042,3,0,12,215.90154347988894
2023-03-09,2023-03-30,2023-04-04,5,Suite,booking.com,21,0.7660878957339894,3,0,3,258.73368512901305
2023-10-01,2023-12-23,2023-12-26,3,Suite,booking.com,83,0.7301809654197273,5,1,12,239.63723548391138
2023-09-09,2023-12-01,2023-12-02,1,Suite,direct,83,0.7708593789607487,4,0,12,206.98930524949566
2023-02-24,2023-04-17,2023-04-24,7,Deluxe,airbnb,52,0.9353822337028512,0,0,4,103.16690295622904
2024-04-23,2024-05-24,2024-06-01,8,Deluxe,expedia,31,0.948826638470565,4,0,5,125.78181056830219
2024-09-21,2024-11-05,2024-11-12,7,Suite,airbnb,45,0.8102239955865133,1,0,11,207.88422945892228
2023-04-30,2023-06-30,2023-07-07,7,Deluxe,expedia,61,0.9444431313358579,4,0,6,154.03451695331324
2024-06-04,2024-06-22,2024-06-25,3,Standard,direct,18,0.8549651263245435,5,1,6,188.93116316369176
2024-01-21,2024-01-24,2024-01-31,7,Deluxe,airbnb,3,0.6684729954075835,2,0,1,207.64065434863184
2024-02-23,2024-05-07,2024-05-14,7,Suite,booking.com,74,0.838726442667477,1,0,5,166.9939869671431
2024-10-09,2024-11-14,2024-11-17,3,Suite,booking.com,36,0.8777393251493835,3,0,11,211.053805685877
2024-04-12,2024-05-18,2024-05-20,2,Suite,expedia,36,0.8133087112403322,5,1,5,259.9289972939389
2024-02-17,2024-04-04,2024-04-13,9,Suite,airbnb,47,0.922566650212707,3,0,4,195.01226365842362
2024-11-22,2024-11-28,2024-12-03,5,Suite,expedia,6,0.8263921011461199,3,0,11,251.766509229098
2024-07-10,2024-08-21,2024-08-23,2,Deluxe,expedia,42,0.9031894361986066,2,0,8,180.54266022004342
2023-01-06,2023-02-05,2023-02-08,3,Suite,expedia,30,0.8298808693177019,6,1,2,334.1770649687228
2024-10-09,2024-12-10,2024-12-12,2,Standard,expedia,62,0.5871112252821022,1,0,12,98.0984762848673
2023-07-08,2023-08-29,2023-08-30,1,Suite,airbnb,52,0.692498792093799,1,0,8,319.61636067462877
2024-04-01,2024-04-27,2024-05-01,4,Deluxe,airbnb,26,0.6183196704112041,5,1,4,190.9637401579669
2024-07-31,2024-09-14,2024-09-17,3,Suite,direct,45,0.7969104291870239,5,1,9,259.38441048706466
2024-11-22,2025-02-02,2025-02-10,8,Deluxe,airbnb,72,0.7719702503852662,6,1,2,150.89119295572291
2024-03-30,2024-04-07,2024-04-15,8,Standard,booking.com,8,0.8915873908394965,6,1,4,105.23403122354556
2023-01-18,2023-03-19,2023-03-27,8,Suite,booking.com,60,0.8865379155764208,6,1,3,209.8269337136397
2023-08-31,2023-09-15,2023-09-23,8,Suite,direct,15,0.7092794442235806,4,0,9,258.9903412746825
2024-10-15,2024-11-18,2024-11-26,8,Suite,airbnb,34,0.5901129389203323,0,0,11,279.801748331783
2023-03-25,2023-06-15,2023-06-21,6,Suite,expedia,82,0.8144003285343007,3,0,6,234.06534944016593
2023-08-01,2023-08-25,2023-08-29,4,Suite,direct,24,0.8851722083286861,4,0,8,345.71398110704683
2023-12-02,2024-02-08,2024-02-16,8,Suite,airbnb,68,0.5019464881422926,3,0,2,286.0617883310021
2023-09-10,2023-10-10,2023-10-15,5,Standard,airbnb,30,0.8759166128141402,1,0,10,89.8829870156312
2023-02-03,2023-04-13,2023-04-15,2,Suite,expedia,69,0.9200469435901302,3,0,4,153.5537702469512
2023-07-17,2023-08-15,2023-08-20,5,Deluxe,expedia,29,0.7666826439407438,1,0,8,209.00207321379867
2023-01-24,2023-04-19,2023-04-27,8,Deluxe,direct,85,0.5902174127114483,2,0,4,113.97182610836282
2024-07-23,2024-09-12,2024-09-15,3,Suite,booking.com,51,0.8530618039842977,3,0,9,208.60374482228679
2023-04-28,2023-07-09,2023-07-15,6,Standard,booking.com,72,0.7832816127539957,6,1,7,122.40463027756685
2024-11-30,2024-12-08,2024-12-12,4,Suite,direct,8,0.8278552998320066,6,1,12,367.0011070911046
2024-12-26,2025-01-30,2025-02-05,6,Standard,booking.com,35,0.809110377966231,3,0,1,121.72640909532385
2024-09-11,2024-09-14,2024-09-21,7,Suite,expedia,3,0.87864889026868,5,1,9,304.81067688237994
2023-01-05,2023-03-03,2023-03-08,5,Suite,expedia,57,0.6143652250996323,4,0,3,228.87262000809736
2023-02-10,2023-03-19,2023-03-24,5,Suite,direct,37,0.9403390448700182,6,1,3,223.44305971854203
2024-05-10,2024-05-18,2024-05-24,6,Suite,airbnb,8,0.5418318796715854,5,1,5,379.132563167441
2024-08-26,2024-09-22,2024-09-25,3,Standard,airbnb,27,0.8375581883223994,6,1,9,119.84679248732618
2023-09-07,2023-11-05,2023-11-13,8,Suite,booking.com,59,0.5441267473717684,6,1,11,281.9388522408589
2023-06-25,2023-07-25,2023-07-30,5,Deluxe,airbnb,30,0.6796835214182351,1,0,7,220.069553295128
2023-11-13,2023-12-13,2023-12-21,8,Deluxe,airbnb,30,0.5561677002140627,2,0,12,187.06049303961788
2024-04-14,2024-06-26,2024-06-30,4,Deluxe,airbnb,73,0.6024418888182266,2,0,6,205.90089158984114
2023-04-29,2023-05-31,2023-06-03,3,Deluxe,booking.com,32,0.5256330935265171,2,0,5,160.4677332280296
2024-10-08,2024-12-17,2024-12-24,7,Suite,expedia,70,0.8704731188413412,1,0,12,205.10370429337067
2024-03-04,2024-04-20,2024-04-23,3,Deluxe,direct,47,0.7259412513750484,5,1,4,166.08520922517826
2024-01-10,2024-03-29,2024-04-06,8,Suite,expedia,79,0.6848334121956596,4,0,3,194.89005871190113
2023-05-21,2023-06-21,2023-06-25,4,Standard,direct,31,0.772097631792418,2,0,6,143.72386512569247
2024-03-03,2024-05-23,2024-06-01,9,Standard,expedia,81,0.6574756027673743,3,0,5,72.40481637156115
2024-06-02,2024-08-07,2024-08-13,6,Deluxe,airbnb,66,0.5081822211428588,2,0,8,226.7472999846001
2024-06-26,2024-07-18,2024-07-21,3,Deluxe,booking.com,22,0.594555885817212,3,0,7,289.1329613210882
2024-04-14,2024-05-30,2024-06-02,3,Suite,airbnb,46,0.5157918795057497,3,0,5,285.0145383794593
2023-04-06,2023-06-26,2023-06-28,2,Standard,expedia,81,0.8890076241935094,0,0,6,93.65623320223838
2024-06-27,2024-07-13,2024-07-21,8,Deluxe,direct,16,0.7518618657424894,5,1,7,301.15051833207195
2024-02-25,2024-04-05,2024-04-12,7,Suite,airbnb,40,0.9380826599897726,4,0,4,180.0860179647703
2023-08-23,2023-08-29,2023-09-01,3,Suite,airbnb,6,0.7631062030412498,1,0,8,412.37157471124647
2023-02-17,2023-03-31,2023-04-08,8,Deluxe,booking.com,42,0.919815119983675,4,0,3,111.42332949311131
2024-03-24,2024-05-22,2024-05-29,7,Deluxe,booking.com,59,0.6762545237942206,2,0,5,141.3939310831801
2023-11-21,2024-01-23,2024-01-24,1,Suite,direct,63,0.6048119769413235,1,0,1,264.6633122659981
2023-04-29,2023-07-25,2023-07-27,2,Suite,booking.com,87,0.5203751708958304,1,0,7,290.19661672166893
2023-04-29,2023-07-23,2023-07-28,5,Deluxe,booking.com,85,0.6081322111803745,6,1,7,202.3177501103179
2023-04-10,2023-06-06,2023-06-12,6,Standard,airbnb,57,0.6337738757438742,1,0,6,146.5116292032194
2024-06-05,2024-08-31,2024-09-02,2,Standard,expedia,87,0.7971516526355011,5,1,8,103.18261122606927
2024-03-13,2024-04-03,2024-04-12,9,Standard,airbnb,21,0.8182105108427379,2,0,4,90.92472851596574
2023-02-05,2023-04-11,2023-04-15,4,Suite,direct,65,0.7965411325849764,1,0,4,184.27463831764877
2023-10-20,2023-11-21,2023-11-25,4,Deluxe,airbnb,32,0.8383316773346869,1,0,11,135.351494061868
2023-09-15,2023-11-25,2023-12-01,6,Deluxe,direct,71,0.7340546187140712,5,1,11,126.20283904008917
2023-03-03,2023-04-20,2023-04-23,3,Deluxe,airbnb,48,0.5602875693836995,3,0,4,165.14580158143903
2024-02-15,2024-03-05,2024-03-14,9,Standard,booking.com,19,0.7161644514110559,1,0,3,110.34486569346903
2023-01-15,2023-04-01,2023-04-06,5,Suite,direct,76,0.8875611782587529,5,1,4,169.57925600363268
2024-12-07,2025-02-03,2025-02-04,1,Deluxe,booking.com,58,0.746674812121676,0,0,2,154.16727111040177
2023-04-08,2023-04-18,2023-04-26,8,Standard,airbnb,10,0.6088947265013929,1,0,4,123.37436294273276
2024-12-22,2024-12-23,2024-12-24,1,Standard,airbnb,1,0.5854964522217442,0,0,12,156.63715374807813
2024-08-01,2024-10-14,2024-10-23,9,Deluxe,airbnb,74,0.5259049064870862,0,0,10,125.57313136350935
2023-03-11,2023-06-06,2023-06-09,3,Deluxe,booking.com,87,0.7821721820064482,1,0,6,150.1651837244105
2023-08-14,2023-11-08,2023-11-17,9,Standard,direct,86,0.7695983952417865,2,0,11,57.03382812433404
2023-12-14,2024-03-05,2024-03-08,3,Standard,airbnb,82,0.8924755563147395,1,0,3,67.06705772052347
2023-06-25,2023-08-30,2023-09-02,3,Suite,booking.com,66,0.6391745719575651,2,0,8,306.04336113301866
2024-07-26,2024-08-10,2024-08-13,3,Standard,direct,15,0.7207026438582489,5,1,8,201.13956720867645
2023-03-12,2023-06-06,2023-06-13,7,Deluxe,airbnb,86,0.7645784973742056,1,0,6,152.2473242776217
2024-07-30,2024-10-05,2024-10-13,8,Standard,expedia,67,0.8583028045188703,5,1,10,83.95111386155075
2023-06-23,2023-08-24,2023-08-29,5,Standard,direct,62,0.8360834376782917,3,0,8,133.7403056102043
2023-07-21,2023-08-15,2023-08-18,3,Deluxe,expedia,25,0.8088758554278617,1,0,8,219.43044671422507
2024-06-18,2024-08-22,2024-08-26,4,Suite,expedia,65,0.6697730774614661,3,0,8,321.403146746591
2023-12-07,2024-02-23,2024-03-03,9,Suite,booking.com,78,0.7525534220744676,4,0,2,216.01283922298728
2024-10-23,2024-10-29,2024-11-03,5,Standard,expedia,6,0.6062578646913203,1,0,10,129.19421634405953
2023-11-15,2024-01-14,2024-01-21,7,Deluxe,airbnb,60,0.5729362017989262,6,1,1,182.8608024338344
2023-04-15,2023-06-29,2023-07-07,8,Standard,airbnb,75,0.8725242034279512,3,0,6,97.57133605650343
2024-02-24,2024-04-06,2024-04-10,4,Suite,expedia,42,0.6540278086699287,5,1,4,295.8976917032426
2024-08-31,2024-09-13,2024-09-14,1,Suite,direct,13,0.9078226838620328,4,0,9,235.27954390024735
2023-01-26,2023-02-15,2023-02-18,3,Suite,booking.com,20,0.9418175649548823,2,0,2,265.11636066785405
2024-05-03,2024-05-29,2024-06-05,7,Suite,direct,26,0.8433470261943439,2,0,5,240.34649551344123
2023-06-11,2023-08-09,2023-08-11,2,Suite,direct,59,0.7403124501466605,2,0,8,304.328338772686
2024-11-22,2025-01-02,2025-01-09,7,Standard,airbnb,41,0.8638546016635686,3,0,1,93.30750322454942
2024-09-09,2024-09-11,2024-09-16,5,Standard,expedia,2,0.5623119529403728,2,0,9,129.56723590749732
2024-06-20,2024-09-15,2024-09-23,8,Suite,airbnb,87,0.7528028513917782,6,1,9,201.32224847514274
2024-01-28,2024-04-09,2024-04-13,4,Suite,airbnb,72,0.5677488812192177,1,0,4,207.79265271190476
2024-05-30,2024-06-08,2024-06-15,7,Suite,airbnb,9,0.8996695064402236,5,1,6,434.2191467947018
2024-01-15,2024-02-23,2024-02-26,3,Suite,expedia,39,0.5587369696888913,4,0,2,322.26521491940593
2023-02-11,2023-03-08,2023-03-13,5,Standard,direct,25,0.6972190697280998,2,0,3,106.78197356773381
2024-05-31,2024-06-03,2024-06-05,2,Deluxe,airbnb,3,0.7264380713243609,0,0,6,249.2201864291003
2024-12-07,2025-02-25,2025-03-03,6,Deluxe,booking.com,80,0.5177716197919441,1,0,2,158.82155357133743
2024-07-15,2024-09-24,2024-09-28,4,Suite,booking.com,71,0.5164417946889373,1,0,9,232.40481333232776
2024-08-15,2024-08-24,2024-08-31,7,Deluxe,direct,9,0.6566005263132537,5,1,8,330.778860917499
2023-01-24,2023-03-10,2023-03-12,2,Deluxe,expedia,45,0.6494765957109893,4,0,3,146.01688310240613
2024-05-25,2024-05-30,2024-06-06,7,Standard,booking.com,5,0.9454816955812113,3,0,5,89.58656812056996
2023-11-10,2024-01-26,2024-02-02,7,Standard,expedia,77,0.5812738588217394,4,0,1,93.5214800701591
2023-07-13,2023-08-21,2023-08-23,2,Suite,booking.com,39,0.842091411514029,0,0,8,299.62684202646113
2024-02-26,2024-05-08,2024-05-14,6,Standard,direct,72,0.9401106175102254,2,0,5,75.77259503564873
2024-04-12,2024-06-16,2024-06-20,4,Standard,booking.com,65,0.8558025414048213,6,1,6,135.43278592861944
2024-07-31,2024-10-16,2024-10-21,5,Suite,expedia,77,0.89567978633963,2,0,10,152.78080985100956
2024-10-07,2024-11-25,2024-12-01,6,Deluxe,booking.com,49,0.5316429096685009,0,0,11,156.65984401506103
2024-03-08,2024-05-01,2024-05-04,3,Standard,booking.com,54,0.6888066957256217,2,0,5,91.48877332766607
2023-11-14,2023-12-05,2023-12-10,5,Suite,expedia,21,0.8645559096507665,1,0,12,259.6154610125592
2023-09-24,2023-11-14,2023-11-20,6,Suite,booking.com,51,0.7894389128438499,1,0,11,204.57862002057445
2023-02-15,2023-03-09,2023-03-17,8,Standard,booking.com,22,0.5077587571823747,3,0,3,143.9556123871597
2024-03-23,2024-04-02,2024-04-09,7,Standard,booking.com,10,0.5411060060730191,1,0,4,131.19988835390672
2024-01-03,2024-01-19,2024-01-26,7,Suite,airbnb,16,0.6867892269001179,4,0,1,328.22495732867054
2023-01-05,2023-01-06,2023-01-08,2,Standard,booking.com,1,0.6169887772553924,4,0,1,162.39923995680144
2023-05-27,2023-05-28,2023-06-06,9,Suite,direct,1,0.8686223878483927,6,1,5,310.7363490795533
2024-02-07,2024-04-30,2024-05-03,3,Suite,expedia,83,0.912580336664867,1,0,4,141.83768793688625
2024-03-18,2024-05-18,2024-05-19,1,Suite,expedia,61,0.5191497050671855,5,1,5,285.4873886931992
2023-04-01,2023-06-24,2023-06-28,4,Suite,airbnb,84,0.7133284651974465,5,1,6,319.09832605551617
2023-10-25,2023-12-17,2023-12-23,6,Standard,expedia,53,0.602417682152127,6,1,12,128.67590894542587
2023-01-14,2023-01-22,2023-01-30,8,Standard,expedia,8,0.6368600343086159,6,1,1,171.3628471380361
2024-10-27,2024-12-03,2024-12-06,3,Deluxe,expedia,37,0.5054997509153586,1,0,12,211.78176630325447
2024-12-18,2025-01-25,2025-02-01,7,Suite,booking.com,38,0.6029009554900929,5,1,1,383.1157763707284
2023-07-12,2023-08-31,2023-09-05,5,Standard,expedia,50,0.8706676518132321,3,0,8,129.6106777352112
2024-02-20,2024-04-22,2024-04-26,4,Suite,booking.com,62,0.5580221116598199,0,0,4,222.91311011325462
2023-07-19,2023-08-03,2023-08-08,5,Suite,booking.com,15,0.6853991969692115,3,0,8,436.43502519029664
2024-04-09,2024-06-22,2024-06-24,2,Deluxe,airbnb,74,0.8195039429201718,5,1,6,192.6787622648319
2024-03-14,2024-06-01,2024-06-06,5,Deluxe,booking.com,79,0.5794458840330151,5,1,6,205.69540316499592
2024-03-22,2024-06-03,2024-06-11,8,Deluxe,direct,73,0.5283904829595766,0,0,6,200.54766507360264
2024-05-09,2024-06-28,2024-07-04,6,Standard,expedia,50,0.8329071478173783,4,0,6,128.28711219886384
2023-09-01,2023-10-18,2023-10-21,3,Deluxe,airbnb,47,0.5446723995308274,2,0,10,174.73176350749046
2024-12-13,2024-12-21,2024-12-22,1,Deluxe,direct,8,0.9371662985679496,5,1,12,188.31335176813863
2024-07-09,2024-07-14,2024-07-23,9,Suite,booking.com,5,0.7954742267939837,6,1,7,491.62227133792817
2023-05-25,2023-06-01,2023-06-03,2,Deluxe,expedia,7,0.5358424506108843,3,0,6,303.151812349877
2023-02-21,2023-05-20,2023-05-26,6,Suite,direct,88,0.9120574321426036,5,1,5,154.56301234678844
2023-06-08,2023-07-17,2023-07-21,4,Standard,airbnb,39,0.6006660405709962,0,0,7,176.65599538693155
2023-01-31,2023-04-20,2023-04-25,5,Suite,booking.com,79,0.5874626899511849,3,0,4,189.0406236049635
2023-11-22,2023-12-09,2023-12-18,9,Deluxe,booking.com,17,0.6008536250428711,5,1,12,257.9333792607817
2023-12-31,2024-03-09,2024-03-15,6,Standard,direct,69,0.9193247554322828,5,1,3,67.76647223422519
2024-03-28,2024-04-24,2024-04-26,2,Suite,airbnb,27,0.8214839239535056,2,0,4,221.2173722937138
2023-08-05,2023-10-02,2023-10-05,3,Standard,expedia,58,0.8951302142778033,0,0,10,74.85337648866826
2023-10-03,2023-10-17,2023-10-21,4,Suite,booking.com,14,0.8436272499236732,1,0,10,260.1224940988444
2024-05-10,2024-06-28,2024-07-01,3,Deluxe,booking.com,49,0.622398132277344,4,0,6,207.30959274790143
2024-06-30,2024-07-07,2024-07-10,3,Suite,expedia,7,0.7678609462856057,6,1,7,491.97945681913154
2023-12-23,2024-02-13,2024-02-17,4,Suite,booking.com,52,0.7704988684494414,1,0,2,276.1729386998275
2023-04-05,2023-05-10,2023-05-13,3,Standard,airbnb,35,0.8870958264920876,2,0,5,99.0067610931667
2024-03-17,2024-03-28,2024-04-06,9,Suite,direct,11,0.6272478839034309,3,0,3,291.54445080073737
2024-09-29,2024-10-11,2024-10-17,6,Deluxe,direct,12,0.9101104206170961,4,0,10,141.51379806569358
2024-02-15,2024-03-31,2024-04-08,8,Standard,direct,45,0.7209217975639777,6,1,3,117.14142450010989
2023-09-06,2023-11-11,2023-11-13,2,Suite,airbnb,66,0.8274792396454023,5,1,11,209.63500603996013
2023-11-20,2023-12-11,2023-12-15,4,Deluxe,airbnb,21,0.5292798230877975,0,0,12,213.68081339183902
2023-05-15,2023-07-25,2023-07-27,2,Standard,direct,71,0.909092089045862,1,0,7,95.01284678333633
2023-01-22,2023-01-27,2023-01-30,3,Suite,direct,5,0.6830015003598344,4,0,1,368.72511219338253
2024-05-28,2024-06-17,2024-06-24,7,Standard,airbnb,20,0.9427551981658707,0,0,6,128.27791490611682
2023-11-22,2023-12-31,2024-01-03,3,Suite,direct,39,0.5460182003198571,6,1,12,405.8426617908198
2024-03-12,2024-03-25,2024-03-26,1,Suite,airbnb,13,0.5667525892873819,0,0,3,319.99152704624146
2024-05-20,2024-05-26,2024-05-30,4,Standard,expedia,6,0.8820158976451583,6,1,5,155.7147616837759
2023-07-07,2023-09-11,2023-09-16,5,Deluxe,expedia,66,0.8814769669494669,0,0,9,91.75917715024714
2024-05-20,2024-06-18,2024-06-22,4,Suite,booking.com,29,0.6154401764717214,1,0,6,410.8682499605785
2024-05-01,2024-06-23,2024-06-27,4,Suite,direct,53,0.6970602156639482,6,1,6,388.9461880493251
2024-07-18,2024-10-12,2024-10-14,2,Standard,booking.com,86,0.5841813932047403,5,1,10,86.1031042475197
2023-03-19,2023-05-25,2023-05-27,2,Standard,airbnb,67,0.9472512217637162,3,0,5,56.68476965159734
2023-09-08,2023-09-25,2023-10-04,9,Deluxe,direct,17,0.6269298762725763,0,0,9,188.5952289497257
2024-01-10,2024-01-16,2024-01-19,3,Standard,airbnb,6,0.9443804014164449,1,0,1,109.48407068651548
2024-04-29,2024-07-19,2024-07-20,1,Deluxe,expedia,81,0.6807939470768031,4,0,7,165.9782954633477
2023-01-10,2023-04-07,2023-04-08,1,Suite,direct,87,0.9498547023321802,4,0,4,113.56643069105928
2024-05-28,2024-06-13,2024-06-15,2,Standard,booking.com,16,0.5982938559623108,3,0,6,157.33345343853446
2024-03-24,2024-06-21,2024-06-26,5,Deluxe,airbnb,89,0.767963458169057,4,0,6,128.87884802667807
2023-11-21,2024-02-06,2024-02-11,5,Suite,direct,77,0.7406501913428692,1,0,2,213.1000949402071
2023-01-22,2023-02-01,2023-02-04,3,Standard,direct,10,0.9000535398733573,2,0,2,108.85237362840996
2024-11-21,2025-01-23,2025-01-28,5,Deluxe,booking.com,63,0.6065003044100907,3,0,1,161.94089726313103
2024-09-09,2024-10-13,2024-10-18,5,Deluxe,direct,34,0.8706891026465053,6,1,10,152.78057954155537
2023-03-14,2023-05-09,2023-05-12,3,Standard,expedia,56,0.9356025697409485,1,0,5,73.4874097951631
2023-12-25,2024-01-10,2024-01-14,4,Suite,direct,16,0.5091338364397335,2,0,1,389.6892742268342
2024-08-28,2024-11-01,2024-11-09,8,Standard,expedia,65,0.9265264834365806,4,0,11,71.52767491063659
2023-08-05,2023-10-31,2023-11-02,2,Suite,direct,87,0.5842150569180458,1,0,10,205.05177191392514
2023-06-20,2023-07-18,2023-07-20,2,Standard,airbnb,28,0.8382360235528745,1,0,7,135.64870355462315
2024-08-12,2024-10-19,2024-10-24,5,Deluxe,airbnb,68,0.7759491516052397,5,1,10,127.7379494740523
2024-05-15,2024-07-29,2024-08-04,6,Standard,expedia,75,0.879479581464861,0,0,7,93.1191176462286
2024-09-14,2024-10-31,2024-11-04,4,Standard,booking.com,47,0.6291437503536799,3,0,10,86.31877587179757
2023-03-31,2023-05-12,2023-05-15,3,Standard,direct,42,0.6860006654895641,4,0,5,94.26924259713007
2024-03-15,2024-05-01,2024-05-02,1,Standard,expedia,47,0.7009474702808622,2,0,5,95.5682239672382
2023-09-30,2023-12-28,2024-01-01,4,Standard,airbnb,89,0.5120742725267863,3,0,12,95.10000548641132
2024-08-22,2024-08-25,2024-08-29,4,Suite,expedia,3,0.5870802618921833,6,1,8,582.1208915579452
2024-01-29,2024-03-21,2024-03-24,3,Standard,direct,52,0.6121878262369215,3,0,3,94.79153593737382
2024-03-30,2024-05-08,2024-05-13,5,Standard,airbnb,39,0.5104713618159156,2,0,5,115.02260820024779
2024-03-05,2024-05-21,2024-05-29,8,Standard,airbnb,77,0.8450293318409747,1,0,5,70.5940309189163
2024-11-22,2025-02-08,2025-02-17,9,Standard,booking.com,78,0.8716305537300527,5,1,2,92.62936908420946
2024-03-09,2024-04-17,2024-04-22,5,Suite,expedia,39,0.8419663992813178,2,0,4,213.65515704942882
2023-07-23,2023-09-23,2023-09-25,2,Standard,airbnb,62,0.9194461208380142,5,1,9,88.10210458209842
2024-09-28,2024-11-16,2024-11-20,4,Standard,expedia,49,0.7703433340783132,5,1,11,103.9295109270729
2024-10-26,2024-10-28,2024-11-02,5,Deluxe,booking.com,2,0.680444488624048,0,0,10,185.8934082374774
2024-11-07,2024-11-22,2024-11-23,1,Suite,expedia,15,0.5979836659936407,4,0,11,300.58781225488514
2024-04-27,2024-06-15,2024-06-21,6,Standard,booking.com,49,0.7188332945048238,5,1,6,167.39264874731023
2024-08-19,2024-09-23,2024-09-27,4,Deluxe,booking.com,35,0.5385752280508932,0,0,9,155.23166234644702
2024-06-20,2024-07-29,2024-08-05,7,Suite,direct,39,0.8687260766043314,0,0,7,321.55214623454
2023-10-11,2023-11-09,2023-11-16,7,Suite,direct,29,0.6640473422874327,3,0,11,270.32786276425395
2023-02-15,2023-03-20,2023-03-21,1,Deluxe,airbnb,33,0.6117412828985438,0,0,3,183.28297104194684
2023-06-22,2023-09-08,2023-09-13,5,Standard,expedia,78,0.5925517944660343,4,0,9,73.50657937371906
2024-07-15,2024-07-31,2024-08-02,2,Suite,expedia,16,0.7234293587482198,2,0,7,394.88518216090324
2024-12-11,2024-12-27,2024-12-30,3,Standard,expedia,16,0.7711066966154096,4,0,12,129.83158195558772
2024-03-18,2024-04-14,2024-04-16,2,Deluxe,expedia,27,0.8959836257592602,6,1,4,172.8768887822529
2023-06-10,2023-07-16,2023-07-19,3,Standard,expedia,36,0.914149867894606,6,1,7,128.34147328826353
2024-01-11,2024-01-24,2024-02-01,8,Suite,direct,13,0.9447030651927816,2,0,1,275.5549388409254
2024-05-30,2024-06-10,2024-06-11,1,Standard,expedia,11,0.5163411609379455,0,0,6,201.75924501979847
2024-08-13,2024-11-08,2024-11-11,3,Deluxe,airbnb,87,0.6906661397816816,4,0,11,96.01606749616464
2023-11-30,2024-02-26,2024-03-03,6,Suite,airbnb,88,0.7499518849123179,0,0,2,206.1876660579164
2024-01-19,2024-02-14,2024-02-21,7,Deluxe,direct,26,0.8798064283368596,2,0,2,184.5008468058869
2024-07-20,2024-07-22,2024-07-25,3,Suite,direct,2,0.6949493629756376,0,0,7,445.68930751468145
2024-09-06,2024-10-11,2024-10-13,2,Deluxe,airbnb,35,0.9020061125583958,4,0,10,125.15212213785091
2024-07-02,2024-07-28,2024-08-02,5,Standard,airbnb,26,0.7910908825424507,6,1,7,180.63836455730296
2023-10-13,2023-11-27,2023-12-02,5,Suite,booking.com,45,0.7232042373961602,0,0,11,248.96247654691672
2023-04-09,2023-06-21,2023-06-27,6,Deluxe,booking.com,73,0.5995380837462414,2,0,6,176.89557730355503
2023-07-20,2023-07-21,2023-07-23,2,Standard,airbnb,1,0.8553565738561371,4,0,7,139.105775597668
2023-09-10,2023-09-24,2023-09-28,4,Deluxe,airbnb,14,0.6234729318738268,6,1,9,212.59407202909787
2023-12-17,2023-12-30,2023-12-31,1,Standard,direct,13,0.5083240080319735,5,1,12,194.7123994425818
2024-11-19,2025-02-16,2025-02-19,3,Standard,booking.com,89,0.8191691911778034,6,1,2,90.17972789981067
2024-02-04,2024-02-25,2024-02-29,4,Standard,airbnb,21,0.9008003171675173,6,1,2,128.78241244743123
2023-01-03,2023-03-02,2023-03-03,1,Suite,airbnb,58,0.9198349477745457,3,0,3,173.09882305730926
2024-06-08,2024-06-25,2024-07-02,7,Suite,booking.com,17,0.8397383204470192,1,0,6,343.74550328128066
2023-03-13,2023-06-03,2023-06-06,3,Suite,expedia,82,0.7308257377995574,5,1,6,300.3401854497263
2024-07-23,2024-08-22,2024-08-27,5,Suite,expedia,30,0.6902103171574548,3,0,8,388.5581788048893
2023-03-03,2023-05-10,2023-05-13,3,Suite,expedia,68,0.618760496315153,2,0,5,219.9879173347229
2023-12-20,2023-12-29,2024-01-06,8,Suite,booking.com,9,0.5038127560124424,4,0,12,411.3649748981142
2024-12-20,2025-02-16,2025-02-18,2,Suite,airbnb,58,0.9312969614651354,6,1,2,246.93711583552619
2023-07-26,2023-10-02,2023-10-04,2,Standard,airbnb,68,0.9378354991681283,0,0,10,61.80714632542438
2024-12-14,2025-03-03,2025-03-04,1,Deluxe,airbnb,79,0.7671060968383767,0,0,3,130.11429752045152
2023-03-15,2023-03-28,2023-04-06,9,Deluxe,direct,13,0.8313565518409909,1,0,3,142.43992611148784
2024-04-05,2024-04-30,2024-05-09,9,Deluxe,airbnb,25,0.8149463815448845,1,0,4,151.44062150647198
2023-09-21,2023-11-16,2023-11-24,8,Deluxe,booking.com,56,0.6441681499118851,3,0,11,130.74418195855768
2024-04-29,2024-07-03,2024-07-12,9,Deluxe,direct,65,0.9113031458416105,2,0,7,148.9094971351033
2023-10-27,2024-01-06,2024-01-11,5,Standard,booking.com,71,0.7295138753977385,5,1,1,95.01754854729865
2023-01-02,2023-02-19,2023-02-22,3,Standard,expedia,48,0.6494169117014422,6,1,2,145.23856390272726
2024-05-28,2024-07-03,2024-07-05,2,Deluxe,airbnb,36,0.6307549384830611,2,0,7,250.34022172191698
2024-10-28,2024-11-08,2024-11-13,5,Suite,expedia,11,0.6174756171548496,4,0,11,292.05915208783307
2024-03-08,2024-04-01,2024-04-02,1,Suite,booking.com,24,0.8946976249458182,0,0,4,223.3348375030271
2024-03-18,2024-04-22,2024-04-24,2,Deluxe,direct,35,0.9365738777661216,0,0,4,143.231399167195
2023-06-04,2023-06-19,2023-06-28,9,Standard,airbnb,15,0.8922688426505694,0,0,6,142.49274215910364
2023-10-07,2023-12-17,2023-12-20,3,Deluxe,direct,71,0.7528618113896457,6,1,12,155.44768340399395
2023-10-22,2023-11-20,2023-11-27,7,Deluxe,booking.com,29,0.7058221442720153,0,0,11,146.24198168404743
2024-05-14,2024-05-31,2024-06-02,2,Deluxe,airbnb,17,0.6842294342915517,4,0,5,179.39067383305868
2023-05-21,2023-08-13,2023-08-18,5,Suite,expedia,84,0.9132276881449755,6,1,8,246.35578421330217
2024-12-20,2025-01-01,2025-01-02,1,Standard,booking.com,12,0.7202044308402877,2,0,1,135.13966950753718
2024-02-20,2024-04-28,2024-05-03,5,Deluxe,direct,68,0.8929941786128547,6,1,4,133.43575442964774
2024-07-02,2024-07-20,2024-07-22,2,Suite,direct,18,0.5714748434980882,5,1,7,553.8546066923623
2024-09-23,2024-09-26,2024-10-02,6,Deluxe,booking.com,3,0.7441999680951332,3,0,9,170.07161460175263
2024-11-14,2024-11-25,2024-12-02,7,Standard,expedia,11,0.9424231008396338,0,0,11,100.18088653667768
2023-09-23,2023-11-21,2023-11-23,2,Suite,direct,59,0.7535721384568634,1,0,11,192.80274887386176
2023-06-16,2023-07-06,2023-07-08,2,Standard,booking.com,20,0.5035132761942037,3,0,7,183.10635523131637
2023-11-16,2024-02-12,2024-02-17,5,Deluxe,expedia,88,0.8821702514921861,0,0,2,98.78798808762708
2023-05-23,2023-06-15,2023-06-20,5,Deluxe,booking.com,23,0.8137155947727094,3,0,6,218.53054146361728
2023-07-03,2023-07-25,2023-07-30,5,Standard,booking.com,22,0.8365098839861446,1,0,7,128.49445295669193
2024-02-10,2024-04-09,2024-04-16,7,Deluxe,airbnb,59,0.7082695246214838,1,0,4,139.03886325609852
2023-11-21,2024-01-07,2024-01-12,5,Standard,direct,47,0.5427686803511197,6,1,1,162.63701861738778
2023-03-31,2023-04-03,2023-04-11,8,Standard,expedia,3,0.5465384998886975,0,0,4,134.99947891645633
2024-09-15,2024-10-12,2024-10-14,2,Suite,airbnb,27,0.64932641063309,5,1,10,337.4704483882969
2023-03-25,2023-04-04,2023-04-06,2,Standard,booking.com,10,0.5937589582049471,1,0,4,108.81670853429887
2024-01-26,2024-04-21,2024-04-30,9,Standard,expedia,86,0.7407351387966736,6,1,4,85.98607733792507
2024-05-20,2024-06-24,2024-07-03,9,Standard,expedia,35,0.8895749743311303,0,0,6,123.8715701826236
2024-10-21,2025-01-06,2025-01-08,2,Standard,booking.com,77,0.9483665505621515,0,0,1,63.444997135532276
2024-07-24,2024-08-27,2024-09-05,9,Standard,direct,34,0.7605734149965817,1,0,8,146.96062600085074
2023-03-27,2023-06-14,2023-06-22,8,Suite,direct,79,0.5098774844088855,2,0,6,319.1408980147027
2024-08-01,2024-08-15,2024-08-18,3,Deluxe,booking.com,14,0.6865252168528494,3,0,8,237.03304917855303
2023-09-01,2023-11-19,2023-11-26,7,Suite,expedia,79,0.8222729393548383,6,1,11,203.1217516062652
2024-09-26,2024-12-06,2024-12-14,8,Deluxe,direct,71,0.7196574134019548,4,0,12,121.00426710326914
2023-09-20,2023-11-30,2023-12-06,6,Suite,booking.com,71,0.8875989976886991,3,0,11,166.99962488734587
2024-04-21,2024-05-10,2024-05-18,8,Suite,booking.com,19,0.7414996741881112,4,0,5,269.53138053436044
2023-01-27,2023-02-22,2023-02-27,5,Suite,direct,26,0.8592083910205469,2,0,2,262.00842343233234
2023-11-18,2024-01-18,2024-01-20,2,Deluxe,direct,61,0.5646413038343496,3,0,1,167.88935984697855
2023-04-20,2023-06-02,2023-06-06,4,Suite,airbnb,43,0.7136389183230062,4,0,6,329.2926019663972
2024-10-11,2024-12-26,2024-12-30,4,Suite,direct,76,0.5525642706442873,3,0,12,254.3787093267274
2024-01-18,2024-03-14,2024-03-21,7,Standard,airbnb,56,0.8488937526441899,3,0,3,64.49939401518154
2023-03-28,2023-05-11,2023-05-19,8,Standard,direct,44,0.5102997822699393,3,0,5,95.048520493612
2024-02-19,2024-05-17,2024-05-18,1,Deluxe,airbnb,88,0.8689879647500018,4,0,5,76.01176225767574
2024-04-04,2024-05-04,2024-05-11,7,Standard,expedia,30,0.8876138089014279,5,1,5,98.71768590658436
2024-02-22,2024-03-12,2024-03-14,2,Standard,direct,19,0.6228160539613211,1,0,3,100.14317822450262
2023-08-06,2023-10-01,2023-10-03,2,Suite,expedia,56,0.9440061776630443,6,1,10,216.60285383840625
2024-06-04,2024-08-06,2024-08-13,7,Suite,expedia,63,0.7912499745817773,1,0,8,281.788722313384
2023-11-07,2023-12-07,2023-12-16,9,Standard,booking.com,30,0.9476734384320271,3,0,12,110.16452932222784
2024-10-07,2025-01-03,2025-01-09,6,Deluxe,expedia,88,0.5571737292967599,4,0,1,119.57379548574495
2024-12-12,2024-12-19,2024-12-28,9,Suite,expedia,7,0.8491794750725614,3,0,12,294.4678268259379
2024-06-15,2024-09-11,2024-09-18,7,Standard,airbnb,88,0.9211125422600819,2,0,9,69.07162604892775
2024-01-22,2024-04-07,2024-04-16,9,Deluxe,airbnb,76,0.9421355586519353,6,1,4,109.63205311908568
2024-07-13,2024-08-25,2024-09-01,7,Deluxe,expedia,43,0.7418491173516699,6,1,8,231.24886017018707
2024-12-27,2025-02-14,2025-02-20,6,Deluxe,direct,49,0.9042252719956996,4,0,2,125.92432530646096
2024-03-01,2024-03-15,2024-03-16,1,Suite,airbnb,14,0.5855101152004955,4,0,3,297.47539964444593
2024-08-10,2024-08-23,2024-08-31,8,Deluxe,direct,13,0.7269824744383191,4,0,8,256.5372853525507
2023-03-08,2023-03-12,2023-03-15,3,Deluxe,airbnb,4,0.8875139231137549,6,1,3,165.5448601621707
2023-12-26,2023-12-28,2024-01-06,9,Deluxe,direct,2,0.6138950925043095,3,0,12,219.81631394838084
2023-06-11,2023-07-18,2023-07-24,6,Suite,direct,37,0.5854283928013226,1,0,7,404.0566785031898
2023-05-22,2023-07-14,2023-07-23,9,Suite,expedia,53,0.8312885097281054,4,0,7,293.6252134372853
2023-06-11,2023-06-14,2023-06-20,6,Standard,booking.com,3,0.642451941876006,2,0,6,202.71170953796116
2024-12-03,2025-01-09,2025-01-15,6,Deluxe,direct,37,0.8366163703725988,3,0,1,157.64068909929546
2024-08-28,2024-09-10,2024-09-14,4,Suite,expedia,13,0.8647802179655678,1,0,9,234.28978845309751
2023-07-29,2023-08-18,2023-08-20,2,Deluxe,expedia,20,0.7733466619145071,4,0,8,213.67158315267537
2023-11-06,2023-12-20,2023-12-25,5,Suite,direct,44,0.9411497522007326,2,0,12,200.5513200930457
2023-03-31,2023-05-18,2023-05-23,5,Suite,direct,48,0.7526405275616606,3,0,5,228.45253937962894
2023-06-25,2023-08-13,2023-08-14,1,Deluxe,booking.com,49,0.6391593273985707,6,1,8,234.4798543492174
2024-11-10,2024-11-13,2024-11-21,8,Suite,airbnb,3,0.9151858736920896,2,0,11,242.70509109616464
2024-04-15,2024-06-03,2024-06-07,4,Deluxe,booking.com,49,0.576837836444536,0,0,6,229.9593151625085
2024-12-18,2025-02-12,2025-02-13,1,Standard,expedia,56,0.7326121208049997,2,0,2,99.2509795322292
2023-05-15,2023-06-24,2023-06-27,3,Suite,airbnb,40,0.6140271389939583,5,1,6,454.1634304559248
2023-07-09,2023-10-03,2023-10-09,6,Standard,direct,86,0.6439694512618915,1,0,10,82.06569703632836
2023-07-11,2023-08-17,2023-08-25,8,Suite,expedia,37,0.6260544280068944,3,0,8,389.38974006768746
2023-10-26,2023-12-09,2023-12-13,4,Standard,booking.com,44,0.801760584677381,5,1,12,123.5577729541125
2023-08-05,2023-09-18,2023-09-26,8,Standard,booking.com,44,0.697907288997246,0,0,9,85.06047417507362
2024-11-03,2025-01-15,2025-01-24,9,Deluxe,expedia,73,0.8780981528859746,2,0,1,124.64024430545616
2023-07-07,2023-07-18,2023-07-19,1,Deluxe,booking.com,11,0.6917568309245504,1,0,7,265.14950995274455
2023-10-30,2023-12-22,2023-12-28,6,Suite,airbnb,53,0.5274882544769338,4,0,12,308.99271519136795
2023-06-16,2023-09-05,2023-09-13,8,Deluxe,direct,81,0.6927775592772114,1,0,9,118.58378609232807
2024-06-23,2024-09-06,2024-09-07,1,Standard,direct,75,0.760788362973657,4,0,9,66.51492169718081
2024-10-12,2024-12-21,2024-12-27,6,Suite,booking.com,70,0.6480869826113702,5,1,12,297.1539255483747
2023-01-04,2023-01-13,2023-01-16,3,Suite,direct,9,0.8263618850195136,4,0,1,296.5865826673851
2024-06-30,2024-08-08,2024-08-09,1,Deluxe,expedia,39,0.7449382518209942,3,0,8,200.99392555460676
2023-11-19,2024-02-08,2024-02-15,7,Suite,booking.com,81,0.8122093546212992,3,0,2,205.60667496561922
2023-08-08,2023-09-19,2023-09-22,3,Suite,direct,42,0.6447354663496802,1,0,9,237.02677027033192
2024-06-01,2024-06-25,2024-07-04,9,Standard,expedia,24,0.546753385964896,1,0,6,195.9590671252342
2023-04-28,2023-07-18,2023-07-24,6,Suite,direct,81,0.9050467922037795,1,0,7,227.93503896335255
2024-10-20,2024-12-09,2024-12-10,1,Deluxe,airbnb,50,0.8156543967379555,0,0,12,144.80472330579246
2024-10-28,2025-01-01,2025-01-10,9,Standard,expedia,65,0.6011126491786039,2,0,1,101.18603474331168
2024-01-20,2024-02-12,2024-02-19,7,Deluxe,direct,23,0.6522596760577821,0,0,2,210.435618872522
2024-10-30,2024-11-09,2024-11-15,6,Deluxe,airbnb,10,0.6388156692379071,5,1,11,208.2156540402453
2024-09-21,2024-11-17,2024-11-24,7,Suite,booking.com,57,0.6891421955300321,6,1,11,262.00291212499707
2024-07-15,2024-08-11,2024-08-17,6,Standard,airbnb,27,0.5240217920462534,6,1,8,221.76097851540908
2024-01-13,2024-04-11,2024-04-17,6,Suite,direct,89,0.5038392964407226,3,0,4,194.37790529604732
2023-09-20,2023-12-17,2023-12-22,5,Suite,airbnb,88,0.5679093925235379,6,1,12,281.83397860825283
2023-03-10,2023-03-18,2023-03-23,5,Suite,expedia,8,0.6011317199831874,5,1,3,387.84799895488095
2023-02-16,2023-02-25,2023-03-05,8,Suite,airbnb,9,0.7980124943632689,5,1,2,377.54431287765374
2024-10-13,2024-11-12,2024-11-17,5,Suite,booking.com,30,0.8541903182636561,1,0,11,202.15424186551957
2024-11-09,2025-01-19,2025-01-21,2,Standard,airbnb,71,0.8561016876214432,6,1,1,97.00649390149229
2023-02-28,2023-04-11,2023-04-13,2,Deluxe,expedia,42,0.728419393458936,1,0,4,132.55273586950597
2023-10-16,2023-10-18,2023-10-26,8,Deluxe,booking.com,2,0.8427531189947135,2,0,10,162.87152237018745
2024-05-21,2024-08-04,2024-08-08,4,Suite,direct,75,0.5011638308529025,6,1,8,411.1603651198439
2024-01-02,2024-01-23,2024-01-29,6,Standard,expedia,21,0.7928876928613628,1,0,1,125.52314353743316
2024-01-01,2024-01-25,2024-02-01,7,Deluxe,direct,24,0.5828733560549787,3,0,1,205.95266634408668
2024-07-18,2024-10-02,2024-10-04,2,Suite,direct,76,0.6846218058614792,2,0,10,181.4930613653001
2023-01-19,2023-02-16,2023-02-20,4,Suite,expedia,28,0.8718335504829878,3,0,2,279.2991293639654
2024-04-20,2024-06-06,2024-06-15,9,Suite,expedia,47,0.5229262056405661,3,0,6,398.99588473736094
2024-07-18,2024-08-22,2024-08-30,8,Standard,direct,35,0.6272185262398381,3,0,8,162.53435482833268
2023-12-28,2024-03-05,2024-03-06,1,Suite,booking.com,68,0.5597976700087363,1,0,3,235.23562789482855
2023-08-31,2023-10-31,2023-11-06,6,Standard,expedia,61,0.9193946171546739,1,0,10,71.17058112732659
2024-03-20,2024-05-27,2024-05-28,1,Standard,airbnb,68,0.8801696678231654,0,0,5,63.69307536532124
2023-02-18,2023-03-23,2023-03-28,5,Standard,direct,33,0.6543933006963629,3,0,3,93.22804304634822
2024-01-04,2024-01-31,2024-02-06,6,Deluxe,airbnb,27,0.5902287043641266,2,0,1,195.82496013313585
2023-11-09,2024-01-15,2024-01-16,1,Suite,airbnb,67,0.7068843930085618,0,0,1,243.8590947171775
2023-10-11,2023-10-19,2023-10-21,2,Deluxe,booking.com,8,0.8200860560085717,3,0,10,133.97053154193256
2023-08-09,2023-09-06,2023-09-12,6,Deluxe,direct,28,0.7181330949285097,2,0,9,160.55464574047733
2024-06-08,2024-08-15,2024-08-16,1,Standard,expedia,68,0.8116897359552144,3,0,8,120.74799967289695
2024-05-19,2024-06-25,2024-06-28,3,Standard,booking.com,37,0.8732937174768188,1,0,6,131.14648016466515
2024-06-27,2024-09-18,2024-09-23,5,Deluxe,airbnb,83,0.7732351152212762,2,0,9,100.32895311030552
2023-01-13,2023-04-04,2023-04-07,3,Standard,booking.com,81,0.9357103714837067,1,0,4,64.99677464343026
2023-08-15,2023-09-10,2023-09-13,3,Suite,airbnb,26,0.5128485973795884,6,1,9,372.78407838960504
2023-10-31,2024-01-05,2024-01-08,3,Suite,expedia,66,0.9224145973648431,4,0,1,203.84346136477066
2023-09-17,2023-11-08,2023-11-17,9,Suite,booking.com,52,0.5105133046381347,2,0,11,260.21100384123696
2023-12-22,2023-12-27,2023-12-30,3,Standard,direct,5,0.5324439973343731,2,0,12,166.1208520689412
2024-01-21,2024-03-08,2024-03-17,9,Suite,direct,47,0.6326667768741321,4,0,3,250.73588945534956
2024-11-17,2024-11-28,2024-12-07,9,Standard,expedia,11,0.9013731053941136,3,0,11,115.81027946985118
2023-03-22,2023-06-07,2023-06-09,2,Standard,airbnb,77,0.5201204985562448,2,0,6,128.68258349519803
2024-04-12,2024-05-16,2024-05-21,5,Suite,airbnb,34,0.9330096293775685,3,0,5,191.01991150243455
2023-04-06,2023-05-01,2023-05-10,9,Deluxe,expedia,25,0.7487317636850186,0,0,5,152.51254264332056
2023-05-11,2023-07-09,2023-07-14,5,Deluxe,booking.com,59,0.8177531155449987,6,1,7,204.64866296967952
2023-10-19,2023-12-31,2024-01-09,9,Suite,direct,73,0.8245321748942014,6,1,12,266.01418310395195
2023-08-15,2023-10-24,2023-10-29,5,Standard,expedia,70,0.7786741525801777,1,0,10,72.8770401882129
2023-05-14,2023-07-10,2023-07-11,1,Deluxe,expedia,57,0.7294913109477443,0,0,7,187.30113655028097
2024-07-24,2024-08-05,2024-08-10,5,Deluxe,booking.com,12,0.8863305044845082,0,0,8,223.46327159172125
2023-06-07,2023-08-21,2023-08-23,2,Standard,airbnb,75,0.5597585531317075,0,0,8,122.77702399369237
2024-07-08,2024-09-29,2024-10-04,5,Standard,expedia,83,0.7015880640349927,6,1,9,81.01055718424277
2024-02-12,2024-04-28,2024-05-05,7,Suite,airbnb,76,0.9395087713974645,6,1,4,170.26274932823551
2024-08-05,2024-08-15,2024-08-19,4,Standard,booking.com,10,0.5370901843096496,3,0,8,190.1138921260959
2023-06-14,2023-06-28,2023-06-30,2,Deluxe,booking.com,14,0.83466215876677,2,0,6,217.85374000312652
2024-10-11,2024-11-03,2024-11-07,4,Suite,airbnb,23,0.7366592841276042,6,1,11,311.2601299729495
2023-06-13,2023-07-08,2023-07-10,2,Suite,airbnb,25,0.5311051396429046,5,1,7,538.8269482840799
2024-09-01,2024-09-12,2024-09-14,2,Suite,direct,11,0.9244321440594744,3,0,9,214.664753411922
2024-10-14,2024-11-10,2024-11-17,7,Deluxe,direct,27,0.5467066866870322,6,1,11,208.10445781511152
2023-09-20,2023-10-29,2023-11-01,3,Suite,direct,39,0.6011053407098399,6,1,10,329.81312469720547
2024-04-10,2024-06-27,2024-07-01,4,Deluxe,airbnb,78,0.6232946183216395,3,0,6,183.94067855669255
2024-08-17,2024-10-14,2024-10-23,9,Standard,expedia,58,0.5523825917837099,0,0,10,95.45332914634423
2024-03-01,2024-03-09,2024-03-18,9,Suite,airbnb,8,0.6128694966282802,5,1,3,366.9559721687134
2024-03-09,2024-03-31,2024-04-07,7,Deluxe,direct,22,0.6672813239004814,6,1,3,203.99780585470793
2023-10-12,2023-12-22,2023-12-24,2,Deluxe,expedia,71,0.8825035973881861,4,0,12,124.79673629721265
2024-10-09,2024-12-30,2025-01-01,2,Standard,expedia,82,0.5497149833598458,0,0,12,124.95999040609951
2024-09-12,2024-09-30,2024-10-02,2,Standard,expedia,18,0.7932981557099781,0,0,9,93.28146678412212
2024-11-13,2025-01-23,2025-01-30,7,Standard,direct,71,0.6913764863658594,3,0,1,78.50889097657175
2023-10-14,2023-12-22,2023-12-25,3,Deluxe,booking.com,69,0.5103311711288968,4,0,12,161.55212949184076
2024-05-03,2024-05-30,2024-06-03,4,Suite,expedia,27,0.7144174773611535,3,0,5,255.42961972236284
2024-11-11,2024-11-25,2024-11-30,5,Suite,direct,14,0.7381194643477696,0,0,11,285.41108614588893
2024-11-17,2025-01-02,2025-01-07,5,Standard,expedia,46,0.6627213300881439,3,0,1,102.48863094592565
2024-07-05,2024-09-13,2024-09-14,1,Standard,booking.com,70,0.8554291919709405,4,0,9,64.86652197936702
2024-06-09,2024-06-16,2024-06-17,1,Suite,booking.com,7,0.9138311116149714,6,1,6,422.1549737180138
2023-08-14,2023-11-05,2023-11-07,2,Suite,airbnb,83,0.6136471719351045,6,1,11,223.31302700038404
2023-02-08,2023-02-16,2023-02-18,2,Suite,airbnb,8,0.5064404194997572,3,0,2,386.4078006924117
2024-03-02,2024-04-03,2024-04-08,5,Suite,expedia,32,0.8250523129486078,2,0,4,239.68750582090112
2024-05-25,2024-07-14,2024-07-19,5,Standard,expedia,50,0.5950871478312137,6,1,7,198.16959231588604
2023-09-03,2023-10-18,2023-10-21,3,Deluxe,expedia,45,0.6623331760873197,2,0,10,137.49416286327667
2024-10-05,2024-12-20,2024-12-21,1,Standard,direct,76,0.9308299844819499,4,0,12,61.42533611110692
2023-03-08,2023-05-20,2023-05-23,3,Standard,booking.com,73,0.937152883018307,5,1,5,77.65493971264607
2023-07-03,2023-07-17,2023-07-24,7,Deluxe,booking.com,14,0.6090238767467422,0,0,7,273.7551500569538
2023-08-10,2023-09-28,2023-10-05,7,Suite,booking.com,49,0.6699850857484242,3,0,9,212.90405079443633
2023-02-19,2023-03-21,2023-03-22,1,Standard,direct,30,0.7701948422776033,1,0,3,87.71729311515244
2023-01-30,2023-04-28,2023-05-03,5,Deluxe,airbnb,88,0.7591905021405619,4,0,4,109.48697491935404
2023-05-17,2023-06-27,2023-06-30,3,Suite,expedia,41,0.6169789566820831,1,0,6,376.22190771112497
2024-06-13,2024-08-19,2024-08-26,7,Standard,direct,67,0.5720349114031567,0,0,8,136.2003174928825
2023-01-20,2023-03-10,2023-03-16,6,Standard,direct,49,0.6567287766175368,4,0,3,78.85607546759566
2023-04-11,2023-07-06,2023-07-10,4,Suite,expedia,86,0.7543552718658673,3,0,7,214.60212140773416
2023-01-27,2023-02-16,2023-02-24,8,Deluxe,booking.com,20,0.5619353451923098,3,0,2,211.9196691672239
2024-04-21,2024-04-26,2024-04-27,1,Suite,airbnb,5,0.7541261725686558,4,0,4,289.2977163951103
2024-12-29,2025-03-23,2025-03-31,8,Standard,direct,84,0.8604384172318593,6,1,3,65.69497271446564
2023-12-19,2024-02-10,2024-02-17,7,Deluxe,booking.com,53,0.6571224491899798,5,1,2,187.22583370519345
2024-05-03,2024-07-07,2024-07-14,7,Standard,expedia,65,0.8937956997456931,6,1,7,122.61325076794175
2024-09-15,2024-11-30,2024-12-07,7,Deluxe,airbnb,76,0.5123527430172266,5,1,11,149.321059867913
2023-11-25,2023-12-26,2023-12-29,3,Suite,expedia,31,0.6691214590850885,1,0,12,294.1831575676156
2024-12-01,2024-12-26,2024-12-28,2,Deluxe,airbnb,25,0.580269239715087,3,0,12,200.99328746446724
2023-11-04,2023-11-08,2023-11-13,5,Suite,direct,4,0.896609110735115,2,0,11,245.91908496255272
2024-11-09,2025-01-13,2025-01-22,9,Standard,airbnb,65,0.5660222275908453,0,0,1,120.55981140604189
2023-09-10,2023-09-25,2023-09-29,4,Suite,airbnb,15,0.8041578102155851,0,0,9,239.90605563791058
2024-02-23,2024-04-27,2024-05-05,8,Suite,booking.com,64,0.6403441475324037,5,1,4,265.5688153378001
2023-03-23,2023-05-17,2023-05-21,4,Suite,booking.com,55,0.9049310302779849,2,0,5,174.87989304194318
2024-05-11,2024-06-11,2024-06-20,9,Suite,expedia,31,0.7283136498759505,1,0,6,368.405761273537
2023-11-11,2023-11-14,2023-11-16,2,Deluxe,expedia,3,0.9345471923558423,1,0,11,128.50309922454556
2024-04-11,2024-06-28,2024-06-29,1,Deluxe,expedia,78,0.6270522657619568,4,0,6,175.55318871486946
2023-12-28,2024-01-22,2024-01-25,3,Suite,airbnb,25,0.5483647098693788,0,0,1,372.94593570090996
2024-07-30,2024-09-02,2024-09-04,2,Deluxe,booking.com,34,0.8383832068241688,0,0,9,138.00974937021073
2024-05-01,2024-05-06,2024-05-13,7,Suite,direct,5,0.9024160237394667,0,0,5,249.9483151096362
2024-09-26,2024-12-07,2024-12-08,1,Suite,expedia,72,0.8990267253093589,5,1,12,232.4431386949717
2023-04-07,2023-05-08,2023-05-11,3,Standard,expedia,31,0.9118378114686272,0,0,5,86.32092099750054
2023-03-12,2023-05-11,2023-05-15,4,Suite,booking.com,60,0.6860407873368257,3,0,5,224.50584203398142
2024-10-07,2024-10-13,2024-10-17,4,Deluxe,expedia,6,0.657294437828323,6,1,10,230.6975018572677
2024-08-02,2024-10-02,2024-10-07,5,Suite,airbnb,61,0.7301386563542999,2,0,10,199.32364276052556
2023-01-26,2023-03-06,2023-03-08,2,Standard,airbnb,39,0.7031115758953027,0,0,3,100.37764028770273
2023-05-13,2023-06-05,2023-06-13,8,Standard,booking.com,23,0.5604771744689119,0,0,6,174.1593961182542
2023-05-07,2023-06-17,2023-06-25,8,Deluxe,booking.com,41,0.6389451918471207,5,1,6,288.07944334365436
2023-01-19,2023-03-11,2023-03-19,8,Deluxe,airbnb,51,0.9114458363168563,5,1,3,123.91444536253492
2023-12-08,2024-02-17,2024-02-26,9,Standard,airbnb,71,0.636471171934125,5,1,2,124.83827486948167
2024-12-24,2025-01-21,2025-01-25,4,Standard,direct,28,0.5259166005266401,1,0,1,140.66700479894698
2023-03-21,2023-06-09,2023-06-14,5,Standard,booking.com,80,0.8449582001723965,4,0,6,102.83383295613376
2024-09-14,2024-11-07,2024-11-13,6,Suite,airbnb,54,0.9198906102388578,3,0,11,167.1961105781452
2024-09-05,2024-10-06,2024-10-09,3,Suite,booking.com,31,0.7630568533013996,6,1,10,296.2617972376923
2023-08-01,2023-10-18,2023-10-22,4,Deluxe,expedia,78,0.5664866171726453,2,0,10,114.74550836823961
2023-03-27,2023-04-25,2023-04-28,3,Deluxe,booking.com,29,0.8004828775218387,1,0,4,170.86017862273908
2024-03-25,2024-05-31,2024-06-09,9,Deluxe,expedia,67,0.8556628731978779,4,0,5,116.19619780849634
2023-10-15,2023-11-21,2023-11-24,3,Standard,booking.com,37,0.5553091305125083,1,0,11,97.07436065975277
2024-06-25,2024-08-07,2024-08-10,3,Standard,airbnb,43,0.5848102977335436,2,0,8,156.7616170785621
2023-10-15,2023-12-07,2023-12-09,2,Deluxe,expedia,53,0.7795078389267875,3,0,12,149.36423790742163
2023-07-23,2023-07-26,2023-07-27,1,Deluxe,direct,3,0.7921712627045885,2,0,7,228.220430781745
2023-12-15,2024-01-14,2024-01-21,7,Suite,airbnb,30,0.6281073266592159,6,1,1,369.2975833275675
2024-08-09,2024-10-22,2024-10-24,2,Standard,booking.com,74,0.8391085650521136,1,0,10,45.781985886140205
2023-05-26,2023-06-23,2023-07-01,8,Deluxe,direct,28,0.8555705106461203,4,0,6,211.90047282408088
2023-09-13,2023-11-04,2023-11-10,6,Deluxe,direct,52,0.7670930677852618,5,1,11,141.12413535033227
2023-09-15,2023-12-10,2023-12-15,5,Standard,airbnb,86,0.8613941642407021,6,1,12,90.09014043506744
2024-05-17,2024-07-19,2024-07-20,1,Deluxe,expedia,63,0.7411476795018656,4,0,7,179.7527661498516
2024-12-16,2025-02-13,2025-02-16,3,Standard,booking.com,59,0.7974951846122648,3,0,2,99.1785255904546
2024-02-17,2024-04-30,2024-05-04,4,Deluxe,booking.com,73,0.9112579508029337,1,0,4,88.7935649451249
2023-06-19,2023-08-01,2023-08-04,3,Standard,booking.com,43,0.8549229102870811,1,0,8,136.11406815603527
2024-01-21,2024-02-28,2024-03-08,9,Standard,direct,38,0.5221179933560556,2,0,2,129.44046770131646
2023-02-05,2023-02-22,2023-02-23,1,Suite,direct,17,0.5009572494703184,2,0,2,383.5618549354004
2024-06-22,2024-09-17,2024-09-23,6,Deluxe,booking.com,87,0.8774605686093457,1,0,9,88.52298192913233
2023-12-20,2024-02-23,2024-02-27,4,Deluxe,direct,65,0.5643569463636975,4,0,2,167.8938136940801
2024-12-29,2025-01-23,2025-01-30,7,Standard,expedia,25,0.8545203048806583,3,0,1,112.93139491877889
2023-02-09,2023-02-24,2023-03-03,7,Standard,airbnb,15,0.79757473933127,4,0,2,119.4204145754624
2024-01-16,2024-02-11,2024-02-16,5,Standard,airbnb,26,0.7781250571446172,6,1,2,133.73965419648476
2024-10-19,2024-12-11,2024-12-13,2,Suite,airbnb,53,0.8307652557170697,2,0,12,234.5163787081272
2024-07-04,2024-07-08,2024-07-17,9,Suite,booking.com,4,0.9232142867128119,0,0,7,369.15684787305895
2023-10-07,2023-11-15,2023-11-22,7,Standard,direct,39,0.757313692848543,2,0,11,88.18396497058706
2024-08-25,2024-09-07,2024-09-12,5,Suite,booking.com,13,0.608216407813486,5,1,9,348.4429946091178
2023-11-16,2024-02-13,2024-02-21,8,Suite,expedia,89,0.5266002219948581,1,0,2,229.31246540779966
2024-11-19,2025-01-24,2025-01-29,5,Suite,booking.com,66,0.5001988348589665,4,0,1,280.6920612423646
2024-07-26,2024-09-11,2024-09-13,2,Standard,airbnb,47,0.9051244330917647,2,0,9,90.33545202139987
2023-03-19,2023-06-04,2023-06-11,7,Standard,airbnb,77,0.8899885795450669,6,1,6,105.1360119279724
2024-10-03,2024-10-29,2024-11-04,6,Deluxe,direct,26,0.6775001772787529,1,0,10,157.952905892365
2023-10-06,2023-10-28,2023-11-01,4,Deluxe,direct,22,0.8980016518921055,5,1,10,162.1080501992774
2023-09-25,2023-10-04,2023-10-08,4,Deluxe,direct,9,0.737632589800828,2,0,10,169.2899088410455
2023-07-24,2023-08-31,2023-09-01,1,Standard,expedia,38,0.6648953826176895,3,0,8,152.143515351282
2024-08-22,2024-10-30,2024-11-04,5,Standard,booking.com,69,0.6398712561232558,2,0,10,83.25904241570117
2023-01-21,2023-03-28,2023-03-29,1,Standard,expedia,66,0.6076786735350325,1,0,3,86.50893251454855
2023-07-02,2023-07-30,2023-08-07,8,Standard,airbnb,28,0.7511898890375673,6,1,7,183.11015646012928
2023-03-07,2023-03-21,2023-03-26,5,Standard,airbnb,14,0.5889801936595631,1,0,3,128.9596253518473
2024-12-23,2024-12-28,2024-12-30,2,Standard,expedia,5,0.6879283601281789,5,1,12,170.6025511238224
2024-12-30,2025-03-18,2025-03-26,8,Standard,expedia,78,0.7743516057292343,1,0,3,53.38351177123583
2023-07-21,2023-08-14,2023-08-19,5,Suite,airbnb,24,0.5063727634176028,0,0,8,450.18413276360843
2023-10-02,2023-12-24,2023-12-28,4,Standard,direct,83,0.5728260399407634,6,1,12,110.2565130286559
2023-09-16,2023-12-01,2023-12-10,9,Deluxe,airbnb,76,0.9179959257814394,4,0,12,101.96268552866768
2024-11-19,2025-02-02,2025-02-09,7,Standard,direct,75,0.7896398470387465,6,1,2,101.94839433346156
2024-08-18,2024-08-26,2024-09-04,9,Standard,expedia,8,0.6312969257524437,0,0,8,180.69748163352037
2023-09-12,2023-11-13,2023-11-22,9,Suite,direct,62,0.5574002660879581,0,0,11,233.77375699649895
2023-05-02,2023-05-17,2023-05-18,1,Suite,direct,15,0.5052573289146881,2,0,5,327.21259089549727
2023-06-29,2023-09-08,2023-09-16,8,Deluxe,direct,71,0.6341096018729527,4,0,9,134.4464346975229
2023-08-17,2023-09-18,2023-09-19,1,Standard,airbnb,32,0.894476060036443,0,0,9,77.4875515204208
2023-07-06,2023-08-03,2023-08-08,5,Suite,direct,28,0.6564976186693698,3,0,8,401.52203401201706
2023-01-12,2023-03-01,2023-03-02,1,Deluxe,expedia,48,0.726530773487455,2,0,3,135.36511792241484
2023-01-08,2023-02-17,2023-02-22,5,Suite,expedia,40,0.5197753538876702,4,0,2,333.8532343657238
2023-12-25,2024-03-14,2024-03-15,1,Suite,direct,80,0.6049993154047102,3,0,3,197.32574621173714
2024-09-13,2024-10-25,2024-11-02,8,Standard,expedia,42,0.6324723171479809,4,0,10,97.89630922778156
2024-11-08,2024-12-25,2025-01-01,7,Deluxe,expedia,47,0.8774634793455344,2,0,12,133.953092695161
2023-07-17,2023-10-07,2023-10-16,9,Deluxe,expedia,82,0.682010125376114,5,1,10,144.81334500634614
2024-11-07,2025-01-14,2025-01-20,6,Suite,airbnb,68,0.7234670598590376,1,0,1,220.96621775191053
2024-05-02,2024-05-21,2024-05-29,8,Standard,booking.com,19,0.9229617368552893,1,0,5,94.34133416030276
2023-12-10,2024-01-24,2024-01-28,4,Standard,booking.com,45,0.7158631046829821,2,0,1,97.04230185134281
2023-11-21,2024-02-12,2024-02-16,4,Suite,booking.com,83,0.9086315928191437,0,0,2,161.88987551813426
2023-05-17,2023-06-04,2023-06-12,8,Deluxe,direct,18,0.8154561444468655,6,1,6,281.4732282464335
2023-08-17,2023-10-07,2023-10-10,3,Suite,expedia,51,0.6511718881120395,5,1,10,264.5566652692395
2023-04-02,2023-06-08,2023-06-17,9,Deluxe,airbnb,67,0.9171502311029832,3,0,6,139.0306391351599
2024-12-24,2025-03-10,2025-03-19,9,Standard,airbnb,76,0.7241460200544627,0,0,3,71.07737825112557
2023-02-19,2023-05-06,2023-05-09,3,Suite,direct,76,0.866939400602609,5,1,5,193.27147499980322
2023-12-24,2024-02-08,2024-02-12,4,Suite,expedia,46,0.8790933241435996,3,0,2,231.25065488075944
2023-01-22,2023-01-25,2023-02-01,7,Suite,airbnb,3,0.6447263247730352,2,0,1,379.12177835302236
2023-02-08,2023-02-17,2023-02-22,5,Standard,expedia,9,0.7874594402463507,4,0,2,131.78276535324508
2024-07-26,2024-10-08,2024-10-15,7,Deluxe,direct,74,0.6130991684797976,1,0,10,116.83729036312127
2023-03-08,2023-05-20,2023-05-26,6,Standard,booking.com,73,0.7952255675147435,5,1,5,81.099704092869
2023-09-28,2023-12-14,2023-12-16,2,Suite,direct,77,0.7742498157652522,3,0,12,187.7119177387448
2023-07-12,2023-07-26,2023-07-28,2,Suite,booking.com,14,0.9082823220038141,2,0,7,340.13470177617654
2023-01-20,2023-02-16,2023-02-20,4,Standard,airbnb,27,0.580867124224883,3,0,2,118.92394796075205
2023-11-03,2024-01-06,2024-01-11,5,Standard,direct,64,0.9375013949060147,5,1,1,111.89725748108131
2023-06-26,2023-08-29,2023-09-01,3,Standard,airbnb,64,0.5604473847111012,1,0,8,141.36897037201723
2023-12-17,2023-12-24,2023-12-30,6,Suite,airbnb,7,0.6095937648281807,6,1,12,452.9182757863548
2023-06-11,2023-07-09,2023-07-11,2,Standard,expedia,28,0.837453426967317,6,1,7,155.80202379985224
2023-07-22,2023-09-19,2023-09-21,2,Suite,direct,59,0.8064485996003966,1,0,9,197.4643991355592
2023-01-06,2023-02-03,2023-02-07,4,Suite,airbnb,28,0.8960885365800759,4,0,2,259.507202381125
2023-06-22,2023-07-25,2023-08-03,9,Standard,airbnb,33,0.6308140125119506,1,0,7,151.02481816037974
2023-08-20,2023-10-04,2023-10-13,9,Deluxe,booking.com,45,0.9301472835522628,2,0,10,109.42461631717705
2024-11-17,2024-12-14,2024-12-18,4,Deluxe,expedia,27,0.6104201128418948,5,1,12,257.86050239156845
2023-01-18,2023-01-23,2023-01-25,2,Standard,expedia,5,0.9451597309822026,0,0,1,108.53862506435028
2023-01-16,2023-02-26,2023-03-05,7,Suite,expedia,41,0.7694837334986455,6,1,2,312.322721273087
2024-01-09,2024-01-11,2024-01-17,6,Standard,booking.com,2,0.9069697470525242,3,0,1,122.97130567491747
2024-08-26,2024-08-29,2024-08-30,1,Deluxe,booking.com,3,0.9119958177628371,3,0,8,215.47729495946092
2024-08-15,2024-10-02,2024-10-11,9,Suite,airbnb,48,0.7836759402414575,2,0,10,202.87060778816834
2023-06-04,2023-07-27,2023-08-01,5,Suite,booking.com,53,0.9035482652210645,3,0,7,278.0982829528015
2024-03-07,2024-05-16,2024-05-22,6,Standard,direct,70,0.7048774308256966,3,0,5,97.47522646951136
2024-12-06,2025-01-01,2025-01-09,8,Suite,booking.com,26,0.7779444007642486,2,0,1,294.50812581385725
2024-10-29,2024-11-17,2024-11-20,3,Deluxe,expedia,19,0.7747368409454309,6,1,11,171.36915629596706
2023-04-24,2023-06-16,2023-06-20,4,Suite,direct,53,0.6797321268369779,4,0,6,329.6977118526094
2024-12-29,2024-12-31,2025-01-09,9,Deluxe,booking.com,2,0.707588319406453,1,0,12,215.13575145354662
2023-06-28,2023-07-12,2023-07-16,4,Standard,booking.com,14,0.9368670859735044,2,0,7,124.45365404761614
2023-08-16,2023-11-10,2023-11-12,2,Deluxe,expedia,86,0.6511624587243843,4,0,11,122.2799605878209
2024-03-02,2024-05-18,2024-05-21,3,Standard,expedia,77,0.5021895293224709,5,1,5,105.84868137089147
2024-03-16,2024-04-26,2024-04-27,1,Standard,expedia,41,0.6792166434372668,4,0,4,107.20641129079029
2023-05-24,2023-08-08,2023-08-10,2,Deluxe,expedia,76,0.5048518202758108,1,0,8,180.66071504904738
2024-07-18,2024-07-25,2024-08-02,8,Standard,direct,7,0.7976266617839851,3,0,7,154.90422409131747
2024-03-26,2024-05-18,2024-05-25,7,Suite,airbnb,53,0.7755517435797452,5,1,5,256.0129768189945
2024-03-08,2024-03-19,2024-03-24,5,Standard,airbnb,11,0.7167504572317538,1,0,3,121.82006967994303
2023-10-29,2024-01-04,2024-01-13,9,Standard,airbnb,67,0.846532420908719,3,0,1,78.90391881150548
2023-12-15,2024-01-14,2024-01-18,4,Deluxe,booking.com,30,0.8460101083484295,6,1,1,206.20746720540814
2024-03-23,2024-05-31,2024-06-01,1,Suite,expedia,69,0.8616584965078515,4,0,5,160.08618739751424
2023-05-24,2023-07-05,2023-07-07,2,Standard,booking.com,42,0.7859185255479451,2,0,7,134.98361115581795
2023-07-06,2023-07-28,2023-08-02,5,Deluxe,airbnb,22,0.5761464791195091,4,0,7,240.28045630499145
2023-03-24,2023-05-08,2023-05-11,3,Standard,direct,45,0.9284402020961031,0,0,5,102.08450918984813
2023-07-21,2023-08-09,2023-08-17,8,Deluxe,direct,19,0.715914530794343,2,0,8,239.34243881054832
2024-01-06,2024-02-17,2024-02-24,7,Standard,airbnb,42,0.7224006742012876,5,1,2,139.85284438931495
2024-12-15,2025-01-12,2025-01-13,1,Deluxe,booking.com,28,0.5523052224936823,6,1,1,258.740494137434
2023-12-25,2024-01-03,2024-01-09,6,Suite,expedia,9,0.5985599965753039,2,0,1,357.614137420948
2024-01-13,2024-02-15,2024-02-18,3,Suite,direct,33,0.6041203391638731,3,0,2,317.1355795765868
2023-07-18,2023-08-29,2023-09-07,9,Suite,booking.com,42,0.6033875305475652,1,0,8,387.3838429165332
2024-01-03,2024-03-03,2024-03-09,6,Suite,booking.com,60,0.8659743645033655,6,1,3,223.92304529485102
2023-04-18,2023-05-01,2023-05-05,4,Deluxe,direct,13,0.7589193695529285,0,0,5,143.13505256084218
2024-04-11,2024-05-29,2024-06-05,7,Deluxe,airbnb,48,0.8175604294508804,2,0,5,114.46892160231144
2023-12-20,2024-01-16,2024-01-20,4,Standard,expedia,27,0.8360323789040778,1,0,1,110.07259405871578
2023-10-29,2024-01-15,2024-01-24,9,Deluxe,direct,78,0.602795223791024,0,0,1,146.73493146223512
2023-11-19,2024-02-06,2024-02-13,7,Deluxe,expedia,79,0.6008462475875912,1,0,2,137.00909845331725
2023-12-16,2024-02-08,2024-02-17,9,Deluxe,airbnb,54,0.7083478102530741,3,0,2,156.09495872908354
2023-11-10,2024-01-02,2024-01-05,3,Deluxe,expedia,53,0.6920609615609258,1,0,1,160.9889054952494
2024-05-05,2024-06-06,2024-06-12,6,Deluxe,expedia,32,0.933726291750069,3,0,6,171.23500414808098
2023-06-22,2023-08-23,2023-08-31,8,Deluxe,direct,62,0.6242989460474626,2,0,8,200.07594908325123
2023-03-01,2023-04-03,2023-04-09,6,Deluxe,expedia,33,0.6725155695386376,0,0,4,151.0630515044852
2024-09-10,2024-11-15,2024-11-20,5,Deluxe,expedia,66,0.5307469704605784,4,0,11,129.79441040417086
2024-03-14,2024-04-24,2024-05-03,9,Suite,booking.com,41,0.782886362402448,2,0,4,225.89821781350614
2024-02-10,2024-03-30,2024-04-01,2,Standard,booking.com,49,0.6666553342251347,5,1,3,113.25190541723205
2023-06-26,2023-06-28,2023-07-06,8,Standard,booking.com,2,0.5332459841537709,2,0,6,194.69504977761886
2024-09-05,2024-11-26,2024-11-29,3,Deluxe,booking.com,82,0.80989165495109,1,0,11,84.92495567390628
2024-10-26,2024-11-05,2024-11-10,5,Suite,airbnb,10,0.6893558299300957,1,0,11,280.1063737178981
2024-03-08,2024-03-25,2024-03-30,5,Standard,booking.com,17,0.7047905363024547,0,0,3,93.84822910722905
2023-03-26,2023-06-07,2023-06-13,6,Suite,booking.com,73,0.683007332356802,2,0,6,298.54362586772936
2024-04-21,2024-05-22,2024-05-28,6,Suite,airbnb,31,0.6932413258699164,2,0,5,252.26914363343607
2024-08-15,2024-09-23,2024-09-30,7,Standard,airbnb,39,0.5074616608176479,0,0,9,122.98199769733448
2023-08-14,2023-11-11,2023-11-16,5,Deluxe,airbnb,89,0.7340096947210427,5,1,11,117.28650553871192
2023-02-05,2023-04-02,2023-04-08,6,Suite,expedia,56,0.7510010705583821,6,1,4,238.4769245438673
2023-11-09,2024-01-24,2024-02-01,8,Deluxe,direct,76,0.661911899399162,2,0,1,148.4574927279948
2024-01-04,2024-01-06,2024-01-15,9,Suite,expedia,2,0.5927733085825351,5,1,1,469.1574564696604
2023-05-14,2023-08-09,2023-08-18,9,Deluxe,expedia,87,0.6500074533470885,2,0,8,173.32503666927
2023-12-20,2024-02-28,2024-03-04,5,Suite,airbnb,70,0.9061825257477489,2,0,2,209.04032726243094
2024-09-26,2024-10-28,2024-10-30,2,Suite,booking.com,32,0.9274795381580584,0,0,10,195.14751706111792
2024-12-22,2025-01-09,2025-01-15,6,Standard,direct,18,0.8009593380713994,3,0,1,131.96264364329977
2023-11-06,2023-12-05,2023-12-08,3,Deluxe,direct,29,0.7176292249900604,1,0,12,190.2491486180154
2024-03-20,2024-04-11,2024-04-19,8,Standard,booking.com,22,0.8786044411931553,3,0,4,98.46739334793425
2024-06-25,2024-08-31,2024-09-08,8,Deluxe,booking.com,67,0.745261085025548,5,1,8,207.2388203942382
2024-03-14,2024-03-24,2024-03-29,5,Suite,airbnb,10,0.5854496321643052,6,1,3,375.4676185745446
2024-05-07,2024-05-12,2024-05-16,4,Deluxe,airbnb,5,0.593080243078889,6,1,5,214.8636554370235
2023-05-29,2023-05-30,2023-06-02,3,Deluxe,direct,1,0.9392341587394895,1,0,5,138.48725262346045
2024-09-04,2024-10-08,2024-10-12,4,Standard,airbnb,34,0.5255342267342815,1,0,10,109.07021436365679
2024-05-16,2024-08-08,2024-08-13,5,Suite,expedia,84,0.6833768530821029,3,0,8,270.5065349999371
2023-12-06,2024-01-03,2024-01-08,5,Suite,airbnb,28,0.6147681412267811,2,0,1,332.6363491753338
2024-08-06,2024-09-11,2024-09-17,6,Standard,booking.com,36,0.8382114179027171,2,0,9,71.76721412894712
2023-11-23,2023-11-24,2023-11-28,4,Suite,airbnb,1,0.6298957505417889,4,0,11,327.9520894798904
2023-08-10,2023-09-24,2023-10-03,9,Suite,airbnb,45,0.723496786215459,6,1,9,276.20408068297223
2024-12-28,2025-02-08,2025-02-14,6,Suite,booking.com,42,0.562430299429744,5,1,2,381.3501460507087
2024-12-27,2025-02-04,2025-02-07,3,Standard,airbnb,39,0.6858608396300439,1,0,2,113.26847363718576
2023-01-28,2023-02-28,2023-03-01,1,Standard,direct,31,0.5846139293603919,1,0,2,157.80378114955442
2024-10-25,2025-01-20,2025-01-26,6,Deluxe,expedia,87,0.5983683838518484,0,0,1,146.53775026472726
2023-03-09,2023-05-09,2023-05-16,7,Suite,expedia,61,0.7421080835172923,1,0,5,203.23431602338627
2023-09-17,2023-10-11,2023-10-19,8,Deluxe,booking.com,24,0.6724192117208511,2,0,10,160.37565179148933
2023-10-28,2023-12-09,2023-12-18,9,Suite,direct,42,0.8843567254937508,5,1,12,289.9009193388534
2023-11-10,2023-11-20,2023-11-26,6,Suite,direct,10,0.8613371464892423,0,0,11,238.1687142365728
2023-09-30,2023-12-19,2023-12-22,3,Suite,airbnb,80,0.9177666085029743,1,0,12,165.98959113605392
2024-06-01,2024-08-22,2024-08-27,5,Standard,booking.com,82,0.7991283026294252,3,0,8,115.65764422899346
2024-11-03,2024-12-11,2024-12-16,5,Deluxe,airbnb,38,0.790646084836226,2,0,12,146.4998016735121
2023-09-29,2023-11-02,2023-11-11,9,Suite,direct,34,0.6060536512123017,3,0,11,269.19004972027557
2024-12-19,2025-02-05,2025-02-11,6,Deluxe,booking.com,48,0.8575334140882125,2,0,2,133.16627407151023
2024-06-18,2024-06-19,2024-06-21,2,Standard,booking.com,1,0.9212618159794412,2,0,6,149.68834809585974
2023-11-01,2023-12-10,2023-12-13,3,Deluxe,booking.com,39,0.5733499993475653,6,1,12,234.80626763660507
2024-05-06,2024-05-14,2024-05-16,2,Suite,airbnb,8,0.8414289933667553,1,0,5,248.81064526354695
2024-07-30,2024-08-23,2024-08-28,5,Deluxe,expedia,24,0.9256982433303849,4,0,8,184.31424986799274
2024-07-04,2024-07-15,2024-07-20,5,Deluxe,airbnb,11,0.664480476870696,0,0,7,255.8555577143653
2023-03-26,2023-04-18,2023-04-19,1,Suite,airbnb,23,0.7104281572196104,1,0,4,253.78203242149252
2024-05-29,2024-06-12,2024-06-19,7,Deluxe,booking.com,14,0.5687246072590056,2,0,6,283.38117883170196
2023-05-22,2023-06-09,2023-06-18,9,Standard,airbnb,18,0.6386728149764325,4,0,6,167.20852902295246
2024-07-17,2024-07-19,2024-07-20,1,Suite,airbnb,2,0.8698739309593166,4,0,7,405.7978055864663
2023-03-23,2023-04-13,2023-04-15,2,Standard,direct,21,0.7599575081913369,3,0,4,81.01367281392868
2023-09-28,2023-12-15,2023-12-19,4,Standard,expedia,78,0.8685948954237528,4,0,12,87.35602047219416
2023-12-28,2024-01-12,2024-01-20,8,Suite,booking.com,15,0.8140519456338111,4,0,1,297.330446412208
2023-02-24,2023-03-11,2023-03-12,1,Standard,direct,15,0.9247566455398649,5,1,3,108.93899929396473
2023-09-26,2023-10-11,2023-10-18,7,Deluxe,airbnb,15,0.8881801865204313,2,0,10,140.8954953574892
2023-08-31,2023-09-24,2023-09-27,3,Suite,direct,24,0.8507612411260064,6,1,9,281.8996112258532
2023-08-08,2023-09-18,2023-09-23,5,Standard,booking.com,41,0.5916030673045309,0,0,9,98.35917917808085
2024-12-27,2025-01-17,2025-01-25,8,Standard,direct,21,0.8338847102380893,4,0,1,126.04024201712784
2024-03-30,2024-05-04,2024-05-11,7,Standard,expedia,35,0.7015666025737679,5,1,5,136.16125986847234
2023-03-01,2023-05-10,2023-05-11,1,Standard,airbnb,70,0.8461420825968131,2,0,5,84.63095862416364
2023-01-06,2023-01-31,2023-02-04,4,Standard,expedia,25,0.7634917069735531,1,0,1,120.37439300017402
2023-10-30,2024-01-15,2024-01-16,1,Standard,booking.com,77,0.9422972796598004,0,0,1,66.95723901874288
2023-09-12,2023-11-30,2023-12-09,9,Deluxe,airbnb,79,0.9434583485861423,3,0,11,91.44055820436387
2023-06-21,2023-09-05,2023-09-10,5,Standard,airbnb,76,0.7204008024277717,1,0,9,79.19155125845049
2024-12-22,2025-01-16,2025-01-21,5,Deluxe,booking.com,25,0.8495490082242116,3,0,1,157.92212952335868
2024-09-24,2024-10-12,2024-10-21,9,Deluxe,direct,18,0.6758094288036867,5,1,10,189.3152362621694
2023-11-28,2024-02-18,2024-02-25,7,Deluxe,expedia,82,0.7027831808554016,6,1,2,133.52755271238243
2024-10-20,2025-01-04,2025-01-08,4,Suite,direct,76,0.566504011000474,5,1,1,307.2926339758571
2024-04-30,2024-07-04,2024-07-13,9,Standard,booking.com,65,0.5248517597620638,3,0,7,153.5006590089804
2024-02-21,2024-04-18,2024-04-23,5,Standard,direct,57,0.5107423157184665,3,0,4,98.278774691748
2023-09-12,2023-09-20,2023-09-23,3,Suite,booking.com,8,0.6190955493934978,2,0,9,310.05945903185534
2023-08-24,2023-11-01,2023-11-04,3,Standard,expedia,69,0.7422814219003155,2,0,11,70.363570394592
2023-01-06,2023-03-25,2023-03-31,6,Suite,airbnb,78,0.850990285001054,5,1,3,197.5513783754215
2024-02-05,2024-03-29,2024-04-01,3,Suite,booking.com,53,0.7794068847373203,4,0,3,217.20684191155067
2024-09-13,2024-09-15,2024-09-18,3,Suite,airbnb,2,0.935282537497804,6,1,9,264.8834941508366
2023-06-24,2023-07-01,2023-07-07,6,Deluxe,direct,7,0.7882390740397631,5,1,7,277.1602041049909
2024-03-07,2024-03-20,2024-03-24,4,Suite,booking.com,13,0.7593525679292665,2,0,3,258.2270929821294
2023-11-28,2024-01-28,2024-02-06,9,Standard,airbnb,61,0.6936314856680882,6,1,1,121.45431849660781
2023-10-08,2023-10-28,2023-10-29,1,Standard,airbnb,20,0.545124280208287,5,1,10,159.9724417286599
2024-01-14,2024-03-29,2024-04-03,5,Deluxe,direct,75,0.640573095895041,4,0,3,110.76363682724606
2023-01-13,2023-02-07,2023-02-11,4,Suite,direct,25,0.7613775301392713,1,0,2,302.7292553245884
2023-01-10,2023-03-02,2023-03-05,3,Standard,direct,51,0.8963785078541371,3,0,3,86.187970896738
2023-05-14,2023-06-20,2023-06-23,3,Deluxe,expedia,37,0.7061648343498539,1,0,6,239.1875500055283
2024-08-13,2024-08-18,2024-08-20,2,Suite,airbnb,5,0.5580711797821224,6,1,8,564.2388188968807
2023-07-22,2023-09-11,2023-09-15,4,Deluxe,booking.com,51,0.7342806585611057,0,0,9,131.68339284514244
2023-09-20,2023-11-19,2023-11-26,7,Suite,direct,60,0.8255727698651478,6,1,11,219.2608840946764
2024-01-03,2024-01-14,2024-01-17,3,Deluxe,expedia,11,0.7193790991504639,6,1,1,228.37080027954102
2024-02-17,2024-05-04,2024-05-11,7,Standard,airbnb,77,0.8872634075552678,5,1,5,69.31863574515424
2024-03-27,2024-06-08,2024-06-16,8,Suite,expedia,73,0.7468351691276272,5,1,6,340.22690791635785
2023-05-03,2023-05-16,2023-05-24,8,Deluxe,expedia,13,0.924850253763178,1,0,5,138.59532049875853
2023-11-09,2023-11-20,2023-11-28,8,Deluxe,booking.com,11,0.917409786881946,0,0,11,145.85381596529808
2023-12-19,2024-01-20,2024-01-29,9,Suite,direct,32,0.9440089980305868,5,1,1,285.94320199344827
2023-07-13,2023-07-14,2023-07-15,1,Deluxe,booking.com,1,0.6304196023647921,4,0,7,271.7982057241482
2024-07-10,2024-09-02,2024-09-07,5,Deluxe,airbnb,54,0.5610662606784995,0,0,9,166.41235715479158
2023-05-20,2023-08-17,2023-08-24,7,Standard,booking.com,89,0.9318230314251121,3,0,8,88.02014738953092
2023-08-16,2023-11-02,2023-11-05,3,Suite,direct,78,0.5725898359625803,3,0,11,205.19938580299285
2023-12-13,2024-02-01,2024-02-09,8,Deluxe,booking.com,50,0.8630808805569108,3,0,2,132.82934032871552
2024-02-22,2024-03-16,2024-03-19,3,Standard,expedia,23,0.9136907710988457,5,1,3,121.43769466309001
2023-03-15,2023-03-28,2023-03-30,2,Deluxe,airbnb,13,0.8129990676888583,1,0,3,149.68306296281602
2023-07-20,2023-08-29,2023-09-04,6,Standard,airbnb,40,0.9457681544245785,1,0,8,110.65588940412452
2024-06-11,2024-07-04,2024-07-07,3,Standard,expedia,23,0.8134742238018815,3,0,7,127.33650373646842
2024-09-27,2024-12-09,2024-12-17,8,Standard,booking.com,73,0.6608419845963459,0,0,12,110.69255221667885
2023-06-03,2023-08-22,2023-08-30,8,Standard,direct,80,0.9071632074447817,1,0,8,68.7411206707997
2023-09-20,2023-11-21,2023-11-25,4,Deluxe,direct,62,0.666804822830767,1,0,11,126.48584593405138
2024-08-26,2024-10-12,2024-10-15,3,Suite,direct,47,0.7735784098309382,5,1,10,262.4210489546693
2023-12-25,2024-01-15,2024-01-20,5,Deluxe,expedia,21,0.6300443205798155,0,0,1,193.34320706475478
2024-10-05,2024-12-24,2024-12-28,4,Suite,booking.com,80,0.7478655663725736,1,0,12,196.42487602231392
2024-08-20,2024-11-11,2024-11-19,8,Deluxe,booking.com,83,0.8491912649265861,0,0,11,111.676439618064
2023-11-11,2023-11-28,2023-11-30,2,Deluxe,direct,17,0.6446676736799307,1,0,11,151.33963539894475
2023-12-14,2024-03-03,2024-03-04,1,Deluxe,expedia,80,0.718356468533447,6,1,3,124.37755064302128
2024-07-26,2024-10-19,2024-10-24,5,Suite,expedia,85,0.8620371724191096,5,1,10,181.7580367155016
2024-12-15,2024-12-18,2024-12-23,5,Deluxe,booking.com,3,0.6024575594031512,2,0,12,220.9198635146888
2024-12-27,2025-01-23,2025-01-27,4,Suite,booking.com,27,0.6136904816060254,3,0,1,339.6656982921604
2024-04-11,2024-06-07,2024-06-09,2,Deluxe,expedia,57,0.5561181254345114,4,0,6,211.696040859097
2024-02-13,2024-04-13,2024-04-21,8,Deluxe,expedia,60,0.6945200303578394,5,1,4,161.036852332796
2023-06-13,2023-08-09,2023-08-11,2,Suite,airbnb,57,0.6262522175726082,2,0,8,326.4020114798718
2024-08-11,2024-10-18,2024-10-23,5,Standard,direct,68,0.932259088324983,4,0,10,80.7281816304599
2024-09-22,2024-10-20,2024-10-23,3,Suite,direct,28,0.656180446600164,6,1,10,337.5695594565768
2024-04-19,2024-04-26,2024-05-04,8,Suite,booking.com,7,0.5950461976842387,4,0,4,307.9918252616794
2023-05-02,2023-06-08,2023-06-14,6,Suite,expedia,37,0.5224546972754631,3,0,6,407.9709276376897
2024-12-04,2025-01-13,2025-01-16,3,Standard,expedia,40,0.8972199304693949,0,0,1,98.59465574576491
2023-03-07,2023-04-25,2023-05-02,7,Standard,airbnb,49,0.7248550265943507,1,0,4,96.21933214069819
2023-10-01,2023-12-09,2023-12-15,6,Standard,booking.com,69,0.5167441113718454,5,1,12,129.6603181862888
2024-04-15,2024-05-13,2024-05-21,8,Suite,booking.com,28,0.6481201768938032,0,0,5,251.609673226448
2024-06-14,2024-06-23,2024-06-27,4,Deluxe,direct,9,0.8632295780151026,6,1,6,290.36688503653113
2024-08-18,2024-09-07,2024-09-16,9,Standard,booking.com,20,0.5845442437722733,5,1,9,154.38197380565984
2023-04-13,2023-05-06,2023-05-10,4,Standard,airbnb,23,0.7635717161041742,5,1,5,128.08905434527435
2024-09-11,2024-10-11,2024-10-13,2,Deluxe,expedia,30,0.6876870786209481,4,0,10,163.87035945985278
2023-12-05,2024-01-15,2024-01-17,2,Deluxe,direct,41,0.6215674675866486,0,0,1,167.41264032067292
2024-06-22,2024-08-19,2024-08-21,2,Standard,expedia,58,0.8059748306383154,0,0,8,114.08434048088982
2024-01-02,2024-02-23,2024-02-24,1,Deluxe,booking.com,52,0.8934162111197872,4,0,2,139.2817424554247
2024-10-11,2024-11-01,2024-11-09,8,Suite,expedia,21,0.6919428469931943,4,0,11,281.682338747585
2024-11-02,2024-12-16,2024-12-24,8,Deluxe,booking.com,44,0.819190984515933,0,0,12,176.67682330092867
2024-04-11,2024-06-23,2024-06-28,5,Standard,booking.com,73,0.9471944603531572,6,1,6,101.20557600720217
2023-04-02,2023-05-31,2023-06-04,4,Suite,airbnb,59,0.7429487902365065,2,0,5,201.47806192370447
2023-12-19,2024-02-10,2024-02-19,9,Deluxe,booking.com,53,0.8695488974666743,5,1,2,165.27682466390428
2024-09-21,2024-10-15,2024-10-23,8,Standard,expedia,24,0.8638378189387311,1,0,10,66.41947180022447
2023-12-08,2024-02-01,2024-02-08,7,Standard,booking.com,55,0.5905305286238203,3,0,2,103.83249492091866
2024-07-15,2024-07-21,2024-07-29,8,Deluxe,expedia,6,0.7719322700398861,6,1,7,293.26220223469227
2024-10-24,2024-12-06,2024-12-10,4,Suite,direct,43,0.5461545411380336,4,0,12,322.4262995438146
2024-12-12,2025-02-26,2025-03-06,8,Suite,booking.com,76,0.6922996720895673,2,0,2,222.32575429967454
2024-12-17,2025-02-04,2025-02-12,8,Suite,airbnb,49,0.9375062987402891,1,0,2,194.93367581740515
2024-05-26,2024-08-14,2024-08-15,1,Standard,booking.com,80,0.7085681232620901,2,0,8,95.58257212383239
2023-05-10,2023-05-30,2023-06-05,6,Standard,booking.com,20,0.8040531065561052,1,0,5,105.77206114280092
2023-01-04,2023-02-16,2023-02-21,5,Suite,airbnb,43,0.5512595639380297,3,0,2,308.8981893411315
2024-04-07,2024-06-25,2024-07-02,7,Standard,airbnb,79,0.7122863402383156,1,0,6,105.89704630580061
2023-02-27,2023-04-25,2023-05-04,9,Suite,expedia,57,0.6130598918897814,1,0,4,215.5312242600386
2023-07-22,2023-07-31,2023-08-07,7,Standard,booking.com,9,0.6220641395640661,0,0,7,190.22535136148554
2024-07-22,2024-10-13,2024-10-21,8,Standard,airbnb,83,0.5645336677945225,6,1,10,87.25774006386645
2023-12-10,2024-01-11,2024-01-14,3,Standard,airbnb,32,0.7251143558267404,3,0,1,137.68797950121868
2023-11-16,2023-11-26,2023-11-29,3,Suite,expedia,10,0.8718840129265584,6,1,11,291.5405695072181
2023-10-16,2023-11-14,2023-11-16,2,Standard,direct,29,0.8543561314996955,1,0,11,109.45547341751833
2023-04-27,2023-04-30,2023-05-07,7,Deluxe,airbnb,3,0.7082093846148956,6,1,4,230.96975985096879
2023-07-31,2023-09-15,2023-09-16,1,Suite,direct,46,0.5782693871951649,4,0,9,260.44056402576877
2023-11-13,2024-01-01,2024-01-06,5,Deluxe,airbnb,49,0.658622776176944,0,0,1,169.08888422035923
2023-05-23,2023-05-26,2023-05-28,2,Deluxe,airbnb,3,0.572963744742052,4,0,5,193.93736578677343
2023-03-23,2023-06-19,2023-06-22,3,Deluxe,direct,88,0.9160623161973023,0,0,6,130.80831303489092
2023-07-27,2023-08-29,2023-08-31,2,Suite,direct,33,0.8663278841753185,1,0,8,329.8921266039262
2023-01-11,2023-04-02,2023-04-10,8,Standard,direct,81,0.559883995188167,6,1,4,84.74050424250215
2024-02-19,2024-03-07,2024-03-11,4,Suite,airbnb,17,0.6631572565941692,3,0,3,281.7706338370378
2024-08-31,2024-09-26,2024-10-01,5,Standard,direct,26,0.6615179225591239,3,0,9,108.42790678938427
2024-03-02,2024-03-28,2024-03-31,3,Suite,expedia,26,0.5278072972904526,3,0,3,311.11115987331976
2024-10-25,2025-01-17,2025-01-21,4,Standard,airbnb,84,0.8571064735416843,4,0,1,68.57650056814603
2023-07-15,2023-09-29,2023-10-07,8,Deluxe,direct,76,0.8504644115205766,4,0,9,95.84248054799993
2023-10-05,2023-11-25,2023-11-29,4,Suite,direct,51,0.5053847408865481,5,1,11,300.9994732456196
2024-11-06,2024-12-10,2024-12-18,8,Standard,direct,34,0.8274228729607496,1,0,12,99.14622534626692
2024-12-25,2025-02-04,2025-02-07,3,Deluxe,airbnb,41,0.5798463621204425,1,0,2,180.02888124608873
2023-06-16,2023-08-20,2023-08-23,3,Deluxe,expedia,65,0.6691006988733443,6,1,8,236.8167692748229
2024-07-25,2024-10-06,2024-10-13,7,Standard,airbnb,73,0.6234745746039292,6,1,10,94.17822951115909
2024-12-04,2024-12-12,2024-12-14,2,Standard,direct,8,0.5636296037637009,3,0,12,147.616887249106
2024-05-21,2024-07-06,2024-07-09,3,Standard,airbnb,46,0.6574346408616757,5,1,7,181.25497993039633
2024-10-05,2024-11-12,2024-11-18,6,Deluxe,direct,38,0.5200561950024148,1,0,11,150.932727108012
2024-10-08,2025-01-01,2025-01-05,4,Deluxe,airbnb,85,0.7470818215105756,2,0,1,116.92015812356354
2024-02-19,2024-03-17,2024-03-18,1,Suite,airbnb,27,0.9281192191797377,6,1,3,242.84265011381842
2024-04-09,2024-05-23,2024-05-31,8,Deluxe,direct,44,0.7769923469116007,3,0,5,134.16066110849064
2024-01-17,2024-02-16,2024-02-17,1,Standard,airbnb,30,0.7216217973079803,4,0,2,126.2559412108967
2024-09-20,2024-10-29,2024-11-07,9,Standard,airbnb,39,0.828884042549894,1,0,10,83.23667866583295
2023-02-15,2023-04-02,2023-04-04,2,Deluxe,airbnb,46,0.8356735722738986,6,1,4,119.55660234005495
2024-05-26,2024-05-29,2024-06-04,6,Deluxe,airbnb,3,0.931321281119479,2,0,5,149.5958481221754
2023-05-12,2023-08-03,2023-08-12,9,Standard,direct,83,0.6719320308527907,3,0,8,108.42286693838658
2024-08-17,2024-10-15,2024-10-24,9,Deluxe,booking.com,59,0.611828957927888,1,0,10,142.01403508462838
2024-12-12,2025-01-18,2025-01-25,7,Suite,booking.com,37,0.8312087824271663,5,1,1,296.0234752003673
2024-01-14,2024-01-30,2024-02-02,3,Deluxe,airbnb,16,0.5168165273140437,1,0,1,226.86944833502542
2024-04-02,2024-06-14,2024-06-23,9,Deluxe,expedia,73,0.9423982277605836,4,0,6,110.11740979523191
2023-08-05,2023-10-27,2023-11-03,7,Deluxe,direct,83,0.5384058307637308,4,0,10,121.4965478197788
2024-09-17,2024-11-05,2024-11-08,3,Deluxe,direct,49,0.7104650039701512,1,0,11,125.8205319418352
2024-03-16,2024-04-21,2024-04-27,6,Suite,airbnb,36,0.689409360077296,6,1,4,307.66651382071393
2024-08-02,2024-08-14,2024-08-23,9,Standard,expedia,12,0.7945564920854451,2,0,8,163.24358876304498
2024-02-02,2024-04-26,2024-05-02,6,Deluxe,expedia,84,0.8523346337143014,4,0,4,91.17575069066669
2024-10-13,2024-12-11,2024-12-12,1,Standard,direct,59,0.5946967342431345,2,0,12,121.83497291395432
2024-06-21,2024-08-10,2024-08-12,2,Deluxe,airbnb,50,0.5838773299937305,5,1,8,258.79452273116004
2024-11-29,2024-12-24,2024-12-30,6,Deluxe,booking.com,25,0.8039133898108114,1,0,12,157.07894558187672
2023-02-21,2023-02-22,2023-03-03,9,Suite,booking.com,1,0.6032355660516884,2,0,2,395.81225459954794
2023-01-05,2023-01-07,2023-01-09,2,Deluxe,expedia,2,0.6309930211353035,5,1,1,276.64682286443883
2024-08-30,2024-11-03,2024-11-10,7,Suite,direct,65,0.5029166210078433,6,1,11,265.05539190780064
2024-09-07,2024-11-23,2024-12-02,9,Suite,expedia,77,0.8222361303488364,5,1,11,213.0227617332673
2023-12-17,2024-03-13,2024-03-18,5,Standard,direct,87,0.7377105954549046,2,0,3,62.494417033080246
2024-04-23,2024-06-20,2024-06-26,6,Standard,direct,58,0.6121794844063742,3,0,6,128.07086861119686
2024-04-03,2024-04-19,2024-04-26,7,Suite,direct,16,0.5107202705541243,4,0,4,323.55727534272785
2023-01-09,2023-01-26,2023-01-29,3,Suite,direct,17,0.63140479215492,3,0,1,349.01017825390244
2023-04-09,2023-07-03,2023-07-04,1,Deluxe,direct,85,0.9026124166204301,0,0,7,122.425378313992
2024-05-14,2024-08-07,2024-08-08,1,Standard,booking.com,85,0.535875706910707,2,0,8,134.59043758144264
2024-10-02,2024-11-08,2024-11-15,7,Standard,airbnb,37,0.86400783808309,4,0,11,87.55520010088446
2023-05-29,2023-08-24,2023-08-29,5,Standard,booking.com,87,0.6042722072855701,3,0,8,116.9395361271059
2024-06-04,2024-06-07,2024-06-09,2,Deluxe,expedia,3,0.8274473277287765,4,0,6,221.60424955891972
2023-08-22,2023-10-23,2023-10-27,4,Deluxe,direct,62,0.6903949722398725,0,0,10,132.28968707510404
2024-05-23,2024-06-01,2024-06-06,5,Suite,airbnb,9,0.5541330474269273,5,1,6,575.7550392845108
2023-04-06,2023-05-25,2023-05-28,3,Suite,airbnb,49,0.6172772524009397,3,0,5,255.1331898747901
2023-07-11,2023-07-24,2023-08-01,8,Suite,direct,13,0.6968748306620657,0,0,7,410.48823863890914
2024-01-03,2024-01-11,2024-01-18,7,Standard,booking.com,8,0.5519544956123505,3,0,1,156.26705629365662
2023-12-23,2024-02-07,2024-02-13,6,Deluxe,direct,46,0.7338605839107232,2,0,2,156.8822050731853
2024-08-24,2024-09-17,2024-09-22,5,Deluxe,direct,24,0.6845227707465003,1,0,9,165.16931570446002
2024-10-17,2024-10-22,2024-10-29,7,Standard,direct,5,0.5513150978527387,1,0,10,138.46740547058644
2024-04-25,2024-05-17,2024-05-24,7,Standard,airbnb,22,0.8761591928328825,4,0,5,103.73245839718845
2024-12-20,2025-03-10,2025-03-12,2,Suite,booking.com,80,0.6245998297383208,0,0,3,177.85262288319578
2024-10-19,2025-01-16,2025-01-18,2,Standard,direct,89,0.6923066220815696,3,0,1,97.1477656390083
2024-11-03,2024-12-18,2024-12-23,5,Suite,direct,45,0.9432847452904787,2,0,12,223.33996780028286
2023-09-01,2023-09-28,2023-10-02,4,Standard,expedia,27,0.9262784159430623,3,0,9,84.87479776779541
2024-07-25,2024-10-08,2024-10-09,1,Suite,booking.com,75,0.5673646866008122,1,0,10,192.85502857358023
2023-03-14,2023-06-06,2023-06-09,3,Standard,booking.com,84,0.6990611421475244,1,0,6,100.18296022933046
2023-12-28,2024-02-06,2024-02-14,8,Standard,direct,40,0.8759151271635949,1,0,2,87.68383031566833
2024-12-25,2025-02-17,2025-02-19,2,Suite,booking.com,54,0.8993006110557829,0,0,2,228.88176732110037
2024-04-02,2024-05-21,2024-05-25,4,Suite,expedia,49,0.5487410268064022,1,0,5,255.33278487880227
2023-06-29,2023-06-30,2023-07-02,2,Suite,booking.com,1,0.5777240423485549,4,0,6,497.73466419429906
2024-06-02,2024-08-17,2024-08-22,5,Standard,direct,76,0.875319689084878,5,1,8,106.01197844425745
2024-04-13,2024-05-15,2024-05-24,9,Standard,airbnb,32,0.5125751123257609,2,0,5,127.45394684077328
2023-02-07,2023-03-08,2023-03-10,2,Suite,expedia,29,0.5556052018203379,2,0,3,297.50469900465
2023-03-27,2023-04-17,2023-04-18,1,Deluxe,expedia,21,0.5554921557090935,0,0,4,179.66124540406614
2023-02-01,2023-02-23,2023-03-01,6,Suite,booking.com,22,0.7330106741502564,3,0,2,314.8678331222943
2023-01-09,2023-02-13,2023-02-17,4,Suite,expedia,35,0.8944593924047399,0,0,2,248.27483034645164
2023-09-11,2023-10-12,2023-10-21,9,Deluxe,booking.com,31,0.6968853846792927,3,0,10,138.5679104109118
2023-04-07,2023-06-16,2023-06-22,6,Deluxe,airbnb,70,0.5755085455494416,4,0,6,201.61136230667302
2023-04-03,2023-04-30,2023-05-04,4,Suite,expedia,27,0.8340765429848722,6,1,4,275.22227181190686
2024-06-08,2024-06-18,2024-06-24,6,Suite,booking.com,10,0.6022372286610929,1,0,6,452.2925711946891
2024-03-30,2024-04-04,2024-04-11,7,Suite,airbnb,5,0.5242444511448036,3,0,4,336.3381225726581
2024-02-29,2024-05-10,2024-05-17,7,Deluxe,expedia,71,0.6833240321068096,4,0,5,133.67849671090673
2024-04-01,2024-05-08,2024-05-14,6,Suite,expedia,37,0.892856859540389,2,0,5,215.73206272774502
2024-03-17,2024-04-15,2024-04-24,9,Standard,airbnb,29,0.8563134675219742,0,0,4,78.55550844802355
2023-07-22,2023-08-18,2023-08-20,2,Suite,booking.com,27,0.823851466992878,4,0,8,346.6811625199581
2023-09-28,2023-11-20,2023-11-22,2,Standard,airbnb,53,0.9044296055454835,0,0,11,75.84496997457454
2023-11-23,2023-11-25,2023-11-30,5,Suite,direct,2,0.768893050108689,5,1,11,324.77865281111065
2023-08-02,2023-08-19,2023-08-25,6,Deluxe,booking.com,17,0.5557182596809033,5,1,8,334.8233582302855
2024-12-30,2025-01-22,2025-01-25,3,Deluxe,airbnb,23,0.7027961371388041,2,0,1,192.93692742523604
2024-09-16,2024-11-06,2024-11-11,5,Deluxe,expedia,51,0.8604996537959528,2,0,11,120.06036571401242
2024-08-24,2024-10-27,2024-11-04,8,Suite,expedia,64,0.8015077506973894,6,1,10,229.7918399136454
2024-09-23,2024-10-28,2024-11-05,8,Standard,airbnb,35,0.8858252092050826,0,0,10,96.11539013295086
2024-12-30,2025-01-03,2025-01-10,7,Suite,expedia,4,0.5045198570363543,4,0,1,398.47378273631756
2024-12-06,2025-01-29,2025-02-03,5,Deluxe,airbnb,54,0.572297312384434,2,0,1,155.28801507313128
2024-06-19,2024-06-23,2024-06-29,6,Suite,booking.com,4,0.8908743899210501,6,1,6,443.56454478651915
2023-03-26,2023-04-27,2023-04-29,2,Suite,direct,32,0.6911505681332726,3,0,4,264.6466059324602
2024-02-10,2024-03-16,2024-03-19,3,Standard,airbnb,35,0.5084727979442576,5,1,3,149.64309704454251
2024-09-03,2024-11-29,2024-12-05,6,Suite,airbnb,87,0.8045570268805293,4,0,11,159.32208645540183
2023-08-11,2023-09-08,2023-09-12,4,Standard,airbnb,28,0.810703669876923,4,0,9,101.22283049925731
2023-11-16,2024-02-10,2024-02-17,7,Deluxe,expedia,86,0.9177774133585468,5,1,2,129.26606628651882
2024-03-08,2024-04-26,2024-04-28,2,Suite,airbnb,49,0.6847990600126816,4,0,4,238.38091553354883
2023-01-16,2023-04-03,2023-04-11,8,Suite,booking.com,77,0.8145397851352922,0,0,4,164.65332707997433
2023-06-06,2023-07-13,2023-07-16,3,Deluxe,airbnb,37,0.5208872200455459,3,0,7,252.47981512523327
2023-01-26,2023-04-16,2023-04-22,6,Suite,booking.com,80,0.6866333804859546,6,1,4,214.40263945104786
2023-09-23,2023-10-06,2023-10-14,8,Standard,expedia,13,0.7507463460796862,4,0,10,97.77498588324468
2023-04-03,2023-06-04,2023-06-08,4,Suite,direct,62,0.7382145638509452,6,1,6,382.3801146806243
2024-10-10,2024-11-03,2024-11-06,3,Deluxe,airbnb,24,0.5693249086599371,6,1,11,210.3098585093245
2023-10-16,2023-12-15,2023-12-24,9,Suite,booking.com,60,0.6026702402550179,4,0,12,280.4586873493106
2024-01-15,2024-02-28,2024-03-04,5,Deluxe,expedia,44,0.6072883638058134,2,0,2,178.1312551827457
2023-02-01,2023-03-14,2023-03-21,7,Deluxe,direct,41,0.9046204431203506,1,0,3,122.55272378497467
2023-03-13,2023-03-16,2023-03-20,4,Standard,booking.com,3,0.6327231764650743,3,0,3,132.51986856888217
2024-07-24,2024-09-02,2024-09-11,9,Standard,expedia,40,0.9163687472779931,0,0,9,72.31470810261163
2024-02-09,2024-05-02,2024-05-04,2,Deluxe,direct,83,0.8516510485149689,3,0,5,87.76576313329002
2023-07-21,2023-10-08,2023-10-13,5,Suite,expedia,79,0.5387804742802473,6,1,10,256.9812520238219
2024-02-01,2024-02-27,2024-03-05,7,Standard,expedia,26,0.7713318474583035,1,0,2,123.72417977898178
2023-03-05,2023-05-30,2023-06-02,3,Deluxe,booking.com,86,0.5303055645727487,1,0,5,100.08127157090937
2023-05-09,2023-05-12,2023-05-17,5,Suite,booking.com,3,0.8015105938403396,4,0,5,275.03444108710494
2023-05-31,2023-08-01,2023-08-10,9,Suite,airbnb,62,0.5406748499944332,1,0,8,353.152529149178
2023-02-23,2023-03-17,2023-03-19,2,Standard,booking.com,22,0.8844952945821292,4,0,3,81.01703296828622
2023-03-08,2023-05-02,2023-05-11,9,Suite,airbnb,55,0.5433752923811357,1,0,5,243.7641032202581
2023-09-29,2023-12-17,2023-12-19,2,Deluxe,expedia,79,0.6519468857692488,6,1,12,158.90669194038105
2023-12-12,2024-02-20,2024-02-29,9,Standard,expedia,70,0.5761247015432329,1,0,2,88.72697331698464
2024-09-15,2024-12-13,2024-12-20,7,Suite,booking.com,89,0.8357395341112641,4,0,12,164.67663024336693
2023-12-05,2024-01-26,2024-01-31,5,Standard,booking.com,52,0.9275039967111975,4,0,1,85.86862677518941
2024-03-30,2024-06-14,2024-06-23,9,Deluxe,expedia,76,0.8855832124098566,4,0,6,119.55728752111156
2023-10-28,2023-11-29,2023-12-04,5,Deluxe,airbnb,32,0.7349125899775005,2,0,11,146.2071550488263
2024-05-01,2024-07-06,2024-07-11,5,Suite,expedia,66,0.8621913001211714,5,1,7,308.99318896381885
2023-08-11,2023-09-24,2023-10-02,8,Standard,expedia,44,0.641786932737069,6,1,9,137.8240110520668
2024-01-07,2024-03-30,2024-04-05,6,Deluxe,expedia,83,0.7645744885261136,5,1,3,117.14028674157368
2023-10-03,2023-10-26,2023-11-03,8,Deluxe,expedia,23,0.7582752188520332,3,0,10,157.76295483333018
2024-12-18,2025-02-13,2025-02-18,5,Deluxe,direct,57,0.8104778959298704,3,0,2,146.59458429910651
2023-06-30,2023-08-22,2023-08-25,3,Standard,direct,53,0.752502991292844,1,0,8,110.91189192623202
2023-06-22,2023-08-11,2023-08-15,4,Deluxe,direct,50,0.8187053631200144,4,0,8,167.91615975117963
2024-09-02,2024-10-18,2024-10-21,3,Deluxe,direct,46,0.8900574916279611,4,0,10,107.78663829996125
2023-10-07,2023-11-22,2023-11-27,5,Standard,direct,46,0.619077367042588,2,0,11,95.53943241756642
2023-04-30,2023-05-13,2023-05-19,6,Suite,direct,13,0.8780055754592597,5,1,5,282.82751651387997
2023-12-22,2024-03-02,2024-03-04,2,Deluxe,booking.com,71,0.85631243000515,5,1,3,125.6587387693996
2024-07-22,2024-10-02,2024-10-03,1,Suite,airbnb,72,0.8732911942139145,2,0,10,161.1544312584038
2023-02-04,2023-04-01,2023-04-10,9,Standard,booking.com,56,0.7709751231028935,5,1,4,107.7010851016211
2023-02-01,2023-04-30,2023-05-02,2,Suite,direct,88,0.7631247226986737,6,1,4,191.3519743451403
2024-10-08,2024-11-04,2024-11-06,2,Deluxe,expedia,27,0.7153165945809133,0,0,11,161.52064429612156
2024-04-09,2024-06-24,2024-06-27,3,Suite,direct,76,0.8654993301548011,0,0,6,255.4892308962622
2023-09-29,2023-12-16,2023-12-17,1,Standard,airbnb,78,0.6790498179477543,5,1,12,94.13715170951386
2024-12-01,2025-02-03,2025-02-12,9,Suite,direct,64,0.5737571429329772,0,0,2,282.6755748793546
2024-05-04,2024-06-26,2024-07-02,6,Deluxe,expedia,53,0.6613266495040088,2,0,6,192.41791516277945
2023-05-19,2023-06-25,2023-06-30,5,Suite,direct,37,0.9332617770809009,6,1,6,358.9227107287587
2024-02-24,2024-02-25,2024-03-04,8,Standard,expedia,1,0.8514437509074249,6,1,2,163.81564257370738
2024-08-05,2024-08-21,2024-08-22,1,Suite,booking.com,16,0.860192722123533,2,0,8,357.7559118987403
2023-05-30,2023-08-01,2023-08-10,9,Deluxe,direct,63,0.5130455960509718,1,0,8,225.5050037981686
2023-09-23,2023-10-11,2023-10-15,4,Deluxe,direct,18,0.5196829026184955,2,0,10,176.15463726226344
2023-06-08,2023-08-02,2023-08-08,6,Suite,expedia,55,0.7005430947971618,2,0,8,324.17749996385294
2023-02-21,2023-02-26,2023-03-03,5,Deluxe,airbnb,5,0.5154548504407863,6,1,2,296.497156173028
2024-08-17,2024-10-15,2024-10-24,9,Standard,booking.com,59,0.573413453664661,1,0,10,102.38196211537829
2023-09-28,2023-10-16,2023-10-18,2,Deluxe,direct,18,0.6300279645406872,0,0,10,165.02725812195638
2023-02-13,2023-03-01,2023-03-09,8,Deluxe,expedia,16,0.7005690066747704,2,0,3,155.54781710477687
2024-04-22,2024-05-05,2024-05-08,3,Suite,expedia,13,0.5477998049335436,6,1,5,383.2137292721024
2023-06-28,2023-09-14,2023-09-17,3,Standard,expedia,78,0.5299142033817124,3,0,9,78.99327611142827
2024-05-05,2024-07-07,2024-07-12,5,Suite,direct,63,0.5202789608792026,6,1,7,406.6248661105301
2023-06-12,2023-07-14,2023-07-15,1,Deluxe,booking.com,32,0.6917395765992683,4,0,7,213.40361328093235
2024-08-29,2024-10-20,2024-10-23,3,Standard,booking.com,52,0.7137756919531121,6,1,10,84.76666815521133
2024-11-30,2024-12-10,2024-12-16,6,Deluxe,expedia,10,0.5674433698283408,1,0,12,227.28370719403674
2024-06-01,2024-06-17,2024-06-25,8,Standard,airbnb,16,0.5008832074699027,0,0,6,190.91139294990086
2024-02-04,2024-04-08,2024-04-12,4,Standard,expedia,64,0.7333517944944338,0,0,4,87.60823458479062
2024-07-10,2024-09-08,2024-09-17,9,Suite,direct,60,0.7248485262670128,6,1,9,246.7775814703457
2024-10-25,2024-12-11,2024-12-12,1,Standard,airbnb,47,0.6671075560813872,2,0,12,110.87858088850277
2024-10-16,2025-01-12,2025-01-17,5,Standard,airbnb,88,0.6450382581576738,6,1,1,90.7380941812641
2023-10-03,2023-12-28,2023-12-29,1,Suite,booking.com,86,0.8380434710932738,3,0,12,169.5701657115586
2024-08-28,2024-09-04,2024-09-11,7,Standard,expedia,7,0.813127578814067,2,0,9,108.85496398513588
2023-09-18,2023-11-05,2023-11-06,1,Deluxe,airbnb,48,0.7538108421114627,6,1,11,144.39086807637068
2024-03-29,2024-06-09,2024-06-16,7,Deluxe,direct,72,0.70213675475846,6,1,6,203.62721223563014
2024-02-02,2024-04-26,2024-05-01,5,Deluxe,expedia,84,0.5678066524425502,4,0,4,104.05492718231096
2024-10-25,2024-11-02,2024-11-06,4,Deluxe,direct,8,0.8906790234902882,5,1,11,159.01178615252806
2024-02-14,2024-04-21,2024-04-27,6,Suite,expedia,67,0.785168554890213,6,1,4,203.47284089264477
2024-02-04,2024-02-28,2024-03-02,3,Deluxe,direct,24,0.5530951604388326,2,0,2,223.9728779538423
2023-04-11,2023-06-22,2023-06-24,2,Deluxe,expedia,72,0.647377431357489,3,0,6,174.88149063460295
2024-05-27,2024-08-14,2024-08-15,1,Suite,expedia,79,0.5059628256712146,2,0,8,336.1940250855069
2024-01-29,2024-02-26,2024-03-02,5,Standard,expedia,28,0.6780251728068789,0,0,2,131.38369526069897
2024-06-14,2024-06-16,2024-06-24,8,Standard,airbnb,2,0.5666511686981919,6,1,6,253.37236323665013
2023-03-22,2023-05-16,2023-05-19,3,Standard,booking.com,55,0.8092909986734051,1,0,5,81.57888192418959
2024-02-15,2024-05-13,2024-05-20,7,Deluxe,direct,88,0.6302045184906705,0,0,5,106.96776813041099
2024-08-19,2024-09-11,2024-09-12,1,Suite,airbnb,23,0.8267198564917579,2,0,9,228.15228836330775
2024-10-28,2024-12-06,2024-12-11,5,Suite,direct,39,0.899638901523674,4,0,12,235.4186494228584
2023-04-09,2023-04-29,2023-05-04,5,Suite,direct,20,0.944246251574755,5,1,4,247.45813959902654
2023-02-03,2023-03-15,2023-03-18,3,Standard,airbnb,40,0.6122454044307576,2,0,3,114.22595927422064
2024-10-04,2024-10-18,2024-10-23,5,Suite,airbnb,14,0.9374054497274165,4,0,10,205.45994232879366
2023-09-29,2023-12-07,2023-12-08,1,Standard,expedia,69,0.5678086083941979,3,0,12,88.0366282338171
2024-09-12,2024-11-05,2024-11-13,8,Suite,airbnb,54,0.5809489962387282,1,0,11,230.198965823112
2023-03-11,2023-03-27,2023-03-28,1,Suite,expedia,16,0.911401033512868,0,0,3,237.3844009432111
2023-06-17,2023-06-26,2023-07-02,6,Suite,airbnb,9,0.5082038034508395,0,0,6,503.3532673981324
2023-03-19,2023-05-30,2023-06-06,7,Deluxe,airbnb,72,0.5024966118682566,1,0,5,155.82986896293824
2024-07-14,2024-08-10,2024-08-13,3,Suite,booking.com,27,0.6972899529094032,5,1,8,469.6487645730684
2024-06-20,2024-07-03,2024-07-08,5,Standard,expedia,13,0.6911505016360812,2,0,7,161.27115412936544
2023-06-16,2023-08-24,2023-09-02,9,Deluxe,direct,69,0.6562646102194867,3,0,8,200.50408911188688
2024-04-20,2024-06-24,2024-06-26,2,Suite,booking.com,65,0.5985129472148254,0,0,6,320.58964095461016
2023-07-12,2023-08-23,2023-08-24,1,Suite,booking.com,42,0.7124244423979771,2,0,8,352.3190812627743
2024-08-23,2024-10-14,2024-10-22,8,Deluxe,expedia,52,0.7486186417289953,0,0,10,113.53988652746625
2024-12-07,2025-02-23,2025-02-28,5,Suite,expedia,78,0.5404302761228744,6,1,2,302.619092452081
2023-03-12,2023-05-16,2023-05-22,6,Deluxe,direct,65,0.8026451300801472,1,0,5,129.8658639661678
2024-08-29,2024-09-05,2024-09-07,2,Suite,booking.com,7,0.7600239647194547,3,0,9,294.2614093898508
2024-04-27,2024-06-25,2024-06-26,1,Standard,airbnb,59,0.5255581881921504,1,0,6,155.24574526057432
2024-08-27,2024-10-14,2024-10-21,7,Deluxe,expedia,48,0.8744156838284567,0,0,10,119.65331060268514
2024-09-11,2024-11-08,2024-11-12,4,Standard,booking.com,58,0.5052437300221873,4,0,11,98.84885991348968
2023-01-28,2023-03-22,2023-03-26,4,Suite,direct,53,0.701454629880162,2,0,3,214.69731715189621
2023-11-18,2024-01-23,2024-01-27,4,Deluxe,airbnb,66,0.8601528220514467,1,0,1,128.38946047376854
2024-04-20,2024-04-27,2024-04-30,3,Standard,direct,7,0.6499525040951554,5,1,4,145.9459124767004
2023-05-26,2023-08-06,2023-08-13,7,Suite,direct,72,0.6770781421633689,6,1,8,359.52968533586085
2024-03-12,2024-03-14,2024-03-23,9,Suite,direct,2,0.5944923472340443,3,0,3,324.15164202795137
2024-07-11,2024-07-26,2024-08-03,8,Standard,expedia,15,0.6290040995667278,4,0,7,168.80312238238832
2024-12-01,2024-12-03,2024-12-04,1,Deluxe,expedia,2,0.8402696552590236,1,0,12,187.0739867194182
2024-07-28,2024-10-17,2024-10-22,5,Deluxe,booking.com,81,0.7294552073462199,3,0,10,96.46562253650322
2023-01-23,2023-04-17,2023-04-18,1,Standard,expedia,84,0.8660903052269939,0,0,4,66.5691750025066
2023-10-19,2023-11-10,2023-11-18,8,Standard,booking.com,22,0.7899854453866013,4,0,11,105.53915035611718
2023-09-01,2023-11-22,2023-11-26,4,Deluxe,direct,82,0.5624464434624159,2,0,11,124.5169821858047
2023-04-26,2023-07-08,2023-07-10,2,Standard,booking.com,73,0.6174324393688023,5,1,7,136.95018978656483
2024-12-15,2025-02-27,2025-03-08,9,Standard,expedia,74,0.6389953522434173,3,0,2,91.2779049466663
2024-09-14,2024-10-14,2024-10-20,6,Standard,expedia,30,0.8370355328977473,0,0,10,87.24147670424959
2024-04-25,2024-06-20,2024-06-22,2,Standard,expedia,56,0.7799955794569404,3,0,6,131.48993475454995
2023-02-08,2023-03-08,2023-03-09,1,Standard,booking.com,28,0.8798302237179831,2,0,3,86.05000532408894
2023-11-01,2023-11-08,2023-11-16,8,Suite,expedia,7,0.5686192860732829,2,0,11,317.5354881147208
2023-06-10,2023-08-28,2023-09-06,9,Standard,booking.com,79,0.8461989555742122,0,0,8,110.11247151520719
2023-10-17,2023-12-16,2023-12-25,9,Suite,booking.com,60,0.8342501107542311,5,1,12,270.60356431155816
2023-12-14,2024-01-27,2024-01-31,4,Standard,booking.com,44,0.7976859922537733,5,1,1,118.38519214199665
2024-03-24,2024-05-26,2024-06-01,6,Suite,expedia,63,0.7233607647410575,6,1,5,246.4857301486065
2023-10-03,2023-10-06,2023-10-10,4,Deluxe,expedia,3,0.5135541337939593,4,0,10,217.02327321415802
2024-12-08,2025-01-28,2025-02-05,8,Deluxe,airbnb,51,0.563643322002676,1,0,1,171.4595607462275
2024-09-03,2024-11-07,2024-11-14,7,Suite,airbnb,65,0.5760979087242211,3,0,11,224.28629517282923
2023-12-19,2023-12-30,2024-01-03,4,Deluxe,airbnb,11,0.8081527328668234,5,1,12,230.6415429525628
2024-02-05,2024-03-04,2024-03-09,5,Deluxe,airbnb,28,0.7730210327535334,0,0,3,148.57686619434332
2023-02-02,2023-02-27,2023-03-07,8,Deluxe,direct,25,0.7539652867462557,0,0,2,183.59564984456614
2024-08-19,2024-11-04,2024-11-10,6,Suite,expedia,77,0.5364196925644598,0,0,11,204.11025614378036
2023-11-08,2023-12-23,2023-12-28,5,Suite,direct,45,0.5328612230811478,5,1,12,384.7462001510677
2024-10-09,2024-12-07,2024-12-14,7,Suite,booking.com,59,0.7777216015788464,5,1,12,284.83396393147524
2023-03-24,2023-04-06,2023-04-08,2,Standard,booking.com,13,0.6329638535228372,3,0,4,126.55397881281922
2024-11-29,2024-12-27,2025-01-04,8,Standard,airbnb,28,0.7826937110341046,4,0,12,102.34076253553259
2024-02-24,2024-05-02,2024-05-04,2,Deluxe,airbnb,68,0.9271442547084834,3,0,5,105.33017382484213
2023-10-16,2023-12-29,2024-01-03,5,Deluxe,booking.com,74,0.6415692864163257,4,0,12,139.21745343568648
2024-12-23,2025-01-12,2025-01-16,4,Suite,expedia,20,0.6670279771512975,6,1,1,390.4952882131578
2024-02-19,2024-04-03,2024-04-07,4,Deluxe,expedia,44,0.6899565998750999,2,0,4,135.95214819049488
2024-06-01,2024-08-06,2024-08-14,8,Standard,booking.com,66,0.6722515788380344,1,0,8,122.3390936933929
2024-09-21,2024-10-26,2024-10-30,4,Suite,expedia,35,0.5826741741086098,5,1,10,323.5971416464964
2023-07-05,2023-09-01,2023-09-10,9,Suite,expedia,58,0.7381457419250512,4,0,9,231.62559004841077
2023-10-01,2023-10-18,2023-10-22,4,Deluxe,airbnb,17,0.8267031810512632,2,0,10,159.49254965164627
2023-07-14,2023-09-16,2023-09-23,7,Deluxe,airbnb,64,0.8311534200578905,5,1,9,141.41152832253286
2024-03-07,2024-03-22,2024-03-24,2,Standard,booking.com,15,0.5735626671317838,4,0,3,132.85279938571813
2023-08-16,2023-08-17,2023-08-24,7,Standard,booking.com,1,0.6848453562586977,3,0,8,184.52259318080087
2023-12-23,2024-01-26,2024-01-28,2,Standard,booking.com,34,0.8922689947118569,4,0,1,99.17775176688536
2023-03-19,2023-04-22,2023-04-30,8,Suite,booking.com,34,0.8752606577494486,5,1,4,267.0330065095227
2024-04-25,2024-05-01,2024-05-04,3,Standard,booking.com,6,0.7803625989075933,2,0,5,111.21510047153697
2024-01-14,2024-01-23,2024-01-28,5,Standard,airbnb,9,0.602968326494541,1,0,1,162.6029604814465
2023-04-25,2023-05-01,2023-05-07,6,Standard,booking.com,6,0.5284097095286123,0,0,5,121.45807439008112
2024-11-09,2025-01-31,2025-02-08,8,Suite,direct,83,0.529685986664334,4,0,1,231.2785072687786
2023-12-08,2024-01-17,2024-01-19,2,Deluxe,expedia,40,0.584365927766217,2,0,1,186.2512150172748
2023-07-08,2023-09-17,2023-09-20,3,Deluxe,expedia,71,0.894233752477892,6,1,9,118.04978655264004
2023-03-13,2023-06-01,2023-06-05,4,Deluxe,expedia,80,0.9099059737013369,3,0,6,130.19192952603328
2023-03-29,2023-04-17,2023-04-23,6,Deluxe,airbnb,19,0.7808599626303072,0,0,4,129.65900845447638
2023-05-20,2023-07-25,2023-07-30,5,Suite,expedia,66,0.765685692637101,1,0,7,282.96027464137006
2023-07-12,2023-08-17,2023-08-18,1,Standard,booking.com,36,0.7912277651001065,3,0,8,133.98437408255236
2023-05-31,2023-07-29,2023-08-06,8,Suite,expedia,59,0.8764909838353732,5,1,7,332.2489985513808
2024-01-07,2024-03-06,2024-03-14,8,Deluxe,expedia,59,0.5937482475578759,2,0,3,129.30021924779106
2024-03-02,2024-04-09,2024-04-11,2,Suite,airbnb,38,0.8998116428874439,1,0,4,193.07847275086004
2024-12-05,2025-01-19,2025-01-21,2,Standard,direct,45,0.6043836258767632,6,1,1,146.0470814257754
2023-10-06,2023-11-10,2023-11-13,3,Deluxe,expedia,35,0.8678871529409626,4,0,11,126.83075863495439
2023-10-14,2023-11-26,2023-11-30,4,Deluxe,booking.com,43,0.9147637842473739,6,1,11,126.264785166395
2023-02-15,2023-03-03,2023-03-12,9,Standard,expedia,16,0.7668760595792485,4,0,3,91.83667095991261
2023-09-15,2023-12-08,2023-12-13,5,Standard,expedia,84,0.7333598271187302,4,0,12,86.69253117324202
2023-04-10,2023-06-19,2023-06-25,6,Standard,expedia,70,0.5024311960548714,0,0,6,141.08915800568332
2023-02-10,2023-04-18,2023-04-21,3,Standard,direct,67,0.5567843683832921,1,0,4,92.84079807744989
2024-11-07,2024-11-24,2024-11-29,5,Deluxe,booking.com,17,0.9101141013621661,6,1,11,136.66051827472702
2023-10-25,2023-12-14,2023-12-22,8,Suite,expedia,50,0.5632331596968281,3,0,12,302.9221482317527
2023-01-09,2023-03-28,2023-03-29,1,Suite,direct,78,0.530810870186908,1,0,3,212.9299811623242
2024-09-30,2024-10-21,2024-10-27,6,Deluxe,booking.com,21,0.5263358891250852,0,0,10,189.0142418801993
2024-01-13,2024-01-25,2024-01-27,2,Suite,booking.com,12,0.8334852101901684,3,0,1,294.87558910863504
2024-10-01,2024-12-10,2024-12-18,8,Standard,direct,70,0.9112744261889184,1,0,12,71.8041223726031
2023-12-26,2024-02-27,2024-02-29,2,Deluxe,booking.com,63,0.6157398451666547,1,0,2,146.2464437703614
2023-08-15,2023-11-07,2023-11-10,3,Deluxe,airbnb,84,0.6170609781633216,1,0,11,100.75497105028512
2023-09-30,2023-12-02,2023-12-09,7,Deluxe,direct,63,0.6259890062305311,5,1,12,187.40584891946884
2023-08-14,2023-10-17,2023-10-23,6,Deluxe,expedia,64,0.5690326930806324,1,0,10,115.57863854134398
2023-09-16,2023-11-19,2023-11-26,7,Standard,airbnb,64,0.6150381966780871,6,1,11,95.31936945516347
2023-11-11,2023-11-25,2023-12-01,6,Suite,booking.com,14,0.8167644176123042,5,1,11,300.178484954034
2023-09-09,2023-09-19,2023-09-28,9,Standard,airbnb,10,0.588668942634205,1,0,9,125.54642169307897
2024-10-08,2025-01-05,2025-01-06,1,Deluxe,expedia,89,0.9135248685459668,6,1,1,106.25016984407293
2024-12-21,2025-02-28,2025-03-05,5,Standard,direct,69,0.8244383178223925,4,0,2,80.17949441624955
2024-04-27,2024-07-15,2024-07-18,3,Deluxe,expedia,79,0.911901989066721,0,0,7,129.3838373514087
2023-10-24,2024-01-16,2024-01-19,3,Deluxe,expedia,84,0.5118659090243564,1,0,1,153.27739852695714
2023-11-12,2023-11-24,2023-11-25,1,Standard,expedia,12,0.7466681429558293,4,0,11,112.08375660803037
2024-05-11,2024-05-21,2024-05-25,4,Deluxe,booking.com,10,0.6446477962731815,1,0,5,206.18283065514728
2024-08-13,2024-10-05,2024-10-07,2,Deluxe,direct,53,0.9479935804294792,5,1,10,129.04350064680588
2023-02-02,2023-04-01,2023-04-02,1,Suite,airbnb,58,0.885189928392756,5,1,4,216.5063057303603
2023-06-12,2023-07-26,2023-07-30,4,Standard,airbnb,44,0.9168453167781503,2,0,7,96.3423146961735
2024-11-04,2024-11-18,2024-11-26,8,Suite,direct,14,0.6171320393447502,0,0,11,293.64342677807156
2024-11-30,2025-01-29,2025-02-03,5,Suite,booking.com,60,0.5776861070591722,2,0,1,285.08843907818004
2024-09-10,2024-10-12,2024-10-13,1,Suite,booking.com,32,0.9087509872798936,5,1,10,262.5184744679307
2023-03-09,2023-05-23,2023-05-24,1,Deluxe,airbnb,75,0.8056004576408642,1,0,5,92.30547256532806
2023-04-21,2023-06-27,2023-07-01,4,Suite,airbnb,67,0.7463983972084729,1,0,6,300.84191419716404
2023-06-25,2023-08-30,2023-09-04,5,Standard,direct,66,0.873724885237618,2,0,8,118.85668016907886
2024-04-06,2024-06-07,2024-06-12,5,Deluxe,booking.com,62,0.5496922475875227,4,0,6,217.72387792620597
2023-10-15,2024-01-11,2024-01-15,4,Suite,airbnb,88,0.9362536621621682,3,0,1,153.85627939754227
2023-05-20,2023-08-01,2023-08-08,7,Suite,airbnb,73,0.8110728759096184,1,0,8,248.43526992525014
2024-05-30,2024-07-19,2024-07-25,6,Suite,airbnb,50,0.7455848966512264,4,0,7,329.5529270922708
2023-12-04,2023-12-30,2024-01-01,2,Suite,expedia,26,0.844839475363689,5,1,12,324.62102372893446
2024-04-15,2024-07-09,2024-07-15,6,Standard,airbnb,85,0.5927583835304574,1,0,7,113.1847136055337
2023-06-15,2023-08-10,2023-08-16,6,Standard,expedia,56,0.5046008880186705,3,0,8,156.9824960631293
2023-10-13,2024-01-05,2024-01-14,9,Standard,airbnb,84,0.8642708416777483,4,0,1,65.31168963129292
2023-03-05,2023-05-31,2023-06-04,4,Standard,direct,87,0.8249828899755574,2,0,5,52.248442871841874
2023-12-09,2023-12-23,2023-12-29,6,Standard,expedia,14,0.6374449668739228,5,1,12,160.77533685137308
2024-05-23,2024-07-08,2024-07-15,7,Suite,airbnb,46,0.6582255640947193,0,0,7,363.8804372735456
2024-09-05,2024-11-08,2024-11-15,7,Standard,expedia,64,0.7219508897656258,4,0,11,83.65350474790341
2024-01-01,2024-01-26,2024-01-30,4,Standard,airbnb,25,0.5529738121776887,4,0,1,141.31219782554345
2024-12-11,2025-01-04,2025-01-11,7,Suite,direct,24,0.9306770372740227,5,1,1,297.9593028477946
2023-07-17,2023-07-26,2023-08-03,8,Standard,booking.com,9,0.5645597245982878,2,0,7,194.3330858046848
2023-03-05,2023-04-11,2023-04-16,5,Suite,airbnb,37,0.8851016493407918,1,0,4,200.80573926424768
2024-01-16,2024-02-19,2024-02-25,6,Deluxe,expedia,34,0.8938930851964468,0,0,2,147.66124374606147
2024-07-30,2024-08-23,2024-08-24,1,Standard,airbnb,24,0.7867956224714722,4,0,8,146.1604668454983
2024-05-04,2024-05-19,2024-05-26,7,Suite,booking.com,15,0.9492653280335568,6,1,5,254.2550255421244
2023-08-13,2023-08-15,2023-08-17,2,Standard,expedia,2,0.9066118907000125,1,0,8,158.55217521732695
2024-12-09,2025-02-24,2025-03-05,9,Standard,airbnb,77,0.9486659256662979,0,0,2,73.01618111164268
2023-08-26,2023-11-06,2023-11-09,3,Deluxe,expedia,72,0.7561438938532656,0,0,11,111.8491687717182
2023-12-24,2024-02-11,2024-02-12,1,Deluxe,direct,49,0.672929253197396,6,1,2,195.02681508175382
2024-03-02,2024-04-22,2024-04-23,1,Suite,expedia,51,0.7275815980046838,0,0,4,208.23365944435977
2024-03-13,2024-03-25,2024-03-28,3,Suite,direct,12,0.9454883150870865,0,0,3,227.77854646458485
2024-10-30,2024-12-26,2025-01-03,8,Deluxe,expedia,57,0.5536173173581865,3,0,12,139.10254104451622
2024-07-31,2024-08-23,2024-08-29,6,Standard,airbnb,23,0.8831915757913003,4,0,8,143.5136563318347
2023-02-10,2023-04-22,2023-04-25,3,Suite,direct,71,0.6446430362447926,5,1,4,253.60700692969078
2023-08-07,2023-08-15,2023-08-21,6,Deluxe,expedia,8,0.6669601608352073,1,0,8,258.64581838240855
2024-12-01,2024-12-10,2024-12-18,8,Standard,expedia,9,0.7014434124097516,1,0,12,134.76656024648696
2024-01-28,2024-04-18,2024-04-19,1,Standard,direct,81,0.5895202366472437,3,0,4,91.86432942352505
2024-06-23,2024-07-20,2024-07-24,4,Suite,booking.com,27,0.5235745468422511,5,1,7,542.5655784003621
2023-09-26,2023-11-02,2023-11-06,4,Suite,booking.com,37,0.5129576645076394,3,0,11,271.58003385144326
2023-06-25,2023-07-19,2023-07-28,9,Deluxe,airbnb,24,0.8203865647877735,2,0,7,218.6727429321502
2023-09-21,2023-12-14,2023-12-17,3,Suite,booking.com,84,0.5577728188667248,3,0,12,234.7390045913141
2024-10-11,2024-11-28,2024-12-07,9,Standard,expedia,48,0.632021263733789,3,0,11,124.72550704524264
2024-10-05,2024-11-29,2024-12-03,4,Suite,airbnb,55,0.595420528099128,4,0,11,231.0103604197229
2024-03-11,2024-05-27,2024-05-28,1,Deluxe,booking.com,77,0.5765690811402812,0,0,5,137.2815049282885
2023-09-02,2023-09-16,2023-09-24,8,Deluxe,booking.com,14,0.5932287994144808,5,1,9,209.28093602324668
2024-06-21,2024-07-18,2024-07-20,2,Suite,airbnb,27,0.9448435934311884,3,0,7,292.59190372776584
2024-12-08,2025-02-21,2025-02-26,5,Standard,booking.com,75,0.8770418099449393,4,0,2,88.71177141787507
2024-05-31,2024-06-30,2024-07-03,3,Suite,expedia,30,0.714470549193964,6,1,6,452.14277162960894
2024-05-25,2024-08-11,2024-08-19,8,Deluxe,direct,78,0.8227941219724793,6,1,8,164.0232108013828
2023-07-21,2023-10-18,2023-10-25,7,Standard,expedia,89,0.5663359226488169,2,0,10,81.31830729953657
2024-10-04,2024-11-23,2024-11-26,3,Standard,airbnb,50,0.6422034584786633,5,1,11,117.2227718535042
2024-03-22,2024-05-30,2024-06-06,7,Deluxe,expedia,69,0.7400509047300619,3,0,5,126.95577697517903
2024-02-23,2024-03-15,2024-03-23,8,Standard,airbnb,21,0.648798008085946,4,0,3,108.59519245274085
2024-04-29,2024-06-02,2024-06-06,4,Suite,expedia,34,0.7036306778467281,6,1,6,436.73824101188626
2023-12-06,2024-01-10,2024-01-13,3,Suite,expedia,35,0.8085717393181893,2,0,1,267.74438414663877
2024-07-14,2024-08-15,2024-08-24,9,Standard,airbnb,32,0.5146032435527644,3,0,8,152.8017808058059
2023-07-06,2023-07-27,2023-07-30,3,Suite,booking.com,21,0.5710955721933629,3,0,7,453.3187212253968
2024-05-26,2024-06-30,2024-07-07,7,Standard,airbnb,35,0.5721532816993252,6,1,6,196.94271863501356
2024-10-26,2024-12-13,2024-12-21,8,Standard,direct,48,0.7575764380944312,4,0,12,104.80377426408248
2023-05-15,2023-06-28,2023-07-04,6,Suite,expedia,44,0.801176047809521,2,0,6,321.6343455172634
2024-07-11,2024-09-28,2024-10-04,6,Deluxe,expedia,79,0.8386183211804967,5,1,9,129.59835654718086
2023-01-19,2023-03-06,2023-03-14,8,Suite,airbnb,46,0.8719666261493838,0,0,3,223.10782538306444
2024-03-15,2024-06-10,2024-06-19,9,Suite,expedia,87,0.5945289522900449,0,0,6,289.08812126145574
2023-10-03,2023-12-11,2023-12-19,8,Deluxe,airbnb,69,0.7201118309155472,0,0,12,145.92940002179049
2024-02-08,2024-04-02,2024-04-10,8,Suite,airbnb,54,0.9471755574791493,1,0,4,167.8182026112073
2023-01-03,2023-03-21,2023-03-22,1,Deluxe,expedia,77,0.8642513380248342,1,0,3,104.79469953790392
2023-10-31,2023-11-02,2023-11-09,7,Suite,booking.com,2,0.5004734719999211,3,0,11,347.38644675628535
2024-10-31,2025-01-16,2025-01-20,4,Standard,direct,77,0.5928329221308527,3,0,1,105.30677413941474
2023-10-15,2023-11-07,2023-11-09,2,Standard,airbnb,23,0.7736628030271931,1,0,11,102.58260744588945
2024-08-21,2024-09-04,2024-09-09,5,Suite,expedia,14,0.6853364869196408,2,0,9,294.0303462635636
2023-08-17,2023-10-30,2023-11-04,5,Standard,airbnb,74,0.6261197666249845,0,0,10,78.22441931654416
2023-09-09,2023-11-09,2023-11-11,2,Deluxe,direct,61,0.5358280245971533,3,0,11,130.07987683110392
2023-08-14,2023-09-15,2023-09-20,5,Suite,direct,32,0.7196958504208706,4,0,9,254.9508111171783
2024-09-15,2024-11-23,2024-11-27,4,Standard,booking.com,69,0.818755174660943,5,1,11,85.62494673510233
2023-08-14,2023-09-10,2023-09-14,4,Deluxe,expedia,27,0.8348325423214624,6,1,9,200.16828185801958
2023-05-21,2023-08-14,2023-08-22,8,Deluxe,booking.com,85,0.5671928409931546,0,0,8,164.3092432872763
2024-06-17,2024-06-23,2024-06-28,5,Deluxe,airbnb,6,0.5978080025392091,6,1,6,346.78430073011793
2024-05-10,2024-06-23,2024-06-24,1,Deluxe,booking.com,44,0.7735384806559417,6,1,6,250.64005211487745
2023-04-14,2023-05-30,2023-06-08,9,Standard,airbnb,46,0.56847253685376,1,0,5,109.21749674849517
2024-05-27,2024-07-26,2024-08-01,6,Standard,expedia,60,0.5274993408659152,4,0,7,154.5996165119517
2023-10-10,2024-01-04,2024-01-08,4,Standard,airbnb,86,0.8266115321365737,3,0,1,84.5118114389735
2023-05-22,2023-05-26,2023-05-27,1,Standard,direct,4,0.5178461212474952,4,0,5,142.3497594852352
2024-11-30,2025-01-09,2025-01-12,3,Deluxe,direct,40,0.6506123334623524,3,0,1,186.55414825724128
2023-12-24,2024-01-17,2024-01-19,2,Standard,airbnb,24,0.9394180416922386,2,0,1,103.95407726440745
2024-03-06,2024-05-08,2024-05-17,9,Deluxe,airbnb,63,0.8688308481452207,2,0,5,115.64182111119518
2024-07-12,2024-09-14,2024-09-17,3,Deluxe,expedia,64,0.8507103443122812,5,1,9,128.54607674307204
2023-06-22,2023-08-14,2023-08-23,9,Standard,expedia,53,0.7003240793276162,0,0,8,122.8734554149306
2023-03-28,2023-06-18,2023-06-26,8,Standard,booking.com,82,0.5314354710450497,6,1,6,158.1103091160086
2023-07-21,2023-08-22,2023-08-29,7,Deluxe,direct,32,0.7966959413238298,1,0,8,198.12730952294106
2024-07-11,2024-10-08,2024-10-16,8,Deluxe,airbnb,89,0.7138200283163254,1,0,10,95.45505834465592
2023-04-28,2023-05-28,2023-06-06,9,Standard,expedia,30,0.6978918334481152,6,1,5,122.19850398508298
2023-09-25,2023-09-26,2023-10-02,6,Deluxe,direct,1,0.8558090692126405,1,0,9,160.28133124561492
2023-12-01,2024-02-01,2024-02-08,7,Deluxe,booking.com,62,0.5145740559021209,3,0,2,165.5007754800368
2023-07-14,2023-08-12,2023-08-15,3,Suite,expedia,29,0.8834632602702392,5,1,8,393.8748284081412
2023-07-03,2023-07-04,2023-07-07,3,Deluxe,expedia,1,0.6058970368944794,1,0,7,287.1207457686108
2024-10-23,2024-11-08,2024-11-15,7,Standard,airbnb,16,0.9300433419409666,4,0,11,85.04538442798841
2023-11-08,2023-12-26,2023-12-29,3,Deluxe,booking.com,48,0.768198262243743,1,0,12,148.59512289719873
2023-09-06,2023-10-16,2023-10-22,6,Suite,booking.com,40,0.6004799410000842,0,0,10,266.44356376131225
2023-10-18,2023-11-05,2023-11-10,5,Standard,expedia,18,0.5293356842114719,6,1,11,144.8291553490229
2024-03-07,2024-04-27,2024-05-02,5,Deluxe,airbnb,51,0.8681816116306892,5,1,4,140.97878147525205
2024-10-25,2024-12-26,2024-12-30,4,Deluxe,direct,62,0.6293395605702478,3,0,12,156.05571669826347
2024-04-23,2024-07-13,2024-07-17,4,Standard,airbnb,81,0.6438543587092203,5,1,7,130.43220595888616
2023-06-02,2023-08-05,2023-08-11,6,Standard,direct,64,0.6940002007320206,5,1,8,157.70354051589135
2024-07-26,2024-09-17,2024-09-20,3,Standard,expedia,53,0.7950705111245955,1,0,9,72.48556395012645
2024-01-25,2024-02-18,2024-02-20,2,Deluxe,airbnb,24,0.8499788232770765,6,1,2,192.39721800550322
2023-05-25,2023-08-22,2023-08-31,9,Standard,expedia,89,0.6148215786643842,1,0,8,112.17850948183879
2023-12-13,2024-02-10,2024-02-13,3,Standard,booking.com,59,0.7203139580836323,5,1,2,137.33171790056488
2024-02-22,2024-03-29,2024-04-01,3,Suite,booking.com,36,0.5280384712721972,4,0,3,281.3144851313605
2024-06-08,2024-08-26,2024-09-02,7,Suite,direct,79,0.8614759184375379,0,0,8,204.41472697005352
2024-11-11,2025-01-07,2025-01-14,7,Standard,expedia,57,0.625598144285977,1,0,1,117.961735950637
2024-12-23,2025-01-08,2025-01-10,2,Standard,expedia,16,0.5361427691022727,2,0,1,160.6412806087187
2023-01-29,2023-04-24,2023-04-26,2,Deluxe,booking.com,85,0.9180817640788814,0,0,4,99.74503228906562
2024-11-22,2024-12-06,2024-12-11,5,Suite,expedia,14,0.8551168617786779,4,0,12,279.1598722942349
2023-10-04,2023-12-13,2023-12-16,3,Standard,airbnb,70,0.6138110235965414,2,0,12,111.13729653859224
2023-11-14,2023-12-09,2023-12-17,8,Suite,booking.com,25,0.6271256214231842,5,1,12,408.407201522218
2024-02-26,2024-03-26,2024-03-29,3,Deluxe,booking.com,29,0.7761884434156534,1,0,3,140.5289386289727
2024-10-19,2025-01-01,2025-01-05,4,Deluxe,direct,74,0.5597602304810241,2,0,1,152.33603870558522
2023-01-23,2023-04-03,2023-04-11,8,Suite,airbnb,70,0.5788545068421697,0,0,4,204.40884824597399
2023-12-03,2024-02-27,2024-03-02,4,Standard,direct,86,0.9033797130326355,1,0,2,68.75302796543319
2024-05-17,2024-08-07,2024-08-09,2,Deluxe,booking.com,82,0.7493585438921905,2,0,8,159.45320186591698
2024-08-04,2024-09-09,2024-09-17,8,Standard,expedia,36,0.5113227295527853,0,0,9,98.41102939657193
2023-03-06,2023-05-21,2023-05-29,8,Suite,airbnb,76,0.639399081611319,6,1,5,231.4847613247125
2024-12-12,2025-01-31,2025-02-09,9,Standard,direct,50,0.9068948080237603,4,0,1,86.72082980334702
2024-11-16,2024-12-27,2025-01-01,5,Standard,airbnb,41,0.5619976331838841,4,0,12,113.85693967193318
2024-02-03,2024-04-18,2024-04-26,8,Suite,booking.com,75,0.5612437621950171,3,0,4,215.70424912917758
2024-08-07,2024-10-01,2024-10-10,9,Standard,direct,55,0.9105149073709988,1,0,10,62.78832164925703
2024-01-19,2024-01-27,2024-01-28,1,Deluxe,booking.com,8,0.8087842149188387,5,1,1,217.29590124916274
2023-12-06,2023-12-07,2023-12-11,4,Suite,expedia,1,0.7644152815705234,3,0,12,340.2671750710001
2023-08-02,2023-09-25,2023-10-04,9,Suite,direct,54,0.6548990412414659,0,0,9,215.9631076442191
2024-03-03,2024-04-09,2024-04-18,9,Suite,booking.com,37,0.5260296802614651,1,0,4,285.38273427040144
2024-05-08,2024-06-30,2024-07-03,3,Standard,expedia,53,0.7878965822539862,6,1,6,154.95459923280552
2024-07-13,2024-10-09,2024-10-18,9,Suite,expedia,88,0.7697159305937414,2,0,10,160.43447148882223
2023-01-29,2023-02-15,2023-02-23,8,Standard,airbnb,17,0.7521625412410522,2,0,2,132.53644211583762
2024-11-04,2024-12-03,2024-12-11,8,Standard,expedia,29,0.7434035664249384,1,0,12,110.29146338558812
2023-12-03,2023-12-29,2024-01-07,9,Standard,direct,26,0.7491300441990447,4,0,12,118.15679988884875
2024-12-19,2024-12-22,2024-12-30,8,Deluxe,booking.com,3,0.9041037095013751,6,1,12,197.24203727557497
2023-09-04,2023-11-19,2023-11-27,8,Deluxe,airbnb,76,0.7447215855405035,6,1,11,122.73975721822427
2023-01-19,2023-01-28,2023-02-05,8,Deluxe,direct,9,0.8721148283443839,5,1,1,202.71306408920776
2024-10-30,2024-11-15,2024-11-16,1,Standard,expedia,16,0.7348917126597734,4,0,11,97.76544546278616
2023-03-19,2023-03-25,2023-03-27,2,Deluxe,booking.com,6,0.7866413050270684,5,1,3,180.2656554354433
2024-04-12,2024-06-17,2024-06-19,2,Suite,booking.com,66,0.9022353264787112,0,0,6,250.11095075500836
2024-06-24,2024-08-12,2024-08-15,3,Standard,direct,49,0.694937274497898,0,0,8,127.70192166558263
2023-12-10,2023-12-22,2023-12-27,5,Deluxe,airbnb,12,0.6747607298577685,4,0,12,208.50126666057335
2023-02-20,2023-05-16,2023-05-19,3,Standard,booking.com,85,0.8582342302578502,1,0,5,47.78251438315695
2024-02-28,2024-05-19,2024-05-27,8,Deluxe,airbnb,81,0.9369567067499883,6,1,5,93.8162263690209
2024-12-29,2025-02-09,2025-02-13,4,Deluxe,expedia,42,0.7013790790508538,6,1,2,192.96549593152238
2024-07-10,2024-08-01,2024-08-10,9,Standard,expedia,22,0.874830357016976,3,0,8,138.32837241945688
2023-08-24,2023-10-18,2023-10-22,4,Deluxe,direct,55,0.7079959416297139,2,0,10,115.48161443580247
2024-04-15,2024-05-30,2024-06-08,9,Suite,expedia,45,0.9444158004037504,3,0,5,158.53525059609146
2024-03-13,2024-03-28,2024-04-04,7,Standard,direct,15,0.8631908439469425,3,0,3,78.6494639113621
2023-03-31,2023-04-28,2023-05-01,3,Suite,expedia,28,0.7696191360386324,4,0,4,227.61002917710834
2023-09-01,2023-09-26,2023-10-02,6,Suite,expedia,25,0.7351147144031025,1,0,9,252.8033692890984
2024-11-24,2025-01-19,2025-01-21,2,Deluxe,booking.com,56,0.9343928717075998,6,1,1,133.97015287746956
2024-06-02,2024-07-13,2024-07-22,9,Deluxe,direct,41,0.5416999887536248,5,1,7,281.40438744628955
2024-01-05,2024-02-25,2024-03-05,9,Deluxe,airbnb,51,0.5982115408587134,6,1,2,211.8768308878822
2023-05-19,2023-05-31,2023-06-05,5,Standard,airbnb,12,0.7089142985718597,2,0,5,91.87226135304874
2024-09-06,2024-09-14,2024-09-18,4,Suite,direct,8,0.912117719523552,5,1,9,271.7507369595019
2023-10-09,2023-11-26,2023-11-28,2,Suite,airbnb,48,0.9230254924299655,6,1,11,213.25373089191996
2023-12-16,2024-01-14,2024-01-22,8,Standard,booking.com,29,0.5049067600608462,6,1,1,175.57178528650857
2024-10-22,2024-12-31,2025-01-09,9,Suite,expedia,70,0.8517054082806952,1,0,12,189.18551231897536
2024-08-29,2024-08-31,2024-09-01,1,Suite,expedia,2,0.7171482382460113,5,1,8,537.1502909018863
2023-04-20,2023-06-24,2023-07-02,8,Standard,expedia,65,0.7824385562986764,5,1,6,146.84053313753725
2024-01-12,2024-03-20,2024-03-24,4,Deluxe,airbnb,68,0.7865340657638499,2,0,3,111.25002751572417
2024-04-22,2024-06-15,2024-06-18,3,Suite,expedia,54,0.6204606460802206,5,1,6,425.92930050250504
2023-03-02,2023-04-11,2023-04-20,9,Standard,direct,40,0.6908599338721353,1,0,4,86.82599780926586
2023-11-25,2023-12-26,2024-01-02,7,Suite,expedia,31,0.9417233402505005,1,0,12,244.88967812457847
2024-05-29,2024-07-22,2024-07-26,4,Deluxe,booking.com,54,0.7536186134567537,0,0,7,181.5353983468773
2023-06-09,2023-08-31,2023-09-05,5,Suite,airbnb,83,0.8515006902882041,3,0,8,223.6029313120597
2024-03-05,2024-03-07,2024-03-13,6,Standard,direct,2,0.7181066795059694,3,0,3,116.65489777914433
2024-03-22,2024-04-21,2024-04-30,9,Deluxe,airbnb,30,0.6361625309162469,6,1,4,188.5277434193725
2023-06-28,2023-07-25,2023-07-30,5,Suite,booking.com,27,0.5350925584796148,1,0,7,424.96628118924576
2023-10-18,2023-12-09,2023-12-13,4,Suite,booking.com,52,0.622819065951499,5,1,12,358.34951583115344
2024-10-23,2025-01-03,2025-01-06,3,Standard,booking.com,72,0.5817355810703562,4,0,1,100.16637702775121
2023-12-17,2024-01-08,2024-01-11,3,Deluxe,direct,22,0.6600792423083828,0,0,1,200.2235295688288
2024-09-12,2024-09-25,2024-10-03,8,Standard,airbnb,13,0.659508589875661,2,0,9,97.5811668447939
2023-08-01,2023-08-29,2023-09-03,5,Standard,airbnb,28,0.5583505318632513,1,0,8,166.98475801886838
2023-03-03,2023-03-06,2023-03-07,1,Standard,expedia,3,0.8713439133519341,0,0,3,101.74494993102644
2024-12-19,2025-02-02,2025-02-04,2,Suite,airbnb,45,0.6253166320653682,6,1,2,361.59793207649284
2024-12-25,2025-03-06,2025-03-12,6,Deluxe,direct,71,0.5089884326015055,3,0,3,122.04603947422504
2024-01-31,2024-04-20,2024-04-25,5,Standard,airbnb,80,0.7760422627830481,5,1,4,76.01892614545301
2023-10-23,2023-12-06,2023-12-10,4,Deluxe,booking.com,44,0.9357954214944375,2,0,12,141.26022250221445
2023-07-23,2023-09-29,2023-10-05,6,Deluxe,expedia,68,0.7662364305767815,4,0,9,103.82246535469062
2023-10-03,2023-10-06,2023-10-08,2,Deluxe,airbnb,3,0.5695046448359916,4,0,10,207.28384342462962
2023-04-22,2023-05-25,2023-05-27,2,Standard,booking.com,33,0.7215748906442566,3,0,5,124.24486742036679
2023-11-24,2024-01-10,2024-01-17,7,Deluxe,booking.com,47,0.8908215893769815,2,0,1,155.09885737423463
2024-04-28,2024-05-23,2024-05-29,6,Suite,direct,25,0.7142268033259848,3,0,5,262.5274725627768
2024-01-18,2024-03-05,2024-03-09,4,Suite,airbnb,47,0.5385300830737806,1,0,3,258.22976571370316
2023-05-28,2023-06-03,2023-06-06,3,Deluxe,expedia,6,0.6258468815579272,5,1,6,338.1110895592032
2023-12-01,2024-02-12,2024-02-13,1,Deluxe,expedia,73,0.578000856064837,0,0,2,137.118601488775
2024-05-16,2024-05-21,2024-05-23,2,Suite,direct,5,0.7260523371396369,1,0,5,274.28188182912857
2023-03-21,2023-04-12,2023-04-21,9,Deluxe,direct,22,0.5853781450509686,2,0,4,181.5691700384675
2023-04-14,2023-06-14,2023-06-22,8,Suite,expedia,61,0.9216698911861227,2,0,6,238.65098975708224
2023-08-21,2023-10-05,2023-10-12,7,Standard,airbnb,45,0.7665573411950546,3,0,10,94.3632833483746
2023-03-24,2023-06-01,2023-06-10,9,Deluxe,airbnb,69,0.6641186027575336,3,0,6,189.93490569479067
2023-04-11,2023-06-28,2023-07-07,9,Deluxe,booking.com,78,0.7546634001728778,2,0,6,154.56044533968097
2024-04-11,2024-04-22,2024-04-26,4,Deluxe,airbnb,11,0.6913139597725649,0,0,4,181.12719790030079
2023-07-07,2023-08-17,2023-08-25,8,Suite,booking.com,41,0.873631642807676,3,0,8,287.2971964348144
2023-10-12,2023-12-28,2024-01-03,6,Standard,booking.com,77,0.6633905265946466,3,0,12,102.23576861188367
2023-03-15,2023-03-24,2023-03-28,4,Standard,direct,9,0.669967716203246,4,0,3,120.67504248630054
2023-06-16,2023-06-22,2023-06-28,6,Standard,booking.com,6,0.5941529029096855,3,0,6,195.00817689038428
2023-06-17,2023-06-19,2023-06-20,1,Suite,expedia,2,0.6175768464923549,0,0,6,485.1764349310369
2024-10-18,2024-12-24,2024-12-28,4,Standard,direct,67,0.7116769965086027,1,0,12,82.77544594920083
2024-02-07,2024-04-04,2024-04-06,2,Suite,direct,57,0.8353825626020219,3,0,4,184.56755947617654
2024-06-14,2024-07-08,2024-07-10,2,Standard,booking.com,24,0.5296026366981762,0,0,7,185.63764007254585
2024-05-12,2024-05-14,2024-05-21,7,Standard,direct,2,0.8153746432365734,1,0,5,97.79652005121183
2024-05-01,2024-06-22,2024-06-28,6,Standard,direct,52,0.8863687391175139,5,1,6,141.79450416910836
2023-12-08,2024-01-11,2024-01-20,9,Standard,booking.com,34,0.927743659724521,3,0,1,105.68600228878002
2024-07-05,2024-09-12,2024-09-15,3,Deluxe,direct,69,0.8503762123403272,3,0,9,89.9127251236057
2024-11-01,2025-01-27,2025-02-02,6,Suite,expedia,87,0.7949581557750219,0,0,1,175.8607134059764
2023-07-03,2023-07-13,2023-07-19,6,Standard,direct,10,0.9048053469491733,3,0,7,159.38658584046215
2024-07-23,2024-10-02,2024-10-04,2,Standard,airbnb,71,0.5119130381906224,2,0,10,107.41806005069036
2023-01-20,2023-03-07,2023-03-10,3,Standard,expedia,46,0.5057560776851329,1,0,3,121.04088639280101
2024-04-21,2024-06-25,2024-06-26,1,Suite,airbnb,65,0.9407018409806269,1,0,6,247.4620078075851
2024-07-30,2024-10-08,2024-10-15,7,Deluxe,booking.com,70,0.7238337680821223,1,0,10,113.86831770497056
2024-09-06,2024-11-23,2024-12-01,8,Standard,direct,78,0.8092754804816651,5,1,11,74.43673902262476
2023-10-19,2023-11-15,2023-11-17,2,Deluxe,direct,27,0.9126573037456982,2,0,11,126.0592569149672
2023-01-20,2023-03-26,2023-04-02,7,Deluxe,booking.com,65,0.5025052119273196,6,1,3,163.60059608216733
2023-01-11,2023-03-04,2023-03-05,1,Standard,direct,52,0.8678887570586644,5,1,3,92.09767600548483
2024-01-13,2024-03-27,2024-04-02,6,Suite,expedia,74,0.6571131519721773,2,0,3,196.9102466816467
2024-03-31,2024-05-08,2024-05-13,5,Deluxe,booking.com,38,0.7896827886333945,2,0,5,148.29499190012191
2023-03-11,2023-05-09,2023-05-11,2,Suite,direct,59,0.9037454275526293,1,0,5,168.23423005648888
2023-10-19,2023-10-20,2023-10-21,1,Deluxe,expedia,1,0.8685754586214272,4,0,10,165.06018016732395
2023-05-18,2023-06-10,2023-06-15,5,Standard,expedia,23,0.6727322979140304,5,1,6,194.79717326205022
2023-03-02,2023-04-28,2023-05-02,4,Suite,airbnb,57,0.761586883063698,4,0,4,206.34049382467128
2024-04-11,2024-05-03,2024-05-08,5,Standard,direct,22,0.807226011582747,4,0,5,90.99542618986993
2023-11-24,2024-01-30,2024-02-02,3,Standard,direct,67,0.6413597638785766,1,0,1,96.88792344770458
2024-04-14,2024-06-09,2024-06-16,7,Deluxe,booking.com,56,0.6852031822269652,6,1,6,229.08562471311973
2023-04-21,2023-04-22,2023-04-28,6,Deluxe,direct,1,0.800194949175915,5,1,4,193.91505084328762
2024-05-03,2024-06-10,2024-06-12,2,Suite,expedia,38,0.8301607072335989,0,0,6,319.11791689134986
2023-02-26,2023-03-02,2023-03-06,4,Deluxe,booking.com,4,0.9383837010016927,3,0,3,157.46401009024078
2023-06-11,2023-09-05,2023-09-14,9,Deluxe,direct,86,0.5999061773093326,1,0,9,122.48183350365227
2023-07-18,2023-09-21,2023-09-25,4,Suite,booking.com,65,0.6993560092316508,3,0,9,218.53522184720794
2024-12-13,2025-01-14,2025-01-16,2,Suite,airbnb,32,0.9307216281968254,1,0,1,240.96172027709247
2024-02-08,2024-05-02,2024-05-11,9,Deluxe,airbnb,84,0.9238287340692489,3,0,5,91.29032888030308
2023-03-27,2023-06-06,2023-06-14,8,Deluxe,airbnb,71,0.6541776593825182,1,0,6,163.11351250527275
2024-04-14,2024-06-11,2024-06-19,8,Suite,direct,58,0.70964405314183,1,0,6,326.2671032612828
2023-09-01,2023-09-16,2023-09-23,7,Deluxe,airbnb,15,0.5678128197012722,5,1,9,224.77448517930475
2023-08-15,2023-08-18,2023-08-23,5,Deluxe,airbnb,3,0.6166428216937355,4,0,8,283.070094108759
2024-10-27,2025-01-24,2025-01-30,6,Suite,booking.com,89,0.6024169317911693,4,0,1,211.03160768046243
2024-04-22,2024-04-29,2024-05-03,4,Suite,airbnb,7,0.7560106314451357,0,0,4,291.35869685359614
2023-06-12,2023-09-04,2023-09-05,1,Suite,booking.com,84,0.8789846964963364,0,0,9,139.08674237028828
2023-07-30,2023-10-13,2023-10-22,9,Standard,airbnb,75,0.649333896259348,4,0,10,74.5618407640662
2024-03-21,2024-05-12,2024-05-18,6,Standard,booking.com,52,0.7755095815815575,6,1,5,115.20383860128788
2024-07-04,2024-07-18,2024-07-20,2,Standard,expedia,14,0.7356875106382702,3,0,7,175.1632282653107
2024-02-25,2024-04-07,2024-04-11,4,Deluxe,booking.com,42,0.9178200477819081,6,1,4,125.78128157857428
2023-09-07,2023-11-18,2023-11-24,6,Suite,expedia,72,0.6140434576213081,5,1,11,248.11554365315777
2024-12-10,2024-12-21,2024-12-26,5,Suite,booking.com,11,0.5368684441480648,5,1,12,451.57451563898843
2024-05-07,2024-07-14,2024-07-19,5,Standard,booking.com,68,0.8789676933342936,6,1,7,129.08471221281985
2023-07-19,2023-07-29,2023-08-05,7,Standard,direct,10,0.8385107983685969,5,1,7,175.08650077911884
2023-10-13,2024-01-10,2024-01-14,4,Standard,expedia,89,0.6312279570320227,2,0,1,100.45319234088431
2024-02-03,2024-04-02,2024-04-03,1,Suite,airbnb,59,0.7260204096729637,1,0,4,200.88776788978748
2024-02-02,2024-03-14,2024-03-15,1,Deluxe,expedia,41,0.7596785205531665,3,0,3,132.5957054178023
2023-08-21,2023-08-28,2023-08-31,3,Suite,booking.com,7,0.6524673754693063,0,0,8,451.47755177689777
2023-11-23,2024-02-01,2024-02-06,5,Standard,airbnb,70,0.5074763016252556,3,0,2,108.8005563205283
2023-03-18,2023-06-05,2023-06-14,9,Deluxe,booking.com,79,0.9338635072282668,0,0,6,134.60634495193202
2024-08-26,2024-08-30,2024-09-08,9,Suite,booking.com,4,0.5206237762384104,4,0,8,503.95218398739155
2024-12-28,2025-02-24,2025-02-27,3,Suite,airbnb,58,0.6305271959784051,0,0,2,274.63200724261566
2023-10-29,2024-01-03,2024-01-12,9,Standard,direct,66,0.8523909365544193,2,0,1,90.20831466649759
2023-05-18,2023-05-24,2023-05-26,2,Suite,direct,6,0.6260481174632873,2,0,5,305.4463350975886
2024-11-17,2024-12-10,2024-12-13,3,Standard,airbnb,23,0.9384248638518613,1,0,12,93.70423507054664
2024-12-20,2025-02-01,2025-02-05,4,Standard,direct,43,0.6973064135941104,5,1,2,129.47789951120268
2024-01-03,2024-03-07,2024-03-14,7,Suite,expedia,64,0.9149828762444174,3,0,3,160.82876697626452
2024-11-10,2024-12-24,2024-12-30,6,Suite,airbnb,44,0.8728259098935818,1,0,12,262.4391531363297
2023-07-03,2023-08-05,2023-08-06,1,Deluxe,expedia,33,0.5399568965092708,5,1,8,322.0057590595801
2024-08-29,2024-10-28,2024-11-02,5,Standard,booking.com,60,0.8016948822727259,0,0,10,85.56777804548646
2024-08-15,2024-10-15,2024-10-18,3,Standard,airbnb,61,0.9452497792667809,1,0,10,60.392737283677526
2023-01-02,2023-02-01,2023-02-05,4,Suite,expedia,30,0.9244172342826913,2,0,2,243.59229436001073
2024-01-02,2024-01-24,2024-01-27,3,Standard,direct,22,0.5602386527533876,2,0,1,147.68556834305832
2023-09-30,2023-11-11,2023-11-19,8,Suite,direct,42,0.5550198768639575,5,1,11,322.20843951130763
2023-07-17,2023-07-21,2023-07-24,3,Deluxe,booking.com,4,0.8903423955382159,4,0,7,224.64276642987016
2023-12-14,2024-01-06,2024-01-12,6,Deluxe,direct,23,0.6924996288760112,5,1,1,235.3397082735137
2024-03-15,2024-05-06,2024-05-15,9,Suite,expedia,52,0.7854414303925956,0,0,5,205.7384993416242
2023-12-27,2024-01-22,2024-01-23,1,Suite,airbnb,26,0.5864356991311985,0,0,1,329.8446569644484
2023-11-28,2024-01-15,2024-01-21,6,Suite,airbnb,48,0.6578438033055026,0,0,1,287.7747696909518
2023-11-28,2023-12-23,2023-12-25,2,Suite,airbnb,25,0.6984746068838211,5,1,12,382.86437327315986
2024-09-24,2024-10-24,2024-10-29,5,Standard,direct,30,0.5005876801027737,3,0,10,107.27993532872144
2024-09-03,2024-12-01,2024-12-08,7,Suite,expedia,89,0.6959877463545225,6,1,12,245.34289270003813
2024-11-12,2024-11-22,2024-11-23,1,Standard,direct,10,0.674682353177858,4,0,11,125.40432076203811
2024-12-08,2024-12-26,2024-12-28,2,Standard,booking.com,18,0.7039622725237106,3,0,12,132.6068130651307
2024-05-18,2024-06-16,2024-06-24,8,Suite,airbnb,29,0.8976704233495083,6,1,6,398.9521277338824
2024-05-11,2024-07-26,2024-07-29,3,Deluxe,direct,76,0.797456916057138,4,0,7,154.37892937248702
2023-06-13,2023-08-14,2023-08-23,9,Deluxe,airbnb,62,0.7013250065378169,0,0,8,171.8380732331645
2024-06-26,2024-06-30,2024-07-06,6,Standard,booking.com,4,0.698448316774116,6,1,6,208.8851978999611
2023-04-27,2023-05-31,2023-06-04,4,Suite,booking.com,34,0.5965256891764809,2,0,5,273.30069905629347
2024-03-22,2024-05-22,2024-05-23,1,Deluxe,expedia,61,0.8004928293571408,2,0,5,117.35327405406049
2023-11-27,2023-12-19,2023-12-27,8,Deluxe,expedia,22,0.5556518267348265,1,0,12,208.20874863477846
2023-04-06,2023-06-01,2023-06-05,4,Deluxe,airbnb,56,0.6315243105366887,3,0,6,211.43083478361612
2024-04-08,2024-06-30,2024-07-05,5,Deluxe,booking.com,83,0.8155030004984208,6,1,6,155.54530259829647
2023-09-23,2023-10-05,2023-10-07,2,Suite,airbnb,12,0.8612533756644749,3,0,10,221.5571057157915
2024-10-07,2024-12-10,2024-12-15,5,Standard,booking.com,64,0.768907100004814,1,0,12,83.58886398698624
2023-08-15,2023-09-25,2023-09-27,2,Deluxe,airbnb,41,0.8541654397799754,0,0,9,115.44949753955248
2023-04-08,2023-06-15,2023-06-23,8,Suite,booking.com,68,0.5422894444638513,3,0,6,329.62851416644054
2024-03-21,2024-05-12,2024-05-14,2,Standard,expedia,52,0.5110969713855475,6,1,5,106.41875278946868
2024-05-13,2024-06-30,2024-07-04,4,Standard,airbnb,48,0.7347904871437771,6,1,6,175.4811764458436
2024-12-29,2025-03-07,2025-03-15,8,Suite,expedia,68,0.8823295520600541,4,0,3,154.8694075813145
2023-10-05,2023-12-28,2023-12-31,3,Standard,booking.com,84,0.7077868489104239,3,0,12,60.50777936727833
2023-03-27,2023-04-27,2023-05-05,8,Deluxe,direct,31,0.636469975977854,3,0,4,157.09923393992628
2024-05-12,2024-07-21,2024-07-29,8,Standard,airbnb,70,0.8367744784412233,6,1,7,135.72794674274854
2024-08-10,2024-08-20,2024-08-22,2,Suite,direct,10,0.7959344837373282,1,0,8,385.8143218776173
2024-11-30,2025-01-22,2025-01-29,7,Suite,booking.com,53,0.7187954413974309,2,0,1,269.4645423204652
2023-12-02,2023-12-31,2024-01-03,3,Standard,booking.com,29,0.6167664611656224,6,1,12,146.03013111032826
2023-03-08,2023-03-10,2023-03-14,4,Suite,expedia,2,0.8091567003466221,4,0,3,263.1606418029922
2023-01-27,2023-02-04,2023-02-12,8,Deluxe,airbnb,8,0.6243609213029758,5,1,2,265.14461960783325
2023-08-05,2023-11-02,2023-11-10,8,Standard,airbnb,89,0.7900905465397299,3,0,11,72.88233051884627
2023-06-07,2023-06-25,2023-07-03,8,Standard,direct,18,0.8060479538935676,6,1,6,176.8881709892647
2023-03-04,2023-03-09,2023-03-14,5,Deluxe,direct,5,0.5591215843599873,3,0,3,186.10528552520518
2023-09-10,2023-10-23,2023-10-26,3,Standard,direct,43,0.7551643660860861,0,0,10,80.97285407390473
2023-08-03,2023-10-09,2023-10-16,7,Deluxe,airbnb,67,0.573217940389872,0,0,10,129.92436051974087
2024-09-08,2024-11-08,2024-11-14,6,Suite,expedia,61,0.8598264057020708,4,0,11,197.23472057966146
2023-06-29,2023-08-24,2023-08-25,1,Standard,direct,56,0.9412279007686688,3,0,8,88.62917089674883
2023-09-03,2023-10-10,2023-10-16,6,Suite,direct,37,0.8496187036853966,1,0,10,227.4487378823767
2024-09-09,2024-11-18,2024-11-23,5,Suite,booking.com,70,0.7765524867748465,0,0,11,192.22569108160968
2024-02-12,2024-05-04,2024-05-13,9,Deluxe,airbnb,82,0.916323352417709,5,1,5,105.6936612552707
2024-09-02,2024-10-24,2024-10-31,7,Deluxe,direct,52,0.7855651041569933,3,0,10,139.99187576187836
2023-11-24,2024-01-11,2024-01-16,5,Deluxe,airbnb,48,0.5967348999002408,3,0,1,191.2477946519498
2024-12-09,2024-12-22,2024-12-29,7,Suite,expedia,13,0.834349006621329,6,1,12,353.3495710952048
2024-10-05,2024-11-19,2024-11-21,2,Suite,booking.com,45,0.6270377880920245,1,0,11,238.43160298581967
2023-01-02,2023-01-15,2023-01-18,3,Suite,direct,13,0.7305547924439412,6,1,1,397.6259531389821
2024-08-20,2024-10-11,2024-10-16,5,Standard,airbnb,52,0.8977194510949289,4,0,10,81.89444096049604
2023-04-29,2023-06-01,2023-06-08,7,Deluxe,expedia,33,0.6598202078090658,3,0,6,228.06445607558084
2024-10-15,2024-11-03,2024-11-06,3,Suite,airbnb,19,0.7309320081675806,6,1,11,313.0972195466887
2023-08-02,2023-09-02,2023-09-06,4,Standard,booking.com,31,0.7327816366764343,5,1,9,113.15202584528589
2023-09-02,2023-10-12,2023-10-16,4,Standard,booking.com,40,0.8528542596527069,3,0,10,83.23053988551642
2024-06-18,2024-09-12,2024-09-20,8,Deluxe,booking.com,86,0.5679023263332593,3,0,9,94.69715076350447
2024-09-16,2024-10-25,2024-11-01,7,Suite,airbnb,39,0.7707345309580066,4,0,10,223.41776158406287
2023-03-02,2023-05-26,2023-05-29,3,Deluxe,direct,85,0.7576778497833787,4,0,5,112.11205292286563
2023-07-15,2023-10-05,2023-10-10,5,Deluxe,airbnb,82,0.8557599119648318,3,0,10,91.32653506657505
2024-09-11,2024-10-09,2024-10-13,4,Deluxe,booking.com,28,0.8891248994058808,2,0,10,126.93591583903262
2024-06-01,2024-08-05,2024-08-07,2,Suite,direct,65,0.5825038870101329,0,0,8,344.4752669563702
2023-04-30,2023-06-06,2023-06-13,7,Deluxe,expedia,37,0.5809744662045441,1,0,6,228.10546259296854
2023-03-29,2023-05-25,2023-06-03,9,Standard,direct,57,0.7416893983797275,3,0,5,70.85140180115124
2023-03-05,2023-04-08,2023-04-12,4,Standard,direct,34,0.9135433753478539,5,1,4,100.49879188222256
2023-01-20,2023-01-27,2023-01-31,4,Deluxe,direct,7,0.8744838081815349,4,0,1,191.2906334775032
2024-05-27,2024-07-21,2024-07-30,9,Deluxe,airbnb,55,0.9192900433466714,6,1,7,178.70143036439234
2024-07-27,2024-09-01,2024-09-03,2,Deluxe,expedia,36,0.9007525543707028,6,1,9,125.96910726371063
2024-09-25,2024-11-23,2024-11-26,3,Suite,airbnb,59,0.5247151181904142,5,1,11,305.42554850948426
2023-04-07,2023-06-12,2023-06-14,2,Suite,direct,66,0.5564026934195072,0,0,6,327.4633568888785
2023-07-03,2023-08-08,2023-08-12,4,Standard,booking.com,36,0.5258780851102537,1,0,8,163.8693601615529
2023-11-07,2024-01-03,2024-01-09,6,Standard,direct,57,0.7559398021512684,2,0,1,86.20309094996041
2023-06-06,2023-07-12,2023-07-17,5,Standard,expedia,36,0.7490854933369142,2,0,7,160.81331252997822
2023-02-16,2023-03-05,2023-03-11,6,Standard,expedia,17,0.8530208325455801,6,1,3,107.89028937006698
2024-08-06,2024-09-05,2024-09-11,6,Standard,booking.com,30,0.8018917295994432,3,0,9,103.97497193325327
2024-10-20,2024-12-21,2024-12-24,3,Standard,direct,62,0.9013740553436788,5,1,12,85.64537859700027
2023-10-18,2023-12-13,2023-12-17,4,Standard,airbnb,56,0.6117195246127813,2,0,12,111.26670095951872
2024-04-13,2024-04-14,2024-04-21,7,Standard,expedia,1,0.5773361064450462,6,1,4,166.27129080974493
2024-02-15,2024-04-03,2024-04-12,9,Suite,airbnb,48,0.5734308044987173,2,0,4,250.68934027272252
2024-05-24,2024-06-25,2024-07-03,8,Suite,direct,32,0.6720020795794488,1,0,6,384.7952019635109
2023-06-22,2023-07-26,2023-08-04,9,Standard,direct,34,0.6939366586975626,2,0,7,153.37719118130443
2024-09-08,2024-10-14,2024-10-20,6,Deluxe,expedia,36,0.9407081159039103,0,0,10,115.31165239790698
2024-07-09,2024-09-29,2024-10-07,8,Standard,direct,82,0.6432494918762711,6,1,9,88.42129561746329
2023-01-14,2023-01-28,2023-02-05,8,Suite,airbnb,14,0.8943898765717975,5,1,1,348.1844898741246
2024-04-09,2024-06-11,2024-06-19,8,Deluxe,booking.com,63,0.7217792608736897,1,0,6,164.8029196067353
2024-02-08,2024-03-07,2024-03-10,3,Deluxe,airbnb,28,0.846870618219407,3,0,3,140.02435144652028
2023-07-05,2023-08-22,2023-08-31,9,Suite,booking.com,48,0.7237113093693487,1,0,8,328.2065784087496
2024-03-14,2024-04-26,2024-04-30,4,Standard,expedia,43,0.8247622479331649,4,0,4,77.54180843763262
2024-03-30,2024-05-11,2024-05-19,8,Deluxe,expedia,42,0.6705705033098055,5,1,5,177.7900795785771
2023-10-27,2023-12-01,2023-12-08,7,Deluxe,expedia,35,0.5762365435024851,4,0,12,189.2819460927369
2024-05-05,2024-07-01,2024-07-04,3,Standard,booking.com,57,0.7078647681630322,0,0,7,132.74645655517546
2023-07-13,2023-09-13,2023-09-22,9,Suite,airbnb,62,0.6948156861231598,2,0,9,202.17663115688097
2024-01-25,2024-03-29,2024-03-30,1,Standard,expedia,64,0.912157664430985,4,0,3,79.72224904824857
2024-02-29,2024-05-16,2024-05-17,1,Deluxe,airbnb,77,0.8510361812069553,3,0,5,97.26729957246985
2024-04-26,2024-06-26,2024-06-29,3,Standard,expedia,61,0.9345644926991072,2,0,6,120.68276535574616
2023-09-07,2023-10-30,2023-11-06,7,Deluxe,direct,53,0.8367662295132463,0,0,10,100.54207889492557
2024-06-04,2024-07-26,2024-07-28,2,Standard,expedia,52,0.7410652119580989,4,0,7,119.15180465799156
2023-04-30,2023-05-28,2023-06-04,7,Standard,direct,28,0.7404108144494287,6,1,5,123.84836720435356
2024-06-24,2024-08-11,2024-08-19,8,Deluxe,booking.com,48,0.7756184041654416,6,1,8,217.65856761323982
2023-05-30,2023-06-29,2023-07-04,5,Deluxe,airbnb,30,0.547335237228015,3,0,6,270.1771124274963
2024-03-03,2024-05-01,2024-05-05,4,Suite,airbnb,59,0.6721327092061613,2,0,5,220.82878909659775
2024-12-16,2025-02-07,2025-02-12,5,Deluxe,direct,53,0.8691492614455761,4,0,2,120.02467911176448
2024-05-09,2024-07-31,2024-08-09,9,Deluxe,direct,83,0.5445622449480021,2,0,7,186.80432734378346
2023-03-06,2023-04-29,2023-05-07,8,Suite,airbnb,54,0.7156103311749883,5,1,4,270.97491635795876
2023-06-26,2023-09-06,2023-09-11,5,Standard,booking.com,72,0.577499530253248,2,0,9,90.0327159973942
2024-09-29,2024-12-09,2024-12-14,5,Suite,booking.com,71,0.9221729785211759,0,0,12,198.35665158015252
2023-09-22,2023-10-25,2023-10-30,5,Deluxe,booking.com,33,0.6975088528578262,2,0,10,138.36889000617606
2023-09-06,2023-11-06,2023-11-13,7,Suite,booking.com,61,0.5282782842474021,0,0,11,228.71089438883502
2024-09-28,2024-12-13,2024-12-20,7,Suite,booking.com,76,0.8274185854806428,4,0,12,197.75635438233624
2024-06-26,2024-07-08,2024-07-10,2,Suite,airbnb,12,0.6796129829845972,0,0,7,428.3605632550798
2023-08-24,2023-10-10,2023-10-12,2,Standard,direct,47,0.7912904821312667,1,0,10,90.58986346531987
2024-08-31,2024-09-16,2024-09-21,5,Standard,expedia,16,0.65896492444457,0,0,9,111.06270337515927
2023-12-18,2024-02-09,2024-02-12,3,Suite,direct,53,0.8060382432106936,4,0,2,227.790810127932
2024-09-04,2024-10-28,2024-11-05,8,Standard,expedia,54,0.8998147769092673,0,0,10,66.81994848769946
2023-07-19,2023-09-06,2023-09-07,1,Deluxe,airbnb,49,0.7334538435067364,2,0,9,122.61470485407362
2024-03-15,2024-04-09,2024-04-15,6,Suite,direct,25,0.5036435918497005,1,0,4,310.5690716681811
2024-04-26,2024-07-17,2024-07-18,1,Standard,expedia,82,0.5888856648470658,2,0,7,118.34125024328944
2023-08-23,2023-11-14,2023-11-17,3,Deluxe,expedia,83,0.6247787207476221,1,0,11,107.28634286603747
2024-10-20,2024-11-02,2024-11-10,8,Deluxe,direct,13,0.60570472357836,5,1,11,222.7124052289619
2023-01-24,2023-04-03,2023-04-10,7,Standard,booking.com,69,0.786489632991656,0,0,4,88.22236798692332
2024-12-15,2025-02-07,2025-02-09,2,Suite,expedia,54,0.5012621099279456,4,0,2,306.68898868182515
2023-07-01,2023-07-31,2023-08-04,4,Deluxe,expedia,30,0.8939153760379688,0,0,7,184.1767280089151
2024-12-24,2025-02-24,2025-03-01,5,Deluxe,expedia,62,0.7706663603378958,0,0,2,153.02088450401743
2024-07-07,2024-09-29,2024-10-07,8,Standard,direct,84,0.5206494542113698,6,1,9,79.81729371449737
2023-11-13,2024-01-30,2024-02-04,5,Standard,airbnb,78,0.7913533515096522,1,0,1,87.20811376699382
2023-03-29,2023-04-06,2023-04-12,6,Suite,expedia,8,0.84134482687626,3,0,4,248.9361649350677
2023-03-06,2023-03-18,2023-03-27,9,Standard,airbnb,12,0.5534514093722482,5,1,3,166.3222151681302
2023-06-01,2023-06-17,2023-06-22,5,Deluxe,booking.com,16,0.7732730848847009,5,1,6,290.796844049775
2024-03-04,2024-03-30,2024-03-31,1,Standard,booking.com,26,0.8017902148099323,5,1,3,133.37013461956465
2023-03-16,2023-03-21,2023-03-27,6,Suite,direct,5,0.9173461550082307,1,0,3,238.3921042162789
2023-11-06,2023-11-08,2023-11-12,4,Suite,booking.com,2,0.5712724834512688,2,0,11,327.3735056966852
2023-02-27,2023-03-16,2023-03-21,5,Standard,expedia,17,0.5387637596359461,3,0,3,119.21995338048838
2023-05-27,2023-07-26,2023-07-29,3,Deluxe,booking.com,60,0.6098668963114053,2,0,7,192.17106978430851
2023-11-25,2024-01-21,2024-01-25,4,Standard,airbnb,57,0.8422458927803381,6,1,1,123.81513482017644
2023-01-10,2023-04-06,2023-04-12,6,Standard,airbnb,86,0.7256405454362086,3,0,4,84.87703966183601
2024-12-17,2025-02-25,2025-03-02,5,Suite,booking.com,70,0.9427584847132691,1,0,2,178.76673784764594
2024-02-05,2024-03-21,2024-03-27,6,Suite,direct,45,0.5187970942377973,3,0,3,278.7987334943599
2023-09-09,2023-10-28,2023-10-30,2,Suite,booking.com,49,0.9057767000755248,5,1,10,234.80236432835642
2024-10-20,2024-12-10,2024-12-14,4,Deluxe,expedia,51,0.6444609180013083,1,0,12,179.64298833217975
2023-06-30,2023-08-18,2023-08-25,7,Standard,direct,49,0.5748970096891775,4,0,8,172.8340220544885
2023-06-13,2023-06-18,2023-06-24,6,Standard,expedia,5,0.7012484073504026,6,1,6,211.60278840106346
2024-07-16,2024-08-29,2024-09-03,5,Standard,direct,44,0.5695212613786031,3,0,8,151.07475862110394
2023-02-04,2023-03-11,2023-03-17,6,Deluxe,booking.com,35,0.9232281264187836,5,1,3,148.07175042317002
2024-11-13,2025-01-10,2025-01-13,3,Standard,expedia,58,0.9473993813024171,4,0,1,82.06465216890791
2024-03-03,2024-05-31,2024-06-04,4,Standard,booking.com,89,0.6054030312488707,4,0,5,70.86233697487027
2023-08-30,2023-10-25,2023-10-30,5,Deluxe,airbnb,56,0.8103088121615769,2,0,10,126.8884972532719
2023-12-22,2024-03-06,2024-03-14,8,Deluxe,expedia,75,0.640211730950783,2,0,3,105.43554800368912
2023-03-26,2023-04-29,2023-05-07,8,Standard,booking.com,34,0.5105692272014939,5,1,4,151.318655686378
2023-09-19,2023-10-10,2023-10-12,2,Suite,airbnb,21,0.5152104920707046,1,0,10,312.5308513507886
2024-11-21,2025-01-06,2025-01-13,7,Standard,expedia,46,0.8530129548381444,0,0,1,110.16516666855847
2023-05-26,2023-07-24,2023-07-30,6,Suite,direct,59,0.8324002779151218,0,0,7,289.31987571160937
2024-06-14,2024-09-04,2024-09-13,9,Deluxe,direct,82,0.5705909273604977,2,0,9,119.17152443663534
2023-04-16,2023-07-02,2023-07-08,6,Standard,booking.com,77,0.6307409165331852,6,1,7,146.30036577959638
2023-08-07,2023-10-13,2023-10-19,6,Deluxe,direct,67,0.5794291786033362,4,0,10,112.57190616416287
2023-03-17,2023-05-16,2023-05-21,5,Standard,airbnb,60,0.7911504584391336,1,0,5,79.75464068022205
2024-07-22,2024-10-07,2024-10-11,4,Standard,airbnb,77,0.9315637277426679,0,0,10,47.675710793011994
2024-08-04,2024-10-16,2024-10-25,9,Standard,airbnb,73,0.9281398543228532,2,0,10,43.29032745180873
2024-08-03,2024-10-28,2024-11-06,9,Standard,direct,86,0.6034912989568564,0,0,10,74.93269012228967
2023-12-02,2024-01-27,2024-01-31,4,Standard,expedia,56,0.6466981839361068,5,1,1,123.5221552063893
2024-06-06,2024-07-16,2024-07-19,3,Suite,direct,40,0.6980598458954331,1,0,7,366.5205295416705
2023-04-22,2023-05-08,2023-05-09,1,Standard,booking.com,16,0.8605505585725666,0,0,5,105.4487621218342
2023-06-01,2023-08-28,2023-08-29,1,Suite,expedia,88,0.5596623082354114,0,0,8,280.1157999571313
2023-07-10,2023-09-11,2023-09-12,1,Deluxe,expedia,63,0.7502754740176749,0,0,9,114.29752299232553
2024-06-11,2024-07-21,2024-07-22,1,Standard,booking.com,40,0.5994303417396134,6,1,7,184.23232529548108
2023-07-10,2023-08-22,2023-08-27,5,Standard,expedia,43,0.8007603235895402,1,0,8,125.20227027307574
2023-06-28,2023-07-25,2023-07-29,4,Standard,direct,27,0.8285455048723439,1,0,7,118.50686721812964
2024-11-26,2025-02-12,2025-02-19,7,Deluxe,booking.com,78,0.6736056464097971,2,0,2,145.54622451688988
2023-03-21,2023-05-04,2023-05-08,4,Standard,direct,44,0.8487595079497416,3,0,5,90.92558892527197
2023-01-21,2023-04-03,2023-04-09,6,Suite,direct,72,0.6002189282232769,0,0,4,212.65579553257933
2023-04-09,2023-06-24,2023-06-27,3,Deluxe,airbnb,76,0.6628462144236629,5,1,6,194.5255766188619
2023-08-05,2023-09-22,2023-09-23,1,Suite,airbnb,48,0.8778176418277892,4,0,9,192.0666568234951
2024-10-17,2025-01-05,2025-01-12,7,Standard,direct,80,0.6979792870392294,6,1,1,95.91660772945939
2023-12-30,2024-01-19,2024-01-22,3,Standard,airbnb,20,0.9240737298951277,4,0,1,106.90570193384266
2023-09-22,2023-11-05,2023-11-10,5,Standard,direct,44,0.5362580472439815,6,1,11,136.93257001664225
2024-01-16,2024-03-15,2024-03-20,5,Standard,expedia,59,0.551418886977455,4,0,3,91.16143425922189
2023-04-15,2023-06-24,2023-07-03,9,Suite,direct,70,0.7865528277975936,5,1,6,318.3798610977602
2023-08-06,2023-10-07,2023-10-12,5,Standard,direct,62,0.8255688875086987,5,1,10,91.3628558584885
2023-02-12,2023-04-24,2023-04-26,2,Deluxe,booking.com,71,0.7746804782511558,0,0,4,106.15665814535616
2024-07-20,2024-10-14,2024-10-18,4,Suite,airbnb,86,0.7508574206120466,0,0,10,147.43388170638445
2023-04-20,2023-04-29,2023-04-30,1,Standard,expedia,9,0.7513726193054869,5,1,4,129.01376705605375
2024-11-29,2024-12-12,2024-12-18,6,Suite,direct,13,0.7462555928154397,3,0,12,317.62603141434687
2023-04-03,2023-04-22,2023-04-25,3,Deluxe,direct,19,0.6308707284446174,5,1,4,220.73649631613068
2024-06-18,2024-06-19,2024-06-28,9,Standard,airbnb,1,0.9136496175298512,2,0,6,142.69466307521543
2023-10-23,2024-01-11,2024-01-20,9,Standard,direct,80,0.8834841519983279,3,0,1,66.12233993736058
2023-04-19,2023-06-03,2023-06-10,7,Suite,airbnb,45,0.8998833079631624,5,1,6,344.1237869691901
2024-06-24,2024-08-31,2024-09-08,8,Deluxe,direct,68,0.8887611588320234,5,1,8,180.1279938570927
2023-01-20,2023-01-22,2023-01-30,8,Suite,direct,2,0.6553867357713911,6,1,1,457.3487185955278
2023-07-06,2023-09-01,2023-09-03,2,Deluxe,direct,57,0.5854114439160512,4,0,9,151.2947396037863
2024-02-23,2024-03-04,2024-03-13,9,Suite,airbnb,10,0.9137832739524572,0,0,3,243.35636495061613
2024-03-04,2024-04-26,2024-05-04,8,Deluxe,direct,53,0.5934586886128426,4,0,4,143.45752142670813
2024-03-09,2024-04-07,2024-04-13,6,Standard,booking.com,29,0.7333099545579698,6,1,4,102.77812865933222
2023-12-03,2023-12-14,2023-12-17,3,Deluxe,expedia,11,0.7745724485433387,3,0,12,190.87882468319035
2023-12-08,2023-12-11,2023-12-12,1,Deluxe,expedia,3,0.5288233143370832,0,0,12,233.09642637394435
2024-04-26,2024-05-11,2024-05-17,6,Deluxe,expedia,15,0.6854582878390774,5,1,5,184.5573734055744
2023-09-22,2023-10-28,2023-10-30,2,Deluxe,expedia,36,0.8581452002533908,5,1,10,154.06101142002598
2023-08-21,2023-11-10,2023-11-17,7,Suite,airbnb,81,0.6808572562910679,4,0,11,168.39626496055166
2024-05-30,2024-07-17,2024-07-18,1,Deluxe,expedia,48,0.6619443820816853,2,0,7,196.14945226049355
2023-11-04,2024-01-26,2024-01-30,4,Deluxe,expedia,83,0.5662543520535605,4,0,1,137.14503106404774
2023-11-21,2023-12-15,2023-12-19,4,Suite,booking.com,24,0.6737779846163988,4,0,12,332.88248831265406
2023-10-10,2023-10-23,2023-10-28,5,Deluxe,booking.com,13,0.6674771468388643,0,0,10,177.92732585558872
2023-03-07,2023-04-17,2023-04-23,6,Standard,booking.com,41,0.8371846273586127,0,0,4,83.16277035447409
2024-05-27,2024-06-24,2024-06-26,2,Standard,direct,28,0.8958230190471947,0,0,6,130.72107612052082
2024-03-12,2024-05-09,2024-05-15,6,Suite,booking.com,58,0.6045380038201065,3,0,5,248.21818183728405
2023-08-11,2023-09-05,2023-09-11,6,Deluxe,airbnb,25,0.9144593167846982,1,0,9,123.66991359832524
2023-03-29,2023-04-26,2023-04-29,3,Deluxe,direct,28,0.8363199647832049,2,0,4,143.66907976308875
2023-01-23,2023-02-02,2023-02-10,8,Deluxe,direct,10,0.8541311145521243,3,0,2,179.6700882269439
2024-11-04,2024-12-07,2024-12-08,1,Deluxe,booking.com,33,0.65167290136917,5,1,12,212.30991151142547
2024-12-26,2025-03-20,2025-03-29,9,Standard,booking.com,84,0.9449486881527491,3,0,3,52.16881275419577
2024-10-03,2024-10-27,2024-11-04,8,Suite,direct,24,0.7848090917790467,6,1,10,300.62617311827614
2024-06-11,2024-07-27,2024-07-29,2,Standard,booking.com,46,0.6790490903567433,5,1,7,149.05659107623418
2024-06-30,2024-09-15,2024-09-19,4,Standard,expedia,77,0.8535218327660223,6,1,9,68.06849407836731
2023-09-11,2023-10-13,2023-10-14,1,Suite,airbnb,32,0.6417793490811665,4,0,10,273.77509383964895
2023-01-06,2023-01-18,2023-01-26,8,Deluxe,airbnb,12,0.8007836150515895,2,0,1,178.78153312718126
2024-03-25,2024-06-09,2024-06-15,6,Deluxe,direct,76,0.9272261261050947,6,1,6,147.27998168763565
2024-02-08,2024-02-16,2024-02-17,1,Standard,booking.com,8,0.842318591244567,4,0,2,123.24065515228345
2023-03-12,2023-04-14,2023-04-23,9,Deluxe,expedia,33,0.6862270166609452,4,0,4,141.2686986120383
2024-02-28,2024-04-05,2024-04-11,6,Suite,direct,37,0.8092980790634823,4,0,4,217.53471077946392
2023-12-19,2024-01-18,2024-01-22,4,Standard,airbnb,30,0.8164656917066756,3,0,1,125.7851640501245
2023-12-22,2024-03-03,2024-03-12,9,Deluxe,booking.com,72,0.5768013050315661,6,1,3,152.10141940646184
2024-08-21,2024-10-02,2024-10-07,5,Deluxe,expedia,42,0.8686451012193775,2,0,10,112.43966589616352
2023-01-14,2023-04-06,2023-04-12,6,Standard,booking.com,82,0.6530531296169679,3,0,4,74.95539060150828
2023-05-17,2023-07-27,2023-07-28,1,Deluxe,direct,71,0.569355038389711,3,0,7,196.87654957918807
2024-05-09,2024-05-13,2024-05-19,6,Suite,expedia,4,0.6148197464667395,0,0,5,313.97031575501836
2023-05-02,2023-06-05,2023-06-11,6,Deluxe,direct,34,0.7459773202806763,0,0,6,223.80532769434691
2023-07-15,2023-08-01,2023-08-10,9,Suite,expedia,17,0.8669908607614032,1,0,8,354.8261602787915
2023-02-21,2023-04-15,2023-04-20,5,Standard,airbnb,53,0.856901202630063,5,1,4,83.28091761757634
2024-01-06,2024-01-19,2024-01-21,2,Suite,booking.com,13,0.6194051962470151,4,0,1,376.82420761474634
2023-03-18,2023-03-24,2023-04-02,9,Deluxe,airbnb,6,0.7783625443452107,4,0,3,165.74508482253609
2024-04-27,2024-07-04,2024-07-13,9,Suite,direct,68,0.632369603926654,3,0,7,298.14228667675263
2023-05-01,2023-07-10,2023-07-19,9,Suite,direct,70,0.8415657532057078,0,0,7,267.35003768044174
2023-11-21,2023-12-19,2023-12-28,9,Suite,direct,28,0.8295773730098395,1,0,12,272.13977080688744
2023-02-25,2023-03-18,2023-03-26,8,Suite,direct,21,0.7415421865482013,5,1,3,306.04252626698747
2024-06-03,2024-07-02,2024-07-08,6,Standard,direct,29,0.7879608546933574,1,0,7,152.8381159751967
2023-07-04,2023-08-17,2023-08-21,4,Deluxe,expedia,44,0.901668023066274,3,0,8,171.4215255337071
2024-08-11,2024-09-28,2024-10-02,4,Deluxe,booking.com,48,0.5165732496361228,5,1,9,189.73116185864387
2023-12-28,2024-02-01,2024-02-02,1,Suite,expedia,35,0.8291833413220322,3,0,2,261.17847555332514
2023-02-05,2023-04-19,2023-04-20,1,Suite,direct,73,0.5662593941059,2,0,4,200.64303218005125
2023-10-22,2023-12-03,2023-12-10,7,Suite,airbnb,42,0.8162625735077385,6,1,12,316.74187352631935
2024-04-08,2024-06-28,2024-07-06,8,Standard,expedia,81,0.7224528781998935,4,0,6,120.38364156614087
2023-04-12,2023-05-29,2023-06-07,9,Deluxe,airbnb,47,0.8361508921302561,0,0,5,127.47517689958673
2023-05-17,2023-07-24,2023-07-27,3,Standard,direct,68,0.5662038122230075,0,0,7,122.86118093401029
2023-05-29,2023-07-22,2023-07-25,3,Suite,booking.com,54,0.6710434771415703,5,1,7,417.83189657854933
2024-01-05,2024-01-31,2024-02-08,8,Suite,expedia,26,0.5483619396416078,2,0,1,363.12856103058687
2023-06-13,2023-07-01,2023-07-05,4,Standard,airbnb,18,0.9360445166271941,5,1,7,149.46250241903698
2024-05-19,2024-07-11,2024-07-14,3,Standard,expedia,53,0.6331984933842242,3,0,7,129.4679004436633
2024-10-20,2024-11-18,2024-11-23,5,Deluxe,airbnb,29,0.5255711094776714,0,0,11,185.38579648565656
2023-07-05,2023-08-20,2023-08-26,6,Suite,direct,46,0.6323308336982045,6,1,8,446.16397385899273
2023-05-24,2023-08-17,2023-08-23,6,Suite,direct,85,0.6363487156268897,3,0,8,275.6553704189083
2024-01-04,2024-02-03,2024-02-06,3,Deluxe,booking.com,30,0.6866332322155847,5,1,2,229.7499535992276
2024-11-24,2025-02-05,2025-02-08,3,Deluxe,direct,73,0.8477227793224344,2,0,2,94.52727157558458
2024-10-23,2025-01-10,2025-01-12,2,Standard,direct,79,0.8283766183023867,4,0,1,56.8351116638135
2024-08-02,2024-10-22,2024-10-23,1,Suite,expedia,81,0.6269779487501779,1,0,10,186.30032918975508
2023-10-24,2023-12-26,2024-01-03,8,Standard,booking.com,63,0.75701184339354,1,0,12,95.29597366049009
2024-08-19,2024-08-21,2024-08-24,3,Standard,direct,2,0.5262741200938865,2,0,8,190.8498643101387
2024-08-23,2024-09-11,2024-09-20,9,Deluxe,direct,19,0.5191364996318709,2,0,9,183.00619665543869
2024-06-13,2024-08-20,2024-08-21,1,Deluxe,airbnb,68,0.8642544466055047,1,0,8,162.80341301194443
2023-04-28,2023-07-14,2023-07-22,8,Deluxe,airbnb,77,0.8715480484707769,4,0,7,120.82742692176487
2023-07-08,2023-08-14,2023-08-20,6,Deluxe,direct,37,0.8294174512491476,0,0,8,185.48093084247745
2023-06-22,2023-08-12,2023-08-21,9,Suite,booking.com,51,0.8821592076015323,5,1,8,341.2264012627971
2024-07-20,2024-07-31,2024-08-01,1,Standard,airbnb,11,0.8638026929861378,2,0,7,144.38971415778286
2024-10-11,2024-10-15,2024-10-16,1,Suite,expedia,4,0.8300741550381215,1,0,10,257.5770585063319
2023-03-02,2023-04-19,2023-04-28,9,Deluxe,booking.com,48,0.6551972400962782,2,0,4,148.72049419962005
2023-12-29,2024-01-12,2024-01-19,7,Deluxe,direct,14,0.5456287679215889,4,0,1,232.55577319850565
2024-03-02,2024-05-13,2024-05-15,2,Standard,expedia,72,0.6427386207906508,0,0,5,98.51031938064726
2023-02-05,2023-03-09,2023-03-13,4,Suite,expedia,32,0.5978222161695792,3,0,3,273.6011822886891
2024-11-04,2024-11-07,2024-11-11,4,Suite,booking.com,3,0.7252369773042717,3,0,11,294.42650024730034
2023-12-04,2024-02-05,2024-02-13,8,Suite,expedia,63,0.8604702427751425,0,0,2,219.51044271626014
2023-03-28,2023-03-31,2023-04-09,9,Suite,airbnb,3,0.5970722207680369,4,0,3,304.29885233442485
2023-06-14,2023-06-22,2023-06-28,6,Deluxe,expedia,8,0.5924964372269309,3,0,6,282.9501413400495
2023-06-17,2023-09-11,2023-09-19,8,Deluxe,airbnb,86,0.9333069031859083,0,0,9,90.6378719704228
2023-05-18,2023-08-14,2023-08-17,3,Deluxe,airbnb,88,0.7898804030144542,0,0,8,140.38111983307252
2023-02-05,2023-03-27,2023-04-02,6,Standard,airbnb,50,0.732588223456805,0,0,3,70.22820152947631
2024-01-24,2024-02-13,2024-02-17,4,Deluxe,direct,20,0.6106220131208625,1,0,2,226.31342033225027
2023-10-31,2023-11-16,2023-11-25,9,Suite,direct,16,0.6793940931739395,3,0,11,284.19079615122996
2024-11-30,2025-02-06,2025-02-12,6,Standard,booking.com,68,0.7972690355547709,3,0,2,102.32656330121618
2024-10-26,2024-11-27,2024-12-02,5,Standard,airbnb,32,0.5564589742449119,2,0,11,99.2695886166907
2024-02-20,2024-02-21,2024-03-01,9,Suite,airbnb,1,0.6869551390571796,2,0,2,349.77572821851953
2023-09-11,2023-10-06,2023-10-12,6,Suite,booking.com,25,0.9209248787417861,4,0,10,220.2838798008205
2024-10-03,2024-12-15,2024-12-17,2,Suite,expedia,73,0.637362657074227,6,1,12,289.33629539355746
2023-03-01,2023-05-08,2023-05-11,3,Standard,airbnb,68,0.7851720374439612,0,0,5,74.93888629611277
2024-12-04,2025-01-15,2025-01-24,9,Deluxe,expedia,42,0.6208283376581257,2,0,1,189.71118801350786
2024-10-14,2024-11-24,2024-11-25,1,Standard,airbnb,41,0.667677273182304,6,1,11,115.17265658279796
2024-07-01,2024-08-25,2024-08-28,3,Suite,direct,55,0.891139217848226,6,1,8,332.1565687501844
2023-07-22,2023-08-30,2023-09-08,9,Suite,booking.com,39,0.8810882569061155,2,0,8,293.58891819282996
2024-04-12,2024-05-21,2024-05-30,9,Suite,booking.com,39,0.8819113772264423,1,0,5,212.3565695690799
2023-03-03,2023-04-30,2023-05-08,8,Deluxe,airbnb,58,0.5624064189855267,6,1,4,171.75293822116333
2024-05-28,2024-08-23,2024-08-26,3,Deluxe,direct,87,0.5440018838846962,4,0,8,171.02710872015416
2023-10-25,2023-12-23,2023-12-28,5,Standard,airbnb,59,0.5837801053220057,5,1,12,129.4873742287917
2023-11-25,2023-12-22,2023-12-27,5,Standard,direct,27,0.5840047693152951,4,0,12,130.78443181761273
2024-01-14,2024-03-23,2024-03-30,7,Deluxe,expedia,69,0.9268443812330718,5,1,3,107.76546902215343
2024-07-07,2024-07-25,2024-07-27,2,Suite,expedia,18,0.5129658893945185,3,0,7,467.2262901038986
2023-05-21,2023-08-10,2023-08-11,1,Suite,airbnb,81,0.7723298205145854,3,0,8,250.8440441580773
2024-01-13,2024-01-18,2024-01-21,3,Standard,booking.com,5,0.8575337217075725,3,0,1,137.93649487616833
2024-06-09,2024-06-28,2024-07-03,5,Suite,expedia,19,0.7757255382688812,4,0,6,370.7731557698863
2023-05-16,2023-08-07,2023-08-10,3,Deluxe,direct,83,0.8075742645938,0,0,8,152.91662142419761
2024-03-18,2024-06-02,2024-06-07,5,Standard,booking.com,76,0.9278181893111868,6,1,6,114.10047494023661
2024-06-11,2024-07-26,2024-07-31,5,Standard,booking.com,45,0.7926633782108299,4,0,7,130.60888172556136
2023-02-12,2023-03-25,2023-03-27,2,Deluxe,direct,41,0.5032914745281787,5,1,3,200.49824710835657
2023-11-01,2023-12-13,2023-12-19,6,Suite,expedia,42,0.6843645769592632,2,0,12,294.8355137527395
2024-11-11,2025-01-11,2025-01-13,2,Deluxe,expedia,61,0.776443599009788,5,1,1,151.6975482259451
2023-11-20,2023-12-12,2023-12-18,6,Standard,booking.com,22,0.6777101014535863,1,0,12,123.15538594890921
2024-05-25,2024-06-15,2024-06-18,3,Suite,airbnb,21,0.6561044070304287,5,1,6,498.05793121536135
2023-09-22,2023-12-14,2023-12-21,7,Suite,booking.com,83,0.7335525477704377,3,0,12,213.54920146541707
2023-04-02,2023-04-11,2023-04-20,9,Standard,airbnb,9,0.7942193917486032,1,0,4,98.36758195278414
2024-05-28,2024-06-25,2024-07-02,7,Suite,direct,28,0.6898061602854613,1,0,6,394.53938974618814
2023-05-24,2023-08-07,2023-08-10,3,Suite,direct,75,0.5130966231830084,0,0,8,317.47530446984115
2023-12-30,2024-03-16,2024-03-24,8,Deluxe,airbnb,77,0.6571935167936023,5,1,3,147.37394935995854
2023-04-29,2023-05-20,2023-05-25,5,Suite,airbnb,21,0.5711654276331676,5,1,5,372.041759508833
2023-07-16,2023-07-27,2023-07-30,3,Suite,airbnb,11,0.8760255470514585,3,0,7,357.92096733321637
2024-04-12,2024-07-04,2024-07-06,2,Suite,direct,83,0.72250022598956,3,0,7,251.82963859922666
2024-02-06,2024-03-14,2024-03-15,1,Standard,expedia,37,0.8331511190451149,3,0,3,75.20676528748636
2024-03-07,2024-04-30,2024-05-02,2,Suite,booking.com,54,0.9094158337796181,1,0,4,185.6188080879577
2024-07-09,2024-09-28,2024-09-30,2,Standard,airbnb,81,0.8971575434992245,5,1,9,62.80047409013498
2023-05-28,2023-06-06,2023-06-13,7,Suite,expedia,9,0.8334696195375713,1,0,6,383.48683514255265
2024-05-02,2024-05-08,2024-05-11,3,Standard,expedia,6,0.646238576857334,2,0,5,126.7797873473602
2024-05-24,2024-06-18,2024-06-25,7,Suite,expedia,25,0.8101919492747289,1,0,6,348.75323506132435
2024-12-19,2024-12-23,2024-12-30,7,Deluxe,expedia,4,0.6248744520459071,0,0,12,244.93415279465432
2024-06-16,2024-07-04,2024-07-06,2,Suite,direct,18,0.9180755508306558,3,0,7,338.13331104087405
2024-02-16,2024-03-20,2024-03-23,3,Standard,airbnb,33,0.9324713426972433,2,0,3,84.8608382878648
2024-04-17,2024-05-28,2024-06-06,9,Deluxe,expedia,41,0.822443512595601,1,0,5,123.48332050678104
2023-08-14,2023-10-11,2023-10-18,7,Suite,airbnb,58,0.5633175849812608,2,0,10,233.806448429887
2023-01-18,2023-03-01,2023-03-03,2,Standard,direct,42,0.5922589934698604,2,0,3,107.2029528415674
2024-09-08,2024-10-06,2024-10-10,4,Suite,booking.com,28,0.7624592759296573,6,1,10,292.8749035134163
2023-03-15,2023-05-23,2023-05-25,2,Deluxe,booking.com,69,0.7155157541759305,1,0,5,102.35889757847197
2024-02-04,2024-04-05,2024-04-10,5,Standard,expedia,61,0.6779381441563601,4,0,4,89.26379215867618
2024-04-22,2024-05-07,2024-05-13,6,Suite,airbnb,15,0.6699243782709212,1,0,5,293.7370667747287
2023-06-12,2023-08-02,2023-08-08,6,Suite,expedia,51,0.7195247762025991,2,0,8,333.87729077860314
2023-03-27,2023-04-23,2023-04-24,1,Standard,direct,27,0.6530023835060471,6,1,4,125.07066254922091
2023-08-23,2023-08-25,2023-08-31,6,Suite,booking.com,2,0.8178385699555462,4,0,8,393.83328943089145
2024-02-18,2024-04-28,2024-05-02,4,Deluxe,airbnb,70,0.8987951684638769,6,1,4,120.9553674563939
2023-07-23,2023-09-21,2023-09-29,8,Suite,booking.com,60,0.5290969923568005,3,0,9,249.8569444081942
2024-11-24,2025-01-04,2025-01-07,3,Deluxe,expedia,41,0.847716707369079,5,1,1,152.3351705723196
2024-11-09,2025-01-13,2025-01-19,6,Standard,airbnb,65,0.849641578685665,0,0,1,73.05019265153592
2024-01-10,2024-01-14,2024-01-16,2,Suite,direct,4,0.6017667222194495,6,1,1,467.41677904684957
2024-06-19,2024-07-14,2024-07-23,9,Standard,direct,25,0.6945078552585702,6,1,7,199.29573349471366
2023-12-23,2024-03-17,2024-03-20,3,Deluxe,booking.com,85,0.5517571657901494,6,1,3,138.87393633164675
2024-12-11,2025-03-10,2025-03-15,5,Suite,airbnb,89,0.7182153726212388,0,0,3,169.1953402213507
2023-09-21,2023-11-17,2023-11-21,4,Deluxe,expedia,57,0.8183065898133581,4,0,11,122.09558163540328
2024-12-04,2025-01-07,2025-01-16,9,Standard,airbnb,34,0.8847930485123,1,0,1,128.04772072967685
2023-08-09,2023-08-28,2023-08-30,2,Suite,expedia,19,0.5583042591249904,0,0,8,446.0864981440977
2023-10-16,2023-11-04,2023-11-05,1,Suite,airbnb,19,0.6561562350149079,5,1,11,338.23458713424424
2024-10-12,2024-12-16,2024-12-24,8,Suite,direct,65,0.8733314904444311,0,0,12,201.2372632765068
2024-11-01,2024-11-21,2024-11-22,1,Deluxe,expedia,20,0.9125436600528314,3,0,11,144.57349222742857
2024-08-01,2024-10-21,2024-10-23,2,Suite,direct,81,0.7919554792442651,0,0,10,167.5800844353287
2023-01-24,2023-01-27,2023-02-02,6,Suite,direct,3,0.6954800722548918,4,0,1,372.5865076911297
2023-08-16,2023-09-28,2023-09-29,1,Standard,airbnb,43,0.5582012922330193,3,0,9,113.56753341354306
2023-10-11,2023-10-13,2023-10-22,9,Suite,booking.com,2,0.522915408616231,4,0,10,344.9371279495007
2023-05-29,2023-06-16,2023-06-18,2,Suite,airbnb,18,0.5630103415063353,4,0,6,463.38325588560326
2024-09-06,2024-11-23,2024-11-26,3,Standard,booking.com,78,0.7173505836471166,5,1,11,72.61620110057
2023-09-27,2023-11-23,2023-11-24,1,Standard,expedia,57,0.7689182444413902,3,0,11,73.0866892149946
2024-05-18,2024-08-01,2024-08-10,9,Deluxe,airbnb,75,0.6339696625109147,3,0,8,167.98675771787777
2024-06-20,2024-08-31,2024-09-07,7,Standard,airbnb,72,0.621499225789732,5,1,8,137.6259920914166
2024-04-07,2024-04-17,2024-04-24,7,Suite,airbnb,10,0.7656223522548657,2,0,4,252.1471125642024
2023-01-05,2023-02-18,2023-02-22,4,Deluxe,expedia,44,0.5897162646467282,5,1,2,199.6750092762139
2024-11-10,2024-12-03,2024-12-11,8,Standard,booking.com,23,0.7816667666350354,1,0,12,136.624863124391
2024-05-25,2024-07-23,2024-07-27,4,Suite,direct,59,0.8472515268773644,1,0,7,288.30335378632196
2023-08-22,2023-08-23,2023-08-31,8,Standard,booking.com,1,0.9135303057621844,2,0,8,149.29303829988905
2024-06-16,2024-08-30,2024-08-31,1,Standard,expedia,75,0.7821964645939152,4,0,8,95.78866595259576
2023-08-15,2023-10-27,2023-11-02,6,Standard,direct,73,0.6185314184788683,4,0,10,94.64000074177653
2023-05-21,2023-07-15,2023-07-21,6,Suite,expedia,55,0.5500532023106717,5,1,7,437.66099296912154
2023-07-29,2023-09-22,2023-09-24,2,Suite,booking.com,55,0.7160183859155691,4,0,9,228.67676966267018
2023-11-09,2023-11-21,2023-11-26,5,Suite,airbnb,12,0.5041847324600778,1,0,11,323.0888815191819
2024-11-13,2024-12-23,2025-01-01,9,Suite,direct,40,0.5768158696604522,0,0,12,327.9562938858335
2023-05-24,2023-06-15,2023-06-18,3,Deluxe,booking.com,22,0.9399644845154491,3,0,6,184.07595636463788
2023-02-26,2023-03-04,2023-03-13,9,Deluxe,airbnb,6,0.7737669957736728,5,1,3,174.76335258041965
2024-08-06,2024-10-03,2024-10-09,6,Standard,airbnb,58,0.8838538626439044,3,0,10,80.91449865032733
2024-07-11,2024-07-30,2024-08-08,9,Suite,booking.com,19,0.5446140126796731,1,0,7,461.4404231516219
2023-11-13,2024-02-01,2024-02-09,8,Suite,expedia,80,0.8452865765964556,3,0,2,195.25707760874326
2023-03-31,2023-05-27,2023-06-04,8,Suite,booking.com,57,0.5599048220589768,5,1,5,293.5491782980605
2024-05-15,2024-08-05,2024-08-10,5,Suite,airbnb,82,0.5287610184453512,0,0,8,300.40258564190174
2023-01-14,2023-03-02,2023-03-05,3,Deluxe,booking.com,47,0.5989041742379647,3,0,3,153.88335418281665
2023-10-25,2023-11-24,2023-11-30,6,Deluxe,airbnb,30,0.7129134697254353,4,0,11,140.26516151430113
2024-07-26,2024-09-18,2024-09-27,9,Deluxe,booking.com,54,0.5585572107373744,2,0,9,143.89803046556176
2024-08-19,2024-10-25,2024-10-31,6,Standard,expedia,67,0.6717875123477601,4,0,10,74.44225727265747
2023-09-11,2023-09-13,2023-09-14,1,Standard,direct,2,0.5180991829893193,2,0,9,117.23202265220363
2023-08-14,2023-09-15,2023-09-23,8,Suite,expedia,32,0.5144008578854181,4,0,9,277.2773872651469
2024-06-21,2024-07-18,2024-07-21,3,Standard,expedia,27,0.8066514368446924,3,0,7,133.36212526786156
2023-05-30,2023-07-10,2023-07-12,2,Suite,airbnb,41,0.9265037884789009,0,0,7,285.1446964310458
2023-05-04,2023-05-08,2023-05-16,8,Suite,airbnb,4,0.9153669685400434,0,0,5,249.66203428534942
2024-10-27,2024-11-03,2024-11-07,4,Standard,airbnb,7,0.9266670246272126,6,1,11,127.39624691546508
2024-07-06,2024-09-26,2024-10-01,5,Deluxe,airbnb,82,0.7883742605661932,3,0,9,115.88945758482141
2024-05-31,2024-06-29,2024-07-02,3,Deluxe,direct,29,0.7847131262742721,5,1,6,257.081950074298
2023-02-23,2023-03-03,2023-03-06,3,Deluxe,direct,8,0.917267050916615,4,0,3,144.98626535217107
2024-09-09,2024-11-25,2024-11-29,4,Suite,expedia,77,0.5260759160186108,0,0,11,194.84293792724304
2023-06-20,2023-07-27,2023-08-03,7,Deluxe,booking.com,37,0.8139837595616368,3,0,7,221.72052592094366
2024-11-17,2025-02-13,2025-02-16,3,Standard,airbnb,88,0.8971232593057124,3,0,2,59.84369758716001
2024-01-16,2024-03-13,2024-03-16,3,Standard,airbnb,57,0.6058470323598367,2,0,3,83.9393834007327
2024-10-17,2024-11-14,2024-11-19,5,Deluxe,airbnb,28,0.6005074092968231,3,0,11,161.99320521745318
2024-04-22,2024-05-01,2024-05-05,4,Deluxe,expedia,9,0.5838735539036829,2,0,5,197.5363832613625
2024-07-09,2024-08-14,2024-08-20,6,Deluxe,expedia,36,0.9140752909582981,2,0,8,170.60640120949253
2023-10-12,2023-11-24,2023-12-02,8,Suite,expedia,43,0.6654692143867551,4,0,11,258.18957095069317
2024-01-28,2024-03-15,2024-03-21,6,Standard,booking.com,47,0.8312247338517796,4,0,3,83.66625610235778
2023-09-17,2023-10-31,2023-11-07,7,Suite,expedia,44,0.9362861783093079,1,0,10,189.954423098002
2023-07-30,2023-08-05,2023-08-13,8,Suite,airbnb,6,0.5810012643801409,5,1,8,575.8535135726427
2024-07-23,2024-10-05,2024-10-13,8,Deluxe,direct,74,0.7904095619145626,5,1,10,109.69170144178378
2023-08-14,2023-09-06,2023-09-09,3,Deluxe,expedia,23,0.8424076167423571,2,0,9,160.44349520373743
2024-11-20,2025-01-02,2025-01-11,9,Deluxe,direct,43,0.6871637377770448,3,0,1,162.85185417374674
2024-07-24,2024-08-14,2024-08-17,3,Standard,booking.com,21,0.6705869013444101,2,0,8,165.23081557982252
2023-07-06,2023-07-20,2023-07-27,7,Suite,expedia,14,0.6406087635570727,3,0,7,443.0145640973862
2024-06-16,2024-06-27,2024-07-05,8,Deluxe,expedia,11,0.6684116672357554,3,0,6,264.1915254133146
2023-12-06,2023-12-08,2023-12-09,1,Standard,direct,2,0.8909781887040504,4,0,12,127.01019194308303
2023-11-25,2024-01-14,2024-01-15,1,Standard,direct,50,0.5784687126289931,6,1,1,147.85756084790134
2024-06-03,2024-07-04,2024-07-07,3,Deluxe,airbnb,31,0.5663598263464006,3,0,7,252.67608248987227
2024-03-05,2024-04-29,2024-05-08,9,Deluxe,booking.com,55,0.9059542353970538,0,0,4,128.92487297238642
2023-04-15,2023-07-05,2023-07-09,4,Standard,airbnb,81,0.6409597699217908,2,0,7,119.23634626561731
2023-11-26,2024-01-03,2024-01-12,9,Suite,booking.com,38,0.6800644736810051,2,0,1,308.6488704978646
2023-07-18,2023-09-02,2023-09-03,1,Standard,booking.com,46,0.8596862915257754,5,1,9,87.57597671222241
2024-02-22,2024-02-26,2024-03-06,9,Standard,booking.com,4,0.6813115637942175,0,0,2,134.87191140894438
2024-03-09,2024-04-28,2024-05-05,7,Deluxe,airbnb,50,0.6413802712528636,6,1,4,163.98783219759773
2023-01-24,2023-03-28,2023-04-03,6,Deluxe,direct,63,0.5839302113512553,1,0,3,128.01058596173306
2024-07-28,2024-10-14,2024-10-16,2,Suite,booking.com,78,0.7144095667288329,0,0,10,176.2865446249092
2024-11-01,2024-12-11,2024-12-18,7,Suite,airbnb,40,0.67111841901182,2,0,12,290.9764669736754
2024-01-10,2024-03-07,2024-03-09,2,Standard,direct,57,0.5488468669752651,3,0,3,94.69143804711281
2024-05-23,2024-06-05,2024-06-12,7,Deluxe,airbnb,13,0.7690328514241771,2,0,6,249.09481397757767
2024-05-16,2024-08-01,2024-08-03,2,Deluxe,airbnb,77,0.7898482624996821,3,0,8,147.23766869695933
2023-12-04,2024-01-10,2024-01-16,6,Suite,airbnb,37,0.9014207502924656,2,0,1,221.59480165456426
2023-02-24,2023-05-03,2023-05-11,8,Deluxe,airbnb,68,0.665219469292853,2,0,5,115.52495751737396
2024-05-31,2024-06-25,2024-06-28,3,Standard,booking.com,25,0.6149768071313297,1,0,6,187.42376334968915
2023-07-17,2023-07-26,2023-07-29,3,Standard,airbnb,9,0.7450565920951989,2,0,7,178.2418729262677
2024-06-14,2024-08-20,2024-08-27,7,Suite,direct,67,0.6785002678780907,1,0,8,289.957115326965
2023-04-12,2023-05-27,2023-05-31,4,Suite,booking.com,45,0.7784001949170045,5,1,5,262.57308089904717
2023-01-05,2023-01-21,2023-01-27,6,Deluxe,expedia,16,0.7210694674156546,5,1,1,222.87980978351678
2024-10-12,2024-11-24,2024-12-01,7,Suite,airbnb,43,0.6484065251343778,6,1,11,284.5528244161519
2024-02-18,2024-03-02,2024-03-06,4,Standard,direct,13,0.5541475056133391,5,1,3,153.18374240772954
2023-10-13,2023-12-12,2023-12-19,7,Deluxe,expedia,60,0.8920802888418782,1,0,12,134.39090475246925
2023-10-27,2023-12-16,2023-12-20,4,Standard,airbnb,50,0.6003937460696809,5,1,12,141.64180525933173
2024-03-23,2024-03-31,2024-04-06,6,Suite,booking.com,8,0.7586560560583454,6,1,3,321.9986545716757
2023-09-21,2023-10-20,2023-10-21,1,Deluxe,expedia,29,0.6855762025942795,4,0,10,146.57509526653087
2024-12-10,2025-02-10,2025-02-14,4,Suite,expedia,62,0.9495005469970106,0,0,2,185.33055745077763
2024-07-02,2024-09-08,2024-09-16,8,Standard,airbnb,68,0.7093861599396174,6,1,9,95.6455165861501
2023-09-07,2023-10-23,2023-10-31,8,Standard,booking.com,46,0.8931557046781597,0,0,10,72.35883526180666
2023-02-19,2023-04-21,2023-04-25,4,Standard,expedia,61,0.731574366215289,4,0,4,71.5837627620572
2023-09-09,2023-10-26,2023-11-02,7,Deluxe,direct,47,0.5770459617675101,3,0,10,134.23643478927
2024-05-02,2024-06-07,2024-06-15,8,Deluxe,expedia,36,0.7291346941122685,4,0,6,221.85619596412442
2024-08-30,2024-09-13,2024-09-16,3,Standard,booking.com,14,0.8572022500076868,4,0,9,108.09600341240775
2023-02-04,2023-05-04,2023-05-09,5,Suite,expedia,89,0.8508001191012471,3,0,5,147.74316275919452
2023-11-10,2023-11-30,2023-12-03,3,Suite,expedia,20,0.5607642555870145,3,0,11,298.3723699123554
2023-12-14,2024-01-12,2024-01-13,1,Deluxe,airbnb,29,0.8201111972080531,4,0,1,148.76796556945104
2024-05-26,2024-06-14,2024-06-18,4,Deluxe,direct,19,0.7748094312158494,4,0,6,230.090215426616
2024-07-13,2024-08-16,2024-08-23,7,Standard,booking.com,34,0.7630103657162552,4,0,8,144.13903754327913
2024-05-24,2024-08-11,2024-08-13,2,Suite,booking.com,79,0.597976587049276,6,1,8,348.87100444481933
2023-05-23,2023-05-26,2023-06-03,8,Suite,expedia,3,0.5503075032306611,4,0,5,323.75321462584924
2024-11-28,2025-01-04,2025-01-05,1,Standard,booking.com,37,0.5916269625613858,5,1,1,160.12517685953267
2024-09-27,2024-11-26,2024-12-02,6,Standard,expedia,60,0.8424721259258007,1,0,11,76.56291928512388
2024-12-20,2025-02-03,2025-02-07,4,Suite,direct,45,0.6162671363933876,0,0,2,305.21646332727306
2024-03-22,2024-04-21,2024-04-25,4,Suite,airbnb,30,0.6400332199199934,6,1,4,305.4803052170871
2024-12-08,2025-01-24,2025-02-02,9,Standard,direct,47,0.8856704899985333,4,0,1,88.66279788864283
2023-10-08,2023-12-21,2023-12-24,3,Deluxe,direct,74,0.7557832921513764,3,0,12,140.10776530876052
2023-08-23,2023-09-06,2023-09-13,7,Deluxe,expedia,14,0.7950291355827616,2,0,9,155.93956425124114
2023-12-03,2023-12-05,2023-12-13,8,Standard,expedia,2,0.591162386978647,1,0,12,162.4219880305102
2023-06-12,2023-08-28,2023-08-30,2,Deluxe,expedia,77,0.7326861908986574,0,0,8,156.52375474479885
2024-01-18,2024-02-27,2024-03-01,3,Deluxe,booking.com,40,0.680121953884566,1,0,2,175.97096369359275
2023-06-20,2023-08-04,2023-08-06,2,Deluxe,booking.com,45,0.8709976992821838,4,0,8,174.24797457478178
2023-08-22,2023-09-22,2023-09-28,6,Standard,booking.com,31,0.8663720807090007,4,0,9,86.28791156546346
2023-03-22,2023-03-26,2023-04-02,7,Deluxe,expedia,4,0.5659505608870132,6,1,3,233.67908787946732
2023-06-01,2023-06-24,2023-06-25,1,Suite,airbnb,23,0.7060642910295984,5,1,6,459.6167722579985
2023-09-05,2023-11-15,2023-11-17,2,Deluxe,direct,71,0.9011291737287481,2,0,11,121.28932036697749
2024-08-18,2024-09-03,2024-09-12,9,Standard,booking.com,16,0.7740183291741775,1,0,9,94.39520986939247
2023-08-17,2023-09-22,2023-09-30,8,Suite,direct,36,0.6735311925990027,4,0,9,236.89383318053373
2024-05-17,2024-06-04,2024-06-12,8,Suite,airbnb,18,0.8081117999203493,1,0,6,371.2596749241891
2024-05-22,2024-06-03,2024-06-09,6,Deluxe,airbnb,12,0.5657058388912395,0,0,6,292.42810457122926
2024-09-18,2024-11-09,2024-11-12,3,Suite,booking.com,52,0.5182722036240489,5,1,11,311.53761378732986
2023-06-19,2023-08-07,2023-08-12,5,Suite,direct,49,0.5909393891249548,0,0,8,385.42580437854065
2024-05-01,2024-05-10,2024-05-12,2,Standard,direct,9,0.5951218043659543,4,0,5,136.37466519003607
2023-03-13,2023-04-21,2023-04-29,8,Deluxe,airbnb,39,0.8800555061317894,4,0,4,122.05920044571252
2023-08-20,2023-09-17,2023-09-25,8,Standard,airbnb,28,0.9165332060908927,6,1,9,83.44018161746602
2023-12-14,2024-02-05,2024-02-10,5,Standard,booking.com,53,0.8749463473999961,0,0,2,92.0365683729013
2024-03-02,2024-04-10,2024-04-11,1,Deluxe,expedia,39,0.7213484420774808,2,0,4,143.68362955301617
2024-08-02,2024-08-04,2024-08-10,6,Standard,direct,2,0.5226510004980099,6,1,8,240.31813892091634
2023-12-22,2024-03-20,2024-03-29,9,Deluxe,airbnb,89,0.5199242303000677,2,0,3,110.76362629034104
2024-03-04,2024-05-26,2024-06-01,6,Standard,expedia,83,0.792078000471389,6,1,5,68.06978851614534
2023-11-23,2024-02-05,2024-02-14,9,Deluxe,expedia,74,0.8916687517677271,0,0,2,95.26580117152264
2024-04-23,2024-06-20,2024-06-21,1,Suite,airbnb,58,0.7296926761466499,3,0,6,307.53587426080594
2023-09-04,2023-09-10,2023-09-19,9,Standard,booking.com,6,0.6964780198443974,6,1,9,136.18829430450907
2024-01-08,2024-01-19,2024-01-25,6,Standard,direct,11,0.7349306944959084,4,0,1,138.1932041721689
2024-12-04,2025-01-25,2025-01-28,3,Suite,booking.com,52,0.9141838139537501,5,1,1,275.6812632277728
2023-01-06,2023-03-15,2023-03-16,1,Deluxe,expedia,68,0.7967681804195543,2,0,3,123.80368765638205
2023-07-18,2023-08-21,2023-08-28,7,Standard,direct,34,0.5337603352166533,0,0,8,166.2202384275087
2024-09-27,2024-11-19,2024-11-28,9,Standard,expedia,53,0.8012482795257798,1,0,11,56.68973623140937
2023-10-23,2023-11-13,2023-11-14,1,Deluxe,direct,21,0.783496376029435,0,0,11,136.4162994550941
2023-05-07,2023-07-03,2023-07-08,5,Standard,booking.com,57,0.6788330581062518,0,0,7,131.23933294708178
2024-09-02,2024-09-10,2024-09-13,3,Suite,direct,8,0.7348021096545251,1,0,9,274.9332799142206
2023-09-04,2023-11-21,2023-11-25,4,Suite,expedia,78,0.8283838479914425,1,0,11,167.7299740041279
2024-05-06,2024-08-02,2024-08-05,3,Suite,direct,88,0.532932189338501,4,0,8,287.2191185430787
2024-03-04,2024-03-17,2024-03-23,6,Deluxe,airbnb,13,0.5385342586025403,6,1,3,238.22071986594383
2023-05-14,2023-08-04,2023-08-11,7,Suite,airbnb,82,0.5188657374566688,4,0,8,303.38407501829363
2024-01-11,2024-03-08,2024-03-14,6,Suite,booking.com,57,0.8244659460217048,4,0,3,201.00269516273866
2023-11-22,2024-01-13,2024-01-19,6,Suite,direct,52,0.8456894071697931,5,1,1,287.9321778709277
2024-05-21,2024-07-11,2024-07-17,6,Standard,airbnb,51,0.5843879235591988,3,0,7,160.96169667261626
2024-06-06,2024-06-18,2024-06-25,7,Suite,expedia,12,0.7858029430822432,1,0,6,383.85001330371125
2023-03-20,2023-05-02,2023-05-10,8,Standard,booking.com,43,0.8179196307753023,1,0,5,83.06902885162043
2023-05-31,2023-07-06,2023-07-15,9,Suite,booking.com,36,0.8966734966891488,3,0,7,294.96026353963214
2023-07-27,2023-09-07,2023-09-12,5,Standard,direct,42,0.7086153573325167,3,0,9,87.37029707315544
2023-09-04,2023-10-17,2023-10-19,2,Standard,direct,43,0.5518723165132456,1,0,10,115.75958949804138
2023-03-28,2023-04-18,2023-04-26,8,Standard,expedia,21,0.500189666036229,1,0,4,119.96158383706047
2023-02-25,2023-04-23,2023-04-26,3,Suite,airbnb,57,0.8104320509466413,6,1,4,232.45219408511144
2024-07-04,2024-07-21,2024-07-27,6,Deluxe,expedia,17,0.8004389991649108,6,1,7,266.96111222892637
2024-04-14,2024-05-27,2024-05-28,1,Suite,booking.com,43,0.949163729663286,0,0,5,193.19327822200387
2023-11-12,2024-01-05,2024-01-10,5,Deluxe,booking.com,54,0.6444379577774769,4,0,1,177.58221261966443
2023-02-22,2023-03-13,2023-03-14,1,Standard,airbnb,19,0.9007302678466051,0,0,3,75.04521212834332
2024-05-25,2024-06-13,2024-06-20,7,Suite,expedia,19,0.9461907192170101,3,0,6,329.51064004244773
2023-11-27,2024-01-19,2024-01-23,4,Suite,expedia,53,0.9204115628628378,4,0,1,204.61191713991536
2023-03-30,2023-06-02,2023-06-09,7,Deluxe,booking.com,64,0.6232976329105997,4,0,6,218.02492468775492
2023-02-13,2023-04-30,2023-05-08,8,Suite,booking.com,76,0.809807103589777,6,1,4,201.82079942224786
2023-08-01,2023-08-24,2023-08-29,5,Standard,airbnb,23,0.604994027198757,3,0,8,187.12030614189004
2023-12-21,2024-02-18,2024-02-26,8,Standard,booking.com,59,0.8143750835606101,6,1,2,118.20896751682555
2024-11-21,2024-12-23,2024-12-27,4,Standard,airbnb,32,0.8886650380472212,0,0,12,103.01927521913652
2023-12-05,2024-03-02,2024-03-03,1,Deluxe,direct,88,0.6524070082925735,5,1,3,125.77141538835724
2024-11-30,2025-01-22,2025-01-26,4,Standard,airbnb,53,0.7674455795692274,2,0,1,106.68800696326073
2024-02-18,2024-05-12,2024-05-13,1,Deluxe,direct,84,0.8654333508842552,6,1,5,111.73614454587079
2023-07-01,2023-08-14,2023-08-18,4,Standard,airbnb,44,0.8231865639668119,0,0,8,123.42635653046851
2023-11-14,2024-01-02,2024-01-08,6,Deluxe,airbnb,49,0.7696109512634484,1,0,1,144.05001317438737
2023-11-01,2023-11-25,2023-12-03,8,Standard,direct,24,0.7890309484055775,5,1,11,119.22987923971438
2024-06-07,2024-08-07,2024-08-08,1,Standard,direct,61,0.585049965793276,2,0,8,133.53401770545335
2023-05-04,2023-07-09,2023-07-11,2,Standard,direct,66,0.8262776711139178,6,1,7,128.23917969900202
2024-07-22,2024-09-12,2024-09-13,1,Standard,booking.com,52,0.7235984089288552,3,0,9,93.37416577078042
2024-07-24,2024-08-30,2024-09-03,4,Suite,airbnb,37,0.6190789028176469,4,0,8,412.89617468019856
2023-12-14,2024-01-21,2024-01-25,4,Suite,booking.com,38,0.8605749308638835,6,1,1,290.54707675137047
2023-12-12,2024-02-20,2024-02-23,3,Standard,booking.com,70,0.9271674588097566,1,0,2,73.24702343497523
2023-03-23,2023-06-08,2023-06-10,2,Suite,expedia,77,0.662637719766882,3,0,6,288.3185404556637
2023-09-27,2023-11-29,2023-12-05,6,Suite,direct,63,0.9201869989723592,2,0,11,170.72805328274202
2023-10-22,2023-11-17,2023-11-20,3,Standard,direct,26,0.7639090598334306,4,0,11,93.39213713521704
2023-02-19,2023-03-16,2023-03-17,1,Standard,direct,25,0.5466034920070699,3,0,3,116.62616733335452
2024-03-19,2024-03-23,2024-03-29,6,Standard,airbnb,4,0.5342765221529334,5,1,3,149.77128901763888
2024-04-30,2024-06-08,2024-06-11,3,Deluxe,expedia,39,0.6702934929066993,5,1,6,257.6906220868937
2024-04-19,2024-07-09,2024-07-14,5,Suite,airbnb,81,0.6475944209219556,1,0,7,269.44947556332124
2023-05-25,2023-07-21,2023-07-28,7,Deluxe,direct,57,0.6806925676163416,4,0,7,203.4328370563249
2024-08-12,2024-10-30,2024-11-04,5,Deluxe,booking.com,79,0.6612930465853106,2,0,10,95.05978625455083
2024-07-24,2024-09-02,2024-09-10,8,Standard,airbnb,40,0.8414820287788648,0,0,9,75.36401721894345
2023-08-05,2023-10-27,2023-11-01,5,Standard,booking.com,83,0.9431816397344632,4,0,10,71.66907273834136
2024-06-21,2024-07-09,2024-07-16,7,Deluxe,direct,18,0.5641075701396587,1,0,7,275.3975041653544
2023-12-24,2024-01-18,2024-01-20,2,Deluxe,airbnb,25,0.8406598918226647,3,0,1,175.1083758602875
2023-07-19,2023-09-18,2023-09-22,4,Suite,expedia,61,0.6639860772991292,0,0,9,211.90802023400448
2024-08-03,2024-09-12,2024-09-21,9,Suite,airbnb,40,0.5767472060452394,3,0,9,274.0019183911412
2023-10-13,2023-11-27,2023-12-01,4,Suite,booking.com,45,0.7158769798701936,0,0,11,223.45565431617806
2024-12-06,2024-12-09,2024-12-14,5,Suite,expedia,3,0.7189531220909778,0,0,12,343.94374545760036
2023-11-19,2023-11-20,2023-11-26,6,Standard,direct,1,0.6999541685224623,0,0,11,95.80454535659308
2024-05-29,2024-06-09,2024-06-13,4,Standard,direct,11,0.5156715117231744,6,1,6,232.27488298938363
2023-06-14,2023-08-28,2023-09-05,8,Standard,airbnb,75,0.9230375183226518,0,0,8,93.1399082272452
2024-05-25,2024-07-30,2024-08-05,6,Deluxe,expedia,66,0.853534192629771,1,0,7,151.47975532116695
2024-10-04,2024-10-29,2024-10-30,1,Standard,airbnb,25,0.8637503366845515,1,0,10,89.89923941386786
2023-11-17,2023-12-19,2023-12-22,3,Deluxe,direct,32,0.6233059059599533,1,0,12,177.26631434183753
2024-01-20,2024-03-04,2024-03-09,5,Standard,airbnb,44,0.5046208014704309,0,0,3,112.39249109154731
2023-07-22,2023-07-29,2023-07-30,1,Suite,airbnb,7,0.5993345892496995,5,1,7,564.2046205492936
2023-05-03,2023-05-07,2023-05-15,8,Deluxe,booking.com,4,0.7168672882019852,6,1,5,225.6310188759815
2023-03-07,2023-05-30,2023-06-02,3,Suite,direct,84,0.7058956113603716,1,0,5,171.02829525887302
2024-10-26,2024-11-01,2024-11-08,7,Standard,expedia,6,0.6982043409518441,4,0,11,111.82450547622737
2023-03-06,2023-05-19,2023-05-28,9,Deluxe,expedia,74,0.7026557046639559,4,0,5,109.25283579045454
2024-06-09,2024-09-04,2024-09-11,7,Suite,airbnb,87,0.925738089337254,2,0,9,134.92181345468265
2023-03-29,2023-05-02,2023-05-05,3,Standard,airbnb,34,0.8195637836641627,1,0,5,94.66742128779805
2024-12-05,2025-01-17,2025-01-24,7,Suite,expedia,43,0.8967132447277677,4,0,1,215.52396621468242
2023-07-11,2023-10-04,2023-10-10,6,Standard,direct,85,0.6271303852347276,2,0,10,70.86595794285476
2023-09-24,2023-09-28,2023-10-03,5,Deluxe,expedia,4,0.5097363052251968,3,0,9,207.35530744981284
2023-02-19,2023-04-02,2023-04-04,2,Standard,direct,42,0.8304901105559379,6,1,4,95.6205951770586
2024-02-23,2024-03-06,2024-03-14,8,Standard,expedia,12,0.8677420356773572,2,0,3,102.02624654179267
2023-01-18,2023-03-15,2023-03-21,6,Deluxe,direct,56,0.7330882354024599,2,0,3,133.87487351749317
2023-08-20,2023-08-21,2023-08-27,6,Suite,booking.com,1,0.6304062046264957,0,0,8,468.11277331593806
2024-04-26,2024-07-08,2024-07-12,4,Standard,airbnb,73,0.8226275671974108,0,0,7,93.04972316027747
2023-02-20,2023-04-15,2023-04-22,7,Standard,airbnb,54,0.5102883431079833,5,1,4,139.04735273299943
2024-07-30,2024-10-12,2024-10-21,9,Standard,direct,74,0.5053824378056355,5,1,10,104.79205150334778
2024-04-23,2024-05-23,2024-05-28,5,Suite,booking.com,30,0.8542075274650048,3,0,5,226.848665476346
2024-02-12,2024-04-11,2024-04-17,6,Standard,booking.com,59,0.6562763428912289,3,0,4,88.41293996037841
2024-05-30,2024-06-09,2024-06-16,7,Suite,airbnb,10,0.674990777177032,6,1,6,510.3575000958252
2024-08-21,2024-08-25,2024-08-29,4,Deluxe,direct,4,0.8697368135067814,6,1,8,279.37687043748105
2024-06-29,2024-07-31,2024-08-07,7,Suite,expedia,32,0.8285077899130542,2,0,7,345.06943145333383
2023-08-16,2023-11-13,2023-11-21,8,Standard,airbnb,89,0.819413057696918,0,0,11,51.81305193669593
2023-12-21,2024-02-13,2024-02-15,2,Standard,booking.com,54,0.8373376260708525,1,0,2,93.85270716564872
2023-04-18,2023-04-30,2023-05-04,4,Deluxe,expedia,12,0.8553170960698493,6,1,4,163.62945152938127
2024-07-27,2024-09-27,2024-10-06,9,Suite,expedia,62,0.6671845213557156,4,0,9,221.31055051811106
2024-06-30,2024-08-16,2024-08-17,1,Standard,direct,47,0.6202947529620244,4,0,8,150.9670963469328
2023-10-26,2023-12-12,2023-12-20,8,Standard,direct,47,0.8418548059216628,1,0,12,109.26933458483717
2023-11-22,2024-02-11,2024-02-15,4,Standard,airbnb,81,0.7032223687906934,6,1,2,98.5094036153623
2024-09-26,2024-11-27,2024-12-01,4,Standard,direct,62,0.5984963658014956,2,0,11,64.7090645424568
2023-05-08,2023-06-25,2023-07-02,7,Standard,expedia,48,0.7896765309115967,6,1,6,165.42740736329932
2023-05-17,2023-06-29,2023-07-01,2,Deluxe,direct,43,0.9198594847195787,3,0,6,173.20398573986807
2024-11-26,2024-12-26,2024-12-31,5,Standard,expedia,30,0.6749619893690799,3,0,12,115.52012544093606
2023-02-28,2023-03-01,2023-03-06,5,Standard,expedia,1,0.5258570225444513,2,0,3,133.42741135776444
2023-11-28,2023-12-23,2024-01-01,9,Suite,direct,25,0.5170962177537834,5,1,12,427.10356611518375
2023-01-13,2023-02-08,2023-02-09,1,Suite,expedia,26,0.7956553988787731,2,0,2,291.4398283471031
2023-01-28,2023-03-19,2023-03-23,4,Deluxe,airbnb,50,0.5747669338176227,6,1,3,178.24122728756714
2024-12-28,2025-03-25,2025-04-02,8,Standard,direct,87,0.9182230750103068,1,0,3,55.189844924817315
2024-02-27,2024-03-23,2024-03-31,8,Standard,expedia,25,0.8479331122642356,5,1,3,110.01210616261329
2023-08-29,2023-09-18,2023-09-19,1,Deluxe,booking.com,20,0.8818426565420646,0,0,9,129.1203400002496
2023-12-10,2023-12-20,2023-12-21,1,Standard,airbnb,10,0.5969322096034385,2,0,12,136.44990312868455
2024-02-03,2024-05-02,2024-05-09,7,Suite,airbnb,89,0.9214985548418162,3,0,5,135.33146231246548
2023-04-03,2023-06-27,2023-07-02,5,Deluxe,booking.com,85,0.6734418973128341,1,0,6,164.83973975903206
2023-05-14,2023-06-15,2023-06-17,2,Deluxe,expedia,32,0.8581252582843948,3,0,6,187.22723287864537
2023-03-20,2023-05-31,2023-06-07,7,Deluxe,expedia,72,0.5289472651220132,2,0,5,135.0953505140276
2023-08-05,2023-09-15,2023-09-16,1,Suite,booking.com,41,0.6088077466418249,4,0,9,266.6676317850168
2024-09-03,2024-10-04,2024-10-11,7,Standard,booking.com,31,0.9408930615795008,4,0,10,67.57497073132456
2024-10-29,2025-01-21,2025-01-29,8,Standard,airbnb,84,0.5857152506424524,1,0,1,103.36896102385933
2023-10-31,2024-01-22,2024-01-31,9,Suite,expedia,83,0.6886092483648858,0,0,1,223.02386721551653
2023-03-27,2023-06-11,2023-06-18,7,Standard,direct,76,0.8530142510805582,6,1,6,95.3337118353227
2023-12-11,2024-01-11,2024-01-14,3,Standard,airbnb,31,0.8883448857771314,3,0,1,107.9464800988078
2024-07-20,2024-09-27,2024-10-06,9,Suite,airbnb,69,0.6477537628520086,4,0,9,202.0775424077462
2024-04-16,2024-05-10,2024-05-12,2,Standard,expedia,24,0.8951352162715469,4,0,5,82.24161024041375
2023-01-10,2023-04-08,2023-04-12,4,Deluxe,direct,88,0.7020583612604818,5,1,4,111.81452828293092
2024-04-08,2024-05-31,2024-06-08,8,Standard,direct,53,0.7338392141488667,4,0,5,97.5315999559206
2024-12-16,2024-12-29,2025-01-07,9,Standard,airbnb,13,0.7736617408568729,6,1,12,152.7271440400954
2024-11-05,2024-11-16,2024-11-18,2,Suite,direct,11,0.7270567443899821,5,1,11,333.41007670952416
2023-04-28,2023-05-05,2023-05-13,8,Standard,expedia,7,0.6747699307838848,4,0,5,104.68727648238814
2023-01-28,2023-04-23,2023-04-29,6,Deluxe,expedia,85,0.9170455021833366,6,1,4,110.35530870477544
2024-09-17,2024-09-28,2024-10-05,7,Standard,direct,11,0.801181558220658,5,1,9,105.97836932215458
2023-11-13,2023-12-04,2023-12-05,1,Suite,airbnb,21,0.5947692692234614,0,0,12,350.65238794804134
2024-10-02,2024-12-19,2024-12-28,9,Standard,direct,78,0.870907483564453,3,0,12,66.42812892168837
2023-05-10,2023-05-25,2023-05-27,2,Suite,expedia,15,0.814372125041906,3,0,5,248.18042608384516
2024-10-22,2024-11-17,2024-11-22,5,Suite,booking.com,26,0.6510569242103914,6,1,11,323.5580546823927
2024-03-30,2024-06-20,2024-06-26,6,Deluxe,direct,82,0.9282871196571822,3,0,6,137.15479753395542
2023-02-09,2023-02-25,2023-02-28,3,Deluxe,direct,16,0.8414029558336593,5,1,2,221.79784171184937
2023-01-16,2023-03-05,2023-03-09,4,Deluxe,airbnb,48,0.714744588920661,6,1,3,166.71113539410968
2023-02-07,2023-02-18,2023-02-22,4,Standard,airbnb,11,0.7284946546945885,5,1,2,171.97507726994493
2024-03-07,2024-06-03,2024-06-08,5,Deluxe,airbnb,88,0.5283153840654253,0,0,6,177.0399852955302
2024-05-28,2024-07-25,2024-08-01,7,Deluxe,direct,58,0.6727055083319913,3,0,7,185.63721022744377
2024-09-19,2024-10-26,2024-10-30,4,Deluxe,direct,37,0.8582823573700591,5,1,10,156.8187765247798
2023-06-06,2023-08-01,2023-08-05,4,Deluxe,booking.com,56,0.6086266415027627,1,0,8,200.32307654854085
2023-10-03,2023-10-18,2023-10-25,7,Suite,booking.com,15,0.5691218173979672,2,0,10,297.125258651449
2023-04-25,2023-07-10,2023-07-14,4,Standard,airbnb,76,0.8275090952637211,0,0,7,94.32558461523072
2024-04-11,2024-05-11,2024-05-16,5,Standard,expedia,30,0.811975350267168,5,1,5,120.65193403768696
2023-10-20,2024-01-15,2024-01-18,3,Standard,airbnb,87,0.6770706059684652,0,0,1,84.52167387532502
2023-12-01,2024-02-04,2024-02-10,6,Deluxe,direct,65,0.6679085389814668,6,1,2,182.26951753366316
2024-04-12,2024-05-02,2024-05-04,2,Standard,direct,20,0.9116294607237792,3,0,5,74.66783358684071
2023-04-02,2023-05-08,2023-05-10,2,Suite,airbnb,36,0.6810585270688676,0,0,5,242.29136150338826
2024-09-17,2024-09-26,2024-10-01,5,Suite,airbnb,9,0.7964041301314504,3,0,9,269.9735790227903
2023-07-22,2023-08-07,2023-08-16,9,Deluxe,airbnb,16,0.701130692885573,0,0,8,244.73545426149914
2023-01-07,2023-03-12,2023-03-13,1,Suite,direct,64,0.7182894640859026,6,1,3,233.04977013068552
2023-02-22,2023-04-30,2023-05-04,4,Suite,expedia,67,0.9239287898791343,6,1,4,168.84186495411373
2024-02-03,2024-04-02,2024-04-04,2,Deluxe,booking.com,59,0.745945539637904,1,0,4,115.91724634168826
2023-06-09,2023-06-22,2023-06-26,4,Standard,direct,13,0.6067692311943255,3,0,6,187.61852467686737
2024-06-10,2024-06-12,2024-06-17,5,Deluxe,expedia,2,0.7064478229845526,2,0,6,256.48813187765916
2023-09-16,2023-10-04,2023-10-07,3,Suite,booking.com,18,0.5696237290131788,2,0,10,308.74721255165707
2023-05-11,2023-06-09,2023-06-15,6,Deluxe,booking.com,29,0.6431996702997008,4,0,6,257.0007425521641
2023-08-13,2023-09-13,2023-09-19,6,Standard,airbnb,31,0.7925101037248106,2,0,9,95.27453329337845
2023-03-16,2023-03-28,2023-03-30,2,Deluxe,airbnb,12,0.9351643512701492,1,0,3,142.4235033853485
2024-03-21,2024-05-24,2024-05-31,7,Deluxe,expedia,64,0.6331120946104634,4,0,5,137.593027584348
2024-05-15,2024-07-16,2024-07-23,7,Standard,expedia,62,0.9450244262110421,1,0,7,96.9823903147467
2023-02-27,2023-03-30,2023-04-07,8,Standard,booking.com,31,0.7703233073405436,3,0,3,93.65170600451091
2023-02-15,2023-03-12,2023-03-21,9,Standard,expedia,25,0.6199620274366754,6,1,3,133.46236264847298
2023-01-14,2023-01-25,2023-01-30,5,Deluxe,expedia,11,0.8744331580747808,2,0,1,176.9820990652242
2023-02-15,2023-02-24,2023-03-04,8,Standard,expedia,9,0.9228838650428687,4,0,2,124.8073077138018
2024-08-16,2024-10-19,2024-10-20,1,Standard,airbnb,64,0.6112264943688889,5,1,10,104.5805119975097
2024-11-07,2025-01-07,2025-01-09,2,Standard,airbnb,61,0.5525321342819128,1,0,1,111.11196649639746
2023-11-06,2023-12-12,2023-12-19,7,Suite,booking.com,36,0.7049350828859509,1,0,12,287.1384201091071
2023-02-27,2023-05-13,2023-05-18,5,Suite,expedia,75,0.8783830518736848,5,1,5,186.39408261156044
2024-08-16,2024-09-02,2024-09-10,8,Standard,direct,17,0.6437533420315816,0,0,9,110.13832608794414
2024-12-10,2025-01-24,2025-02-01,8,Deluxe,expedia,45,0.82189244513374,4,0,1,149.17955372940852
2023-01-20,2023-02-24,2023-03-02,6,Suite,booking.com,35,0.694813387391509,4,0,2,299.90908719594864
2024-01-11,2024-02-08,2024-02-10,2,Deluxe,direct,28,0.6076612089963253,3,0,2,197.2269992011981
2024-04-23,2024-05-31,2024-06-09,9,Deluxe,booking.com,38,0.907920722177418,4,0,5,122.51540486138195
2024-01-06,2024-01-21,2024-01-24,3,Suite,expedia,15,0.5060489734786312,6,1,1,454.5796903931999
2023-02-20,2023-04-18,2023-04-21,3,Deluxe,airbnb,57,0.824580420425522,1,0,4,95.38301357907841
2023-08-06,2023-10-23,2023-10-27,4,Standard,direct,78,0.6070174512882458,0,0,10,82.61640195313906
2024-02-06,2024-03-08,2024-03-17,9,Deluxe,airbnb,31,0.8814558184881807,4,0,3,107.90205080135098
2023-07-10,2023-07-13,2023-07-15,2,Suite,airbnb,3,0.8297152918229617,3,0,7,387.33364573653193
2024-01-07,2024-03-14,2024-03-16,2,Suite,expedia,67,0.6494582833779791,3,0,3,203.0038344789641
2024-08-10,2024-11-05,2024-11-09,4,Standard,airbnb,87,0.7430162274607864,1,0,11,54.65164895506513
2023-03-21,2023-05-26,2023-06-01,6,Suite,booking.com,66,0.6938826386643535,4,0,5,206.69670157293055
2023-10-15,2023-11-21,2023-11-30,9,Suite,airbnb,37,0.5925447777466901,1,0,11,262.62976021336675
2023-11-10,2024-01-09,2024-01-15,6,Standard,expedia,60,0.671155646253012,1,0,1,104.82719847613635
2023-04-10,2023-05-27,2023-06-03,7,Deluxe,airbnb,47,0.7997482837558421,5,1,5,159.60882718202933
2023-04-13,2023-04-23,2023-04-24,1,Standard,booking.com,10,0.9070100309228118,6,1,4,112.70249544422217
2024-08-10,2024-09-02,2024-09-11,9,Standard,booking.com,23,0.6961666727227482,0,0,9,116.05274162729796
2023-10-25,2023-11-15,2023-11-20,5,Standard,booking.com,21,0.9416675830403742,2,0,11,94.4110827797695
2023-09-12,2023-12-07,2023-12-11,4,Standard,airbnb,86,0.5902544068691884,3,0,12,86.50991477882673
2023-05-12,2023-06-26,2023-07-03,7,Deluxe,expedia,45,0.8281872850867031,0,0,6,191.82818493569644
2023-01-11,2023-03-06,2023-03-11,5,Standard,direct,54,0.7057063642433021,0,0,3,83.32335267373708
2023-04-16,2023-05-04,2023-05-05,1,Standard,booking.com,18,0.5306701533898374,3,0,5,128.72330063477497
2024-12-13,2025-03-09,2025-03-10,1,Deluxe,booking.com,86,0.9470954650454695,6,1,3,85.99558836576496
2023-08-13,2023-10-21,2023-10-22,1,Standard,expedia,69,0.5529301356767743,5,1,10,108.3465485711566
2023-11-01,2024-01-18,2024-01-22,4,Standard,booking.com,78,0.8795225583343207,3,0,1,80.49252691102454
2023-02-09,2023-04-13,2023-04-21,8,Deluxe,booking.com,63,0.8779186519827789,3,0,4,102.8449094333869
2023-02-06,2023-04-20,2023-04-28,8,Suite,airbnb,73,0.7808628784318381,3,0,4,165.01136000248835
2023-07-02,2023-07-27,2023-07-29,2,Suite,airbnb,25,0.8672990210755265,3,0,7,341.2942149477185
2023-06-25,2023-07-31,2023-08-04,4,Deluxe,airbnb,36,0.5750994420204203,0,0,7,247.32748815886615
2024-08-27,2024-09-07,2024-09-09,2,Standard,expedia,11,0.525590584464796,5,1,9,143.57323066356417
2023-10-31,2024-01-26,2024-02-04,9,Standard,airbnb,87,0.9417008720807936,4,0,1,45.38806001427738
2023-11-26,2024-02-12,2024-02-18,6,Deluxe,expedia,78,0.9332339071909246,0,0,2,97.3217374349548
2023-06-11,2023-08-30,2023-09-06,7,Suite,expedia,80,0.5007197802484991,2,0,8,294.54378318990814
2024-10-17,2024-12-31,2025-01-06,6,Standard,direct,75,0.8141787703628478,1,0,12,90.77100550539448
2023-05-22,2023-07-17,2023-07-22,5,Deluxe,airbnb,56,0.9334169324783563,0,0,7,152.5222214011722
2024-05-23,2024-05-30,2024-06-01,2,Suite,direct,7,0.8550557332903939,3,0,5,241.59744295235393
2023-05-01,2023-05-24,2023-06-02,9,Suite,airbnb,23,0.6788159546479551,2,0,5,270.97394759798283
2023-06-25,2023-07-20,2023-07-29,9,Standard,booking.com,25,0.5223351285837188,3,0,7,159.06223933104658
2023-05-14,2023-07-14,2023-07-22,8,Standard,expedia,61,0.7920639436770895,4,0,7,109.54546219118583
2024-12-14,2025-01-16,2025-01-19,3,Deluxe,booking.com,33,0.5066242716793323,3,0,1,189.90338619923045
2023-06-10,2023-06-28,2023-06-30,2,Deluxe,booking.com,18,0.8511971697358106,2,0,6,206.30165574868366
2023-02-03,2023-03-15,2023-03-16,1,Suite,airbnb,40,0.8288695137730147,2,0,3,202.9250364718366
2023-04-27,2023-05-25,2023-05-28,3,Standard,expedia,28,0.9025834583953751,3,0,5,88.50186348114259
2023-12-19,2023-12-21,2023-12-27,6,Standard,booking.com,2,0.732724168792421,3,0,12,130.57015452310662
2023-11-06,2023-11-24,2023-11-26,2,Standard,airbnb,18,0.8623368477764669,4,0,11,97.1231258974493
2024-03-12,2024-05-25,2024-05-29,4,Suite,booking.com,74,0.8830422554525921,5,1,5,192.4331784548607
2024-04-06,2024-04-10,2024-04-12,2,Standard,direct,4,0.6437783273824984,2,0,4,111.56644728573687
2023-04-15,2023-06-18,2023-06-20,2,Standard,expedia,64,0.9016452239750201,6,1,6,122.34289690401928
2024-02-09,2024-02-22,2024-02-24,2,Deluxe,airbnb,13,0.5681454685890902,3,0,2,215.88248946919285
2023-07-13,2023-09-22,2023-09-28,6,Suite,booking.com,71,0.7953957598324584,4,0,9,186.4269795392363
2023-04-13,2023-06-16,2023-06-18,2,Suite,airbnb,64,0.8773530118283177,4,0,6,273.6417121325012
2024-06-07,2024-07-20,2024-07-24,4,Standard,direct,43,0.8664548232108943,5,1,7,157.60757665304567
2024-08-11,2024-08-24,2024-08-29,5,Deluxe,expedia,13,0.5217024631980798,5,1,8,326.959369391251
2024-12-27,2025-03-02,2025-03-05,3,Suite,booking.com,65,0.9374246785191278,6,1,3,193.04608209430504
2024-08-02,2024-09-22,2024-09-25,3,Deluxe,direct,51,0.5128055720512195,6,1,9,185.459755491729
2023-12-04,2024-02-26,2024-03-04,7,Suite,booking.com,84,0.9213162596023023,0,0,2,153.6313919112576
2023-12-16,2024-01-01,2024-01-04,3,Deluxe,direct,16,0.5621243455323379,0,0,1,221.72830648966374
2023-03-15,2023-04-15,2023-04-24,9,Suite,booking.com,31,0.5080345103458793,5,1,4,347.56570075827335
2023-05-07,2023-07-26,2023-07-28,2,Deluxe,direct,80,0.8055027238247476,2,0,7,153.65137707912476
2024-05-19,2024-07-02,2024-07-05,3,Standard,expedia,44,0.6013112143344312,1,0,7,140.93785627555968
2024-01-27,2024-03-11,2024-03-13,2,Standard,booking.com,44,0.6128549248023779,0,0,3,99.34375917214533
2023-01-04,2023-03-05,2023-03-10,5,Suite,direct,60,0.8966547337261515,6,1,3,218.44859451148335
2023-12-08,2024-02-16,2024-02-18,2,Standard,expedia,70,0.8665225260713625,4,0,2,83.44537377547564
2023-03-31,2023-05-08,2023-05-12,4,Standard,airbnb,38,0.6169189331901557,0,0,5,113.05741919173806
2024-10-16,2024-10-22,2024-10-30,8,Deluxe,direct,6,0.8378441728419017,1,0,10,170.27846082936944
2024-10-30,2024-11-12,2024-11-16,4,Deluxe,expedia,13,0.5454366042489949,1,0,11,201.1279769116405
2023-08-31,2023-11-27,2023-11-29,2,Standard,expedia,88,0.6930874503507576,0,0,11,65.86114259470315
2024-10-27,2024-12-27,2024-12-31,4,Standard,direct,61,0.5461412897279342,4,0,12,103.50766505313433
2023-04-19,2023-07-02,2023-07-05,3,Deluxe,direct,74,0.7860253753231964,6,1,7,191.7166098183427
2023-09-03,2023-10-07,2023-10-10,3,Standard,airbnb,34,0.5650346197524021,5,1,10,130.46572477186461
2023-05-22,2023-08-13,2023-08-20,7,Standard,booking.com,83,0.9041597845590272,6,1,8,115.90967465459427
2024-12-23,2025-01-29,2025-02-05,7,Suite,booking.com,37,0.9188322778964654,2,0,1,231.10574985281622
2023-05-09,2023-07-06,2023-07-10,4,Standard,airbnb,58,0.5156533341866134,3,0,7,168.5754280646264
2024-05-10,2024-06-25,2024-06-28,3,Suite,airbnb,46,0.6614651078242179,1,0,6,365.95318366305787
2023-04-22,2023-06-28,2023-07-03,5,Suite,airbnb,67,0.7076976994838631,2,0,6,298.44522431458535
2024-02-02,2024-04-22,2024-04-26,4,Deluxe,direct,80,0.7924584118981246,0,0,4,87.72276422615155
2023-05-17,2023-06-14,2023-06-17,3,Standard,airbnb,28,0.6167322677194617,2,0,6,156.94448052638987
2024-04-11,2024-05-18,2024-05-27,9,Standard,airbnb,37,0.5780985550639377,5,1,5,122.95854679991535
2024-03-08,2024-04-14,2024-04-19,5,Deluxe,direct,37,0.5910964303360087,6,1,4,201.18767353914518
2023-01-07,2023-02-12,2023-02-13,1,Standard,expedia,36,0.8242876819935157,6,1,2,132.68815757994886
2023-11-10,2023-12-23,2024-01-01,9,Deluxe,booking.com,43,0.6755982871191829,5,1,12,209.31500231921396
2024-06-09,2024-07-02,2024-07-09,7,Standard,expedia,23,0.5091054526863631,1,0,7,184.9816368857955
2023-03-12,2023-04-01,2023-04-08,7,Standard,booking.com,20,0.9495697777961258,5,1,4,93.4722806251241
2024-06-26,2024-07-02,2024-07-05,3,Standard,direct,6,0.8282161832090722,1,0,7,151.44434542873614
2024-01-25,2024-02-09,2024-02-17,8,Standard,direct,15,0.8939441933550183,4,0,2,128.35644309184437
2023-01-12,2023-03-06,2023-03-08,2,Deluxe,expedia,53,0.69153741493504,0,0,3,136.32843428623957
2024-02-02,2024-02-18,2024-02-22,4,Deluxe,booking.com,16,0.6003596126478471,6,1,2,265.7374462877115
2024-01-30,2024-02-01,2024-02-06,5,Suite,airbnb,2,0.5761978016829037,3,0,2,397.25630415052984
2023-05-23,2023-08-15,2023-08-22,7,Deluxe,airbnb,84,0.777952263613474,1,0,8,159.17724310392722
2023-01-08,2023-03-10,2023-03-13,3,Standard,airbnb,61,0.7738751141347774,4,0,3,81.36559771917817
2024-09-10,2024-09-17,2024-09-22,5,Standard,airbnb,7,0.9490416934025632,1,0,9,74.66761030253343
2023-07-27,2023-10-06,2023-10-11,5,Standard,airbnb,71,0.6548205250365,4,0,10,66.60603757765294
2023-06-16,2023-09-09,2023-09-12,3,Standard,booking.com,85,0.7427411335210254,5,1,9,80.5979500285746
2023-04-30,2023-07-04,2023-07-09,5,Deluxe,expedia,65,0.5192273373756551,1,0,7,224.92596552454256
2024-09-12,2024-11-17,2024-11-20,3,Deluxe,booking.com,66,0.7560849523675255,6,1,11,141.08396126348813
2023-01-18,2023-03-05,2023-03-14,9,Standard,booking.com,46,0.636852022446813,6,1,3,109.27884635717813
2023-03-09,2023-04-20,2023-04-24,4,Suite,direct,42,0.581143758517467,3,0,4,263.94601516913013
2023-03-05,2023-05-25,2023-05-28,3,Suite,direct,81,0.6736513477473953,3,0,5,195.7461578307857
2024-10-15,2024-11-28,2024-12-06,8,Suite,direct,44,0.8029648119142722,3,0,11,228.58878602380827
2024-10-28,2024-12-09,2024-12-13,4,Deluxe,airbnb,42,0.7018566369711429,0,0,12,173.01580281153474
2023-06-09,2023-07-05,2023-07-08,3,Suite,airbnb,26,0.8190020158882498,2,0,7,349.94093922119544
2023-10-13,2023-12-23,2023-12-29,6,Standard,direct,71,0.8791862371667016,5,1,12,91.23754255914649
2023-12-19,2024-02-17,2024-02-24,7,Standard,booking.com,60,0.6956622662740015,5,1,2,119.08684596762401
2024-07-10,2024-07-24,2024-07-26,2,Standard,direct,14,0.6768676792127708,2,0,7,179.6748001938955
2023-10-25,2023-12-04,2023-12-12,8,Suite,expedia,40,0.5841850848166252,0,0,12,316.59226965296534
2023-10-15,2023-12-01,2023-12-06,5,Standard,expedia,47,0.6210142570328494,4,0,12,119.84585670182916
2024-09-01,2024-10-07,2024-10-09,2,Standard,direct,36,0.5521642984454573,0,0,10,112.0723288090717
2023-07-16,2023-09-26,2023-09-27,1,Standard,direct,72,0.7712244288341198,1,0,9,49.55908119551066
2024-02-21,2024-04-30,2024-05-08,8,Deluxe,direct,69,0.6234463434553734,1,0,4,111.08516866120841
2024-09-09,2024-09-26,2024-10-05,9,Deluxe,airbnb,17,0.7442156809024094,3,0,9,169.53075264045674
2024-02-06,2024-02-26,2024-02-29,3,Suite,direct,20,0.8625002242297601,0,0,2,282.5031005000272
2024-03-13,2024-03-18,2024-03-23,5,Suite,booking.com,5,0.789515668058308,0,0,3,272.2413663402922
2023-07-17,2023-08-06,2023-08-10,4,Standard,direct,20,0.5854031295294427,6,1,8,211.3343323187103
2023-09-02,2023-11-19,2023-11-24,5,Deluxe,expedia,78,0.7339692945733786,6,1,11,151.59405381028316
2024-02-05,2024-03-11,2024-03-15,4,Deluxe,airbnb,35,0.8933068483909075,0,0,3,128.92276994990866
2023-10-16,2023-11-25,2023-12-03,8,Deluxe,direct,40,0.505251481456632,5,1,11,192.42681107208244
2024-01-28,2024-04-20,2024-04-24,4,Deluxe,booking.com,83,0.5421262341405888,5,1,4,154.1349162174662
2023-09-03,2023-11-20,2023-11-21,1,Standard,booking.com,78,0.9273735503005677,0,0,11,66.69009871226115
2023-01-17,2023-03-30,2023-04-08,9,Suite,booking.com,72,0.5961033558032534,3,0,3,205.23555551670748
2023-07-14,2023-08-30,2023-09-02,3,Deluxe,airbnb,47,0.7647537814855789,2,0,8,186.95928394601412
2023-01-01,2023-03-30,2023-04-04,5,Suite,expedia,88,0.9121325703702867,3,0,3,140.86088353273075
2024-09-11,2024-11-17,2024-11-22,5,Deluxe,direct,67,0.9434631435238834,6,1,11,105.86249660447834
2024-10-30,2024-11-13,2024-11-22,9,Standard,booking.com,14,0.9082273904823644,2,0,11,85.39685376501394
2024-11-06,2024-12-07,2024-12-15,8,Standard,booking.com,31,0.7424752963873944,5,1,12,144.38760425055602
2024-06-15,2024-08-02,2024-08-05,3,Suite,expedia,48,0.55169682854014,4,0,8,387.5491055183378
2024-03-02,2024-05-29,2024-05-30,1,Suite,booking.com,88,0.9053018388364289,2,0,5,147.52380822769285
2023-07-02,2023-09-24,2023-10-02,8,Standard,expedia,84,0.5070357767758757,6,1,9,89.47165146591023
2023-11-03,2023-12-02,2023-12-11,9,Standard,expedia,29,0.7552621238507071,5,1,12,142.93942268407642
2023-02-15,2023-03-09,2023-03-16,7,Suite,booking.com,22,0.514109984829636,3,0,3,301.8278947307507
2024-06-29,2024-09-07,2024-09-10,3,Standard,booking.com,70,0.8976648325868062,5,1,9,84.54861201008671
2023-05-10,2023-05-25,2023-05-28,3,Suite,direct,15,0.6520204325469947,3,0,5,296.76816352496513
2023-09-21,2023-10-06,2023-10-15,9,Standard,direct,15,0.5080704426687666,4,0,10,125.60813275009647
2024-02-01,2024-02-19,2024-02-26,7,Deluxe,airbnb,18,0.7789523907301485,0,0,2,179.21460139768394
2024-11-26,2025-02-18,2025-02-25,7,Standard,airbnb,84,0.618412008320106,1,0,2,76.5304551831787
2023-05-22,2023-06-08,2023-06-09,1,Standard,booking.com,17,0.6564350276957245,3,0,6,175.10393965811505
2023-11-03,2024-01-22,2024-01-28,6,Standard,direct,80,0.662649296558341,0,0,1,92.89187109809966
2024-05-05,2024-07-09,2024-07-13,4,Deluxe,expedia,65,0.8421322895614396,1,0,7,158.58756546526476
2023-06-09,2023-06-19,2023-06-21,2,Standard,booking.com,10,0.87254791038768,0,0,6,140.4407647036616
2024-01-18,2024-02-08,2024-02-14,6,Suite,airbnb,21,0.5784535303129142,3,0,2,347.58675378059894
2023-08-12,2023-10-03,2023-10-06,3,Suite,direct,52,0.5444108512344132,1,0,10,256.28405182268045
2024-03-21,2024-04-11,2024-04-19,8,Suite,booking.com,21,0.7905283697586843,3,0,4,229.4276012556519
2023-08-05,2023-09-01,2023-09-05,4,Standard,booking.com,27,0.5463593137286525,4,0,9,137.86167853401417
2024-05-29,2024-07-12,2024-07-13,1,Standard,direct,44,0.5667826112581775,4,0,7,169.5632042147363
2023-04-11,2023-04-14,2023-04-19,5,Deluxe,direct,3,0.6467983855379329,4,0,4,186.3040151284774
2024-05-23,2024-07-21,2024-07-25,4,Suite,airbnb,59,0.8260948351480859,6,1,7,344.1282390877635
2023-04-17,2023-05-23,2023-06-01,9,Suite,direct,36,0.9009700568263399,1,0,5,202.5213688495464
2024-12-07,2024-12-27,2025-01-04,8,Suite,airbnb,20,0.8721597340458815,4,0,12,262.9058219674909
2024-04-17,2024-05-30,2024-06-08,9,Standard,direct,43,0.7240591667789463,3,0,5,81.65886382459156
2023-10-28,2023-12-30,2024-01-05,6,Suite,booking.com,63,0.7064950656089579,5,1,12,286.03651685644013
2024-09-26,2024-10-26,2024-11-03,8,Standard,expedia,30,0.8225788019264202,5,1,10,118.9089402167446
2024-09-28,2024-12-23,2024-12-24,1,Standard,expedia,86,0.9067076483878598,0,0,12,54.04983150033894
2024-02-24,2024-02-26,2024-03-06,9,Standard,booking.com,2,0.7051495007236984,0,0,2,148.08376146183664
2023-08-03,2023-09-23,2023-10-01,8,Suite,booking.com,51,0.7276875196322103,5,1,9,260.44668485739015
2024-03-26,2024-06-23,2024-07-01,8,Standard,airbnb,89,0.5024867757041314,6,1,6,152.78884254931177
2024-06-16,2024-07-03,2024-07-04,1,Deluxe,booking.com,17,0.778929309046044,2,0,7,216.18082233795968
2023-02-14,2023-04-30,2023-05-01,1,Suite,expedia,75,0.8846087613259317,6,1,4,194.99244218775672
2024-09-27,2024-10-03,2024-10-10,7,Standard,booking.com,6,0.8589259906447719,3,0,10,88.74252832724805
2024-08-13,2024-10-17,2024-10-25,8,Suite,booking.com,65,0.683698035337224,3,0,10,208.75181550654983
2023-08-29,2023-11-13,2023-11-14,1,Deluxe,airbnb,76,0.7446966452528303,0,0,11,111.15633248198729
2023-09-14,2023-09-25,2023-10-02,7,Standard,booking.com,11,0.7147675386352865,0,0,9,125.4503494465273
2023-12-25,2024-01-19,2024-01-25,6,Deluxe,booking.com,25,0.5084796734718217,4,0,1,219.93900532977764
2023-07-19,2023-08-29,2023-09-05,7,Suite,booking.com,41,0.6908266406888729,1,0,8,362.56793712844694
2023-10-28,2024-01-18,2024-01-23,5,Deluxe,airbnb,82,0.946268223537227,3,0,1,95.39419410213773
2024-03-07,2024-03-23,2024-03-27,4,Deluxe,direct,16,0.7108713930247575,5,1,3,189.78792584339828
2024-09-07,2024-10-20,2024-10-28,8,Deluxe,expedia,43,0.5841775818047514,6,1,10,166.98185780044486
2023-05-28,2023-06-04,2023-06-12,8,Deluxe,airbnb,7,0.5351979460500692,6,1,6,349.5935848930522
2024-03-27,2024-05-25,2024-05-29,4,Suite,booking.com,59,0.7414389148935719,5,1,5,249.93088316999436
2024-10-20,2025-01-06,2025-01-15,9,Suite,booking.com,78,0.8057484245287465,0,0,1,206.35269552174793
2024-07-17,2024-09-13,2024-09-17,4,Standard,direct,58,0.5473269733183052,4,0,9,116.63209941105437
2023-06-01,2023-08-15,2023-08-17,2,Deluxe,direct,75,0.8204864495824582,1,0,8,171.3011215834354
2023-06-19,2023-09-04,2023-09-11,7,Suite,airbnb,77,0.800519220496615,0,0,9,158.14807869638992
2024-11-11,2025-01-28,2025-02-05,8,Suite,airbnb,78,0.6943451880323263,1,0,1,235.01669430657267
2023-04-28,2023-07-08,2023-07-16,8,Standard,booking.com,71,0.7181693921678141,5,1,7,153.33457936272498
2024-09-11,2024-11-26,2024-11-29,3,Standard,booking.com,76,0.826731824377039,1,0,11,64.30205769881539
2024-05-17,2024-06-24,2024-06-30,6,Standard,expedia,38,0.6765434693876725,0,0,6,148.94245734423177
2024-12-07,2025-03-03,2025-03-07,4,Standard,airbnb,86,0.7129565181488324,0,0,3,68.83200909073594
2024-12-25,2025-02-19,2025-02-24,5,Suite,direct,56,0.78439572381975,2,0,2,247.19193906559838
2024-02-09,2024-02-18,2024-02-23,5,Suite,airbnb,9,0.5385582237034744,6,1,2,484.4961184885713
2023-02-14,2023-02-28,2023-03-09,9,Deluxe,booking.com,14,0.5679947075885301,1,0,2,223.42316145790252
2023-07-19,2023-08-20,2023-08-26,6,Deluxe,expedia,32,0.8033589886851678,6,1,8,239.94963101416556
2023-12-02,2024-02-26,2024-03-05,8,Standard,expedia,86,0.6023840293674854,0,0,2,98.81706176031993
2024-09-12,2024-10-13,2024-10-18,5,Deluxe,direct,31,0.6310814473912281,6,1,10,210.01097029003415
2023-02-13,2023-05-13,2023-05-18,5,Deluxe,direct,89,0.8585209626090464,5,1,5,95.43308554596507
2024-09-14,2024-11-30,2024-12-09,9,Standard,expedia,77,0.5075617010643901,5,1,11,98.32798040675237
2023-08-12,2023-09-21,2023-09-30,9,Suite,booking.com,40,0.5486270802114556,3,0,9,271.90780236011346
2023-06-04,2023-07-14,2023-07-21,7,Standard,expedia,40,0.5555942792461374,4,0,7,152.9223404323687
2023-02-26,2023-04-28,2023-05-06,8,Deluxe,airbnb,61,0.8811815074614515,4,0,4,126.44304903223207
2024-04-02,2024-06-06,2024-06-15,9,Deluxe,expedia,65,0.6262094832902875,3,0,6,190.9284969672432
2023-12-25,2024-03-20,2024-03-21,1,Standard,airbnb,86,0.7118612702929126,2,0,3,66.7643993829029
2023-09-23,2023-10-12,2023-10-14,2,Suite,booking.com,19,0.6872770266487832,3,0,10,288.9724382218761
2023-10-15,2023-12-16,2023-12-24,8,Suite,expedia,62,0.7586730342363627,5,1,12,286.7219158453076
2023-04-29,2023-07-08,2023-07-13,5,Standard,expedia,70,0.7830978882719828,5,1,7,116.87828187103348
2024-01-01,2024-03-10,2024-03-11,1,Standard,direct,69,0.6829608075906235,6,1,3,98.2259562665386
2024-08-15,2024-10-19,2024-10-28,9,Suite,airbnb,65,0.5961630141944859,5,1,10,283.6776704959492
2023-11-19,2023-12-21,2023-12-22,1,Standard,booking.com,32,0.568876047434884,3,0,12,129.82289721702764
2023-03-06,2023-03-09,2023-03-11,2,Deluxe,expedia,3,0.7822413036865853,3,0,3,184.15631849389317
2024-12-21,2024-12-25,2024-12-27,2,Deluxe,direct,4,0.5898002957074153,2,0,12,242.1440238786956
2024-11-18,2025-01-08,2025-01-17,9,Deluxe,expedia,51,0.5508623508357596,2,0,1,179.19575576833296
2023-01-14,2023-01-25,2023-01-31,6,Suite,booking.com,11,0.8622034334133739,2,0,1,296.1065263051689
2024-08-01,2024-09-14,2024-09-18,4,Standard,airbnb,44,0.6450868598486474,5,1,9,116.58209667973921
2024-05-15,2024-05-23,2024-05-29,6,Standard,direct,8,0.652387026397071,3,0,5,110.38529689547217
2023-04-12,2023-05-30,2023-06-07,8,Standard,booking.com,48,0.6532158106488262,1,0,5,81.15255834285531
2023-05-04,2023-05-18,2023-05-24,6,Suite,direct,14,0.5606876721330616,3,0,5,319.3329195650026
2024-05-12,2024-07-03,2024-07-04,1,Standard,direct,52,0.7724501149922152,2,0,7,119.8254725428321
2024-12-02,2024-12-17,2024-12-22,5,Deluxe,expedia,15,0.9151086272727316,1,0,12,164.23946870613347
2023-09-09,2023-11-20,2023-11-22,2,Deluxe,booking.com,72,0.7463069731308507,0,0,11,106.68273074560032
2023-05-09,2023-05-15,2023-05-19,4,Suite,expedia,6,0.6988569417338305,0,0,5,280.56295925521454
2023-11-03,2023-11-16,2023-11-21,5,Suite,direct,13,0.6767534708479379,3,0,11,296.8761489806968
2024-03-28,2024-05-18,2024-05-27,9,Deluxe,direct,51,0.5024753975619334,5,1,5,199.78832752868922
2024-12-08,2025-03-06,2025-03-11,5,Suite,airbnb,88,0.6633799088782492,3,0,3,179.32292245224141
2023-11-11,2023-12-29,2024-01-01,3,Deluxe,airbnb,48,0.9103267568213269,4,0,12,150.87531623463406
2023-10-12,2023-12-17,2023-12-22,5,Deluxe,airbnb,66,0.9142911606733329,6,1,12,143.7538689945772
2023-05-25,2023-06-07,2023-06-15,8,Standard,direct,13,0.9470263674010639,2,0,6,145.42611324340507
2024-07-01,2024-08-02,2024-08-10,8,Suite,expedia,32,0.7292044840233238,4,0,8,362.4694407913012
2023-01-18,2023-02-05,2023-02-12,7,Suite,airbnb,18,0.917796348795354,6,1,2,321.543494065196
2024-11-23,2025-01-24,2025-01-30,6,Standard,direct,62,0.5594517639168511,4,0,1,116.98137534908663
2023-08-03,2023-09-05,2023-09-10,5,Standard,booking.com,33,0.8961242656128189,1,0,9,86.04026174054628
2023-03-26,2023-06-07,2023-06-11,4,Suite,airbnb,73,0.7914012774677381,2,0,6,270.3599125260388
2024-09-30,2024-11-27,2024-12-05,8,Standard,direct,58,0.699555432811874,2,0,11,82.68686951105602
2024-09-22,2024-10-26,2024-10-27,1,Suite,booking.com,34,0.7479897922864771,5,1,10,276.3728697210498
2023-10-19,2023-12-04,2023-12-05,1,Suite,airbnb,46,0.5641836868699406,0,0,12,306.12446183841035
2023-03-03,2023-04-27,2023-05-04,7,Deluxe,direct,55,0.7148190047657889,3,0,4,120.78950462280038
2023-05-03,2023-06-12,2023-06-17,5,Standard,airbnb,40,0.9452618696314459,0,0,6,95.16198087398679
2023-03-31,2023-06-26,2023-06-28,2,Deluxe,expedia,87,0.7048757916153904,0,0,6,158.55971656466133
2023-11-23,2024-01-18,2024-01-27,9,Deluxe,airbnb,56,0.604830550256737,3,0,1,167.71174905749615
2024-01-16,2024-04-05,2024-04-08,3,Suite,airbnb,80,0.8246230717317117,4,0,4,154.5807081022083
2024-11-02,2024-11-30,2024-12-03,3,Standard,direct,28,0.7630042110388185,5,1,11,130.59595253595313
2024-10-23,2024-12-03,2024-12-04,1,Standard,booking.com,41,0.5438804769877384,1,0,12,131.89218362949052
2023-11-14,2023-12-27,2024-01-04,8,Standard,expedia,43,0.7478161055019843,2,0,12,116.2502867998515
2023-02-08,2023-02-17,2023-02-18,1,Standard,direct,9,0.84921122204492,4,0,2,106.85905726261582
2024-06-02,2024-07-18,2024-07-21,3,Suite,airbnb,46,0.6271579744684378,3,0,7,376.183702159207
2023-04-04,2023-05-01,2023-05-08,7,Deluxe,expedia,27,0.594137017231752,0,0,5,192.44919520443426
2023-10-25,2023-12-10,2023-12-14,4,Standard,direct,46,0.8360892732120557,6,1,12,132.5624922462959
2024-11-06,2025-01-18,2025-01-22,4,Standard,booking.com,73,0.9466668185456989,5,1,1,89.1616014322135
2023-04-10,2023-04-19,2023-04-25,6,Standard,airbnb,9,0.8244630479613444,2,0,4,94.36158720121745
2023-12-04,2024-02-02,2024-02-03,1,Standard,expedia,60,0.7533684452589842,4,0,2,106.53172526220234
2023-06-27,2023-07-19,2023-07-27,8,Deluxe,expedia,22,0.8941262574850555,2,0,7,210.58496764167205
2023-12-09,2023-12-12,2023-12-21,9,Suite,expedia,3,0.8254531853884457,1,0,12,327.88438459867456
2023-04-02,2023-06-09,2023-06-10,1,Standard,booking.com,68,0.8192342859918507,4,0,6,115.33950380755803
2024-08-26,2024-09-21,2024-09-26,5,Standard,airbnb,26,0.5146334184028714,5,1,9,145.7524820268239
2024-09-04,2024-09-11,2024-09-20,9,Standard,airbnb,7,0.5654714555366488,2,0,9,118.40519739833424
2024-02-17,2024-04-08,2024-04-14,6,Suite,airbnb,51,0.786416558998076,0,0,4,216.61139402027115
2024-08-27,2024-10-30,2024-10-31,1,Suite,booking.com,64,0.9406119785130375,2,0,10,168.05133294547844
2024-07-27,2024-08-16,2024-08-24,8,Deluxe,expedia,20,0.5966717251463036,4,0,8,254.49503285668757
2023-02-08,2023-03-29,2023-04-02,4,Suite,booking.com,49,0.6953616755859362,2,0,3,227.98226122736196
2023-04-09,2023-06-16,2023-06-24,8,Suite,booking.com,68,0.8029586868240917,4,0,6,287.28464649642433
2024-07-14,2024-09-07,2024-09-15,8,Suite,booking.com,55,0.5103552346097604,5,1,9,300.42591567488915
2024-01-22,2024-04-12,2024-04-15,3,Standard,airbnb,81,0.709844702033638,4,0,4,51.14920856397738
2024-06-21,2024-06-23,2024-06-27,4,Suite,direct,2,0.8095998413872734,6,1,6,491.567778385131
2023-06-18,2023-08-08,2023-08-10,2,Deluxe,direct,51,0.891442041853074,1,0,8,167.88757272579298
2023-07-26,2023-10-10,2023-10-17,7,Deluxe,booking.com,76,0.5059615963846639,1,0,10,126.77835586556805
2023-06-06,2023-06-16,2023-06-21,5,Suite,booking.com,10,0.7004569996248589,4,0,6,432.1883996994286
2023-07-03,2023-07-18,2023-07-25,7,Suite,booking.com,15,0.920400548054215,1,0,7,341.8943584130751
2024-08-23,2024-10-23,2024-10-25,2,Standard,booking.com,61,0.8579318437833288,2,0,10,81.1871010721062
2024-12-28,2025-01-28,2025-02-06,9,Suite,expedia,31,0.5500221910770312,1,0,1,350.30719878983086
2023-03-14,2023-04-14,2023-04-22,8,Standard,airbnb,31,0.5896672334501742,4,0,4,123.97891379659646
2024-11-19,2024-12-15,2024-12-23,8,Standard,expedia,26,0.5384762160196124,6,1,12,174.4431382646746
2023-08-23,2023-09-15,2023-09-16,1,Standard,booking.com,23,0.783890756108452,4,0,9,86.04066806074285
2023-06-23,2023-09-12,2023-09-20,8,Suite,booking.com,81,0.8608617770568514,1,0,9,154.20522239880543
2024-08-14,2024-09-11,2024-09-13,2,Suite,expedia,28,0.7228043730831158,2,0,9,255.8543721178424
2023-12-31,2024-01-09,2024-01-18,9,Deluxe,booking.com,9,0.6438922572392667,1,0,1,205.3340775209794
2024-05-08,2024-05-23,2024-05-24,1,Deluxe,direct,15,0.5515776847186834,3,0,5,176.78292807384423
2024-07-10,2024-09-01,2024-09-06,5,Suite,direct,53,0.8506440931765985,6,1,9,220.45229137338285
2023-01-19,2023-01-27,2023-02-01,5,Standard,airbnb,8,0.8948314299049035,4,0,1,122.72636076031274
2024-05-06,2024-06-11,2024-06-20,9,Deluxe,direct,36,0.5636091814819814,1,0,6,255.9588591199782
2023-07-26,2023-08-14,2023-08-19,5,Suite,booking.com,19,0.5225368276986392,0,0,8,452.8776739869055
2024-12-11,2025-01-27,2025-01-29,2,Standard,expedia,47,0.5980526102214229,0,0,1,123.23592533114979
2023-05-29,2023-06-08,2023-06-11,3,Deluxe,direct,10,0.5512082818592828,3,0,6,291.1880913241497
2023-08-05,2023-10-19,2023-10-21,2,Standard,booking.com,75,0.9396433599957081,3,0,10,59.8412550550096
2023-12-15,2024-01-17,2024-01-21,4,Deluxe,direct,33,0.5154100456807331,2,0,1,197.77991868686885
2023-04-21,2023-04-23,2023-04-29,6,Suite,direct,2,0.5470333951657493,6,1,4,403.5449303129179
2024-09-01,2024-11-04,2024-11-09,5,Deluxe,airbnb,64,0.7495180688545591,0,0,11,121.74753059693082
2023-03-09,2023-05-26,2023-05-31,5,Suite,booking.com,78,0.7190901815790388,4,0,5,174.0455370056919
2023-04-27,2023-05-12,2023-05-20,8,Standard,direct,15,0.8383238280421295,4,0,5,82.47244961984465
2024-12-21,2025-02-11,2025-02-16,5,Suite,expedia,52,0.5399871671204666,1,0,2,301.44532188699765
2023-01-31,2023-02-19,2023-02-25,6,Suite,airbnb,19,0.8048054156647835,6,1,2,369.48665420768117
2024-10-01,2024-12-23,2024-12-27,4,Suite,airbnb,83,0.5891287849489869,0,0,12,227.2321076308867
2024-03-28,2024-05-22,2024-05-28,6,Standard,airbnb,55,0.6600667944851961,2,0,5,93.46666443577315
2024-05-04,2024-07-07,2024-07-12,5,Suite,booking.com,64,0.5509777568054052,6,1,7,400.6218331985097
2024-09-24,2024-11-28,2024-12-05,7,Suite,booking.com,65,0.6932201591681324,3,0,11,207.27607371983987
2023-10-26,2024-01-19,2024-01-20,1,Deluxe,expedia,85,0.6457626512820782,4,0,1,134.57398133956653
2023-08-22,2023-08-26,2023-08-28,2,Deluxe,booking.com,4,0.8290840025604064,5,1,8,300.50796852635955
2023-02-08,2023-04-17,2023-04-23,6,Deluxe,airbnb,68,0.6949127083571115,0,0,4,116.55990220152779
2024-06-08,2024-09-03,2024-09-12,9,Standard,direct,87,0.725459483095604,1,0,9,61.34600456167621
2024-10-21,2024-11-19,2024-11-24,5,Suite,direct,29,0.7580903793952598,1,0,11,241.81580926603237
2024-06-04,2024-07-13,2024-07-22,9,Standard,direct,39,0.5848022207018704,5,1,7,196.7114088561892
2024-04-29,2024-07-13,2024-07-16,3,Suite,airbnb,75,0.6885443705508811,5,1,7,354.9622597551926
2023-11-06,2023-11-26,2023-12-05,9,Suite,airbnb,20,0.6522506626466764,6,1,11,332.7751529812997
2024-03-02,2024-03-26,2024-03-30,4,Suite,expedia,24,0.7686364861032917,1,0,3,249.90858853806537
2023-12-27,2024-02-12,2024-02-21,9,Suite,booking.com,47,0.9345422294728941,0,0,2,219.787052314768
2023-11-26,2024-02-15,2024-02-20,5,Suite,expedia,81,0.9342956337540407,3,0,2,185.46218066221638
2023-09-01,2023-11-02,2023-11-06,4,Suite,expedia,62,0.8046178452587346,3,0,11,194.87160712697687
2024-10-11,2024-10-13,2024-10-18,5,Standard,booking.com,2,0.5457672170965866,6,1,10,145.8370200818845
2023-10-21,2023-10-23,2023-11-01,9,Standard,direct,2,0.5320911707304797,0,0,10,116.81707079494052
2023-02-27,2023-05-18,2023-05-21,3,Suite,direct,80,0.7631858895514417,3,0,5,177.41861523586832
2023-12-30,2024-03-28,2024-03-29,1,Standard,expedia,89,0.5591326690433142,3,0,3,72.3428345516632
2024-02-20,2024-03-14,2024-03-22,8,Standard,expedia,23,0.6785061750086274,3,0,3,108.77356760665492
2023-01-01,2023-02-08,2023-02-16,8,Deluxe,booking.com,38,0.9499049076969601,2,0,2,125.48765022137194
2024-07-12,2024-09-21,2024-09-23,2,Deluxe,expedia,71,0.5248382337355947,5,1,9,169.91712001574368
2024-07-09,2024-09-14,2024-09-18,4,Standard,airbnb,67,0.6765666692377366,5,1,9,91.78054439804271
2024-09-20,2024-11-30,2024-12-06,6,Deluxe,expedia,71,0.5797055998832897,5,1,11,152.10766538073347
2024-12-13,2024-12-28,2024-12-29,1,Deluxe,expedia,15,0.8879671246550815,5,1,12,189.41244694967122
2024-07-13,2024-09-08,2024-09-12,4,Standard,booking.com,57,0.6499310914865137,6,1,9,113.51885098876407
2023-07-25,2023-08-04,2023-08-13,9,Deluxe,airbnb,10,0.6016113669485367,4,0,8,279.48457054237315
2024-05-11,2024-07-01,2024-07-09,8,Standard,expedia,51,0.5659587275031789,0,0,7,168.12889849685098
2023-09-30,2023-12-08,2023-12-11,3,Standard,booking.com,69,0.9082468395774975,4,0,12,91.1311680630482
2023-01-12,2023-03-02,2023-03-03,1,Standard,airbnb,49,0.742802515174812,3,0,3,82.80114713561103
2024-10-12,2024-11-21,2024-11-30,9,Standard,expedia,40,0.679929018256878,3,0,11,100.03981553983039
2023-12-05,2024-02-24,2024-02-28,4,Suite,direct,81,0.7828588851157592,5,1,2,241.91047674305418
